### image=233a54d6c41b suffix=oldbug COLD cache
2026-06-07 08:44:26,069 [INFO] fields.train: Fields Olmo-3 SFT | experiment=olmo_1b_bf16 size=1b precision=bf16 seq_len=8192
2026-06-07 08:44:26,069 [INFO] fields.train: workdir=/tmp/olmo-sft/work  output=/tmp/olmo-sft/output  logdir=/tmp/olmo-sft/output/logs
2026-06-07 08:44:26,069 [INFO] fields.train: HF_HOME -> /tmp/olmo-sft/work/hf_cache (under workdir)
2026-06-07 08:44:26,070 [INFO] fields.train: writes -> /tmp/olmo-sft/work (per-node scratch /tmp/olmo-sft/work/node/93aaad528d0a; hf_cache + wandb shared)
2026-06-07 08:44:26,070 [INFO] fields.train: PATH pinned (in-image dirs first): /opt/fields/bin:/opt/conda/bin:/root/.local/bin:/usr/local/sbin:/usr/local/bin:/usr/sbin:/usr/bin:/sbin:/bin:/usr/local/nvidia/bin:/usr/local/cuda/bin:/root/.cargo/bin
2026-06-07 08:44:26,070 [INFO] fields.train: preflight: /opt/conda/bin/python /app/smoke_test.py --workdir /tmp/olmo-sft/work --output /tmp/olmo-sft/output --require-hf
Skipping import of cpp extensions due to incompatible torch version 2.10.0+cu130 for torchao version 0.15.0             Please see https://github.com/pytorch/ao/issues/2919 for more info
==============================================================================
Fields container smoke test
  workdir=/tmp/olmo-sft/work  output=/tmp/olmo-sft/output  OLMo-core=/workspace/OLMo-core
==============================================================================

Checks:
  [✓] python                           PASS python 3.12.13
  [✓] nvidia-smi (GPUs visible)        PASS 2 GPU(s): NVIDIA GeForce RTX 3090, 24576 MiB, 8.6
  [✓] torch CUDA                       PASS torch 2.10.0+cu130 | 2 GPU | sm_86  (expected sm_90+ on H200)
  [✓] FP8 (_scaled_mm)                 PASS torch._scaled_mm present; FP8-capable arch sm_86
  [✓] hf auth whoami                   PASS hf user: [32m✓ Logged in[0m
  [✓] wandb login --verify             PASS wandb: Currently logged in as: hav4ik to https://api.wandb.ai. Use `wandb login --relogin` to force relogin
  [✓] core files exist                 PASS 8 core files present
  [✓] workdir/output writable          PASS workdir ok; output ok
  [✓] free disk                        PASS min free 1034 GB (need ~150 GB for 7B)
  [✓] libnvrtc linker fix              PASS libnvrtc on ld path: 1 entrie(s)
  [✓] import olmo_core                 PASS olmo_core ok (nn.transformer imports)
  [✓] import flash_attn                PASS flash_attn 2.8.1
  [✓] import transformer_engine        PASS transformer_engine 2.9.0
  [✓] import ring_flash_attn           PASS ring_flash_attn imports (transformers shim ok)
  [✓] convert_to_hf runs               PASS convert_to_hf --help imports cleanly
  [✓] torchrun present                 PASS torchrun on PATH
  [✓] HF hub reachable                 PASS reached hub; base model siblings=16

==============================================================================
RESULT: 17 checks | 0 FAIL | 0 WARN | 17 PASS
==============================================================================
All green — container ready to train.
2026-06-07 08:44:39,422 [INFO] fields.train: batching | global=16384 tok | seq_len=8192 | cp_degree~1 | rank_microbatch=auto (1 seq/rank, ~8192 tok/GPU) | ac_budget=0.8
2026-06-07 08:44:39,422 [INFO] fields.train: using baked code at /app/code
wandb: [wandb.login()] Loaded credentials for https://api.wandb.ai from WANDB_API_KEY.
wandb: Currently logged in as: hav4ik to https://api.wandb.ai. Use `wandb login --relogin` to force relogin
wandb: Tracking run with wandb version 0.27.0
wandb: Run data is saved locally in /tmp/olmo-sft/output/wandb/wandb/run-20260607_084440-olmo3-1b-sft-bf16-oldbug
wandb: Run `wandb offline` to turn off syncing.
wandb: Syncing run olmo3-1b-sft-bf16-oldbug
wandb: ⭐️ View project at https://wandb.ai/hav4ik/olmo3-7b-sft
wandb: 🚀 View run at https://wandb.ai/hav4ik/olmo3-7b-sft/runs/olmo3-1b-sft-bf16-oldbug
2026-06-07 08:44:41,372 [INFO] fields.train: W&B run open (id=olmo3-1b-sft-bf16-oldbug, project=olmo3-7b-sft) — the training worker resumes this same run
2026-06-07 08:44:41,406 [INFO] fields.train: upload watcher started (poll every 300s, 90min/upload cap, CPU-only, ships each new checkpoint)
2026-06-07 08:44:41,406 [INFO] fields.train: exec: bash /app/code/olmocore/run.sh
[olmocore] run: olmo3-1b-sft-bf16-oldbug
wandb: updating run metadata; uploading summary
wandb: uploading wandb-metadata.json; uploading requirements.txt
wandb: 
wandb: Run summary:
wandb:     setup/phase training
wandb: setup/total_sec 0
wandb: 
wandb: 🚀 View run olmo3-1b-sft-bf16-oldbug at: https://wandb.ai/hav4ik/olmo3-7b-sft/runs/olmo3-1b-sft-bf16-oldbug
wandb: ⭐️ View project at: https://wandb.ai/hav4ik/olmo3-7b-sft
wandb: Synced 5 W&B file(s), 0 media file(s), 0 artifact file(s) and 0 other file(s)
wandb: Find logs at: /tmp/olmo-sft/output/wandb/wandb/run-20260607_084440-olmo3-1b-sft-bf16-oldbug/logs
[olmocore] bf16 | 1x2 GPU cc=8.6 | attn=torch | cp=ring | ac=0.8 | fp8=off | optim=fused_adamw | ckpt=1000/500/keep2 | node 0/1 | 3 steps
W0607 08:44:42.459000 239 site-packages/torch/distributed/run.py:852] 
W0607 08:44:42.459000 239 site-packages/torch/distributed/run.py:852] *****************************************
W0607 08:44:42.459000 239 site-packages/torch/distributed/run.py:852] Setting OMP_NUM_THREADS environment variable for each process to be 1 in default, to avoid your system being overloaded, please further tune the variable for optimal performance in your application as needed. 
W0607 08:44:42.459000 239 site-packages/torch/distributed/run.py:852] *****************************************
Skipping import of cpp extensions due to incompatible torch version 2.10.0+cu130 for torchao version 0.15.0             Please see https://github.com/pytorch/ao/issues/2919 for more info
Skipping import of cpp extensions due to incompatible torch version 2.10.0+cu130 for torchao version 0.15.0             Please see https://github.com/pytorch/ao/issues/2919 for more info
Setting env var 'TORCH_NCCL_AVOID_RECORD_STREAMS' to '1'
Setting env var 'TORCH_DIST_INIT_BARRIER' to '1'
Setting env var 'TORCH_NCCL_AVOID_RECORD_STREAMS' to '1'
Setting env var 'TORCH_DIST_INIT_BARRIER' to '1'
Initializing process group with timeout=datetime.timedelta(seconds=900)...
Initializing process group with timeout=datetime.timedelta(seconds=900)...
[Gloo] Rank 1 is connected to 1 peer ranks. [Gloo] Rank Expected number of connected peer ranks is : 01 is connected to 1
 peer ranks. Expected number of connected peer ranks is : 1
[W607 08:44:47.304380970 ProcessGroupNCCL.cpp:929] Warning: TORCH_NCCL_AVOID_RECORD_STREAMS is the default now, this environment variable is thus deprecated. (function operator())
[W607 08:44:47.304381500 ProcessGroupNCCL.cpp:929] Warning: TORCH_NCCL_AVOID_RECORD_STREAMS is the default now, this environment variable is thus deprecated. (function operator())
Global rank 1 = local rank 1 = file system local rank 1
Global rank 0 = local rank 0 = file system local rank 0
2026-06-07 08:44:47.721	93aaad528d0a:1	olmo_core.utils:237	WARNING	Will skip setting env var 'OMP_NUM_THREADS' since it's already set to '8'
2026-06-07 08:44:47.721	93aaad528d0a:0	olmo_core.utils:237	WARNING	Will skip setting env var 'OMP_NUM_THREADS' since it's already set to '8'
2026-06-07 08:44:47.721	93aaad528d0a:0	olmo_core.utils:237	INFO	Setting env var 'TOKENIZERS_PARALLELISM' to 'false'
2026-06-07 08:44:47.721	93aaad528d0a:0	olmo_core.train:148	INFO	Using distributed backend cpu:gloo,cuda:nccl
2026-06-07 08:44:47.721	93aaad528d0a:1	__main__:604	WARNING	OLMO_OPTIM_DTYPE applies only to the skip_step optimizer; fused AdamW keeps fp32 state
Batch size config (before overrides):
BatchSizeConfig(
    global_batch_size_tokens=16384,
    sequence_length=8192,
    world_size=2,
    gpu_type='h100',
    rank_microbatch_size_tokens=8192,
    rank_microbatch_size_sequences=1,
    grad_accum_steps=1,
    cp_degree=None
)
2026-06-07 08:44:47.724	93aaad528d0a:0	__main__:604	WARNING	OLMO_OPTIM_DTYPE applies only to the skip_step optimizer; fused AdamW keeps fp32 state
SFTConfig(
    run_name='olmo3-1b-sft-bf16-oldbug',
    launch=None,
    model=TransformerConfig(
        d_model=2048,
        vocab_size=100352,
        n_layers=16,
        block=TransformerBlockConfig(
            sequence_mixer=AttentionConfig(
                name='default',
                n_heads=16,
                n_kv_heads=None,
                head_dim=None,
                bias=False,
                gate=None,
                rope=RoPEConfig(name='default', theta=500000, full_precision=True, no_global_rope=False, scaling=None),
                clip_qkv=None,
                qk_norm=LayerNormConfig(name='rms', eps=1e-06, elementwise_affine=None, bias=False, full_precision=None, dtype='float32'),
                dropout=None,
                use_flash=None,
                backend='torch',
                dtype='float32',
                sliding_window=None,
                use_head_qk_norm=False
            ),
            layer_norm=LayerNormConfig(name='rms', eps=1e-06, elementwise_affine=None, bias=False, full_precision=None, dtype='float32'),
            feed_forward=FeedForwardConfig(hidden_size=8192, name='default', bias=False, dtype='float32', activation='silu'),
            feed_forward_moe=None,
            name='reordered_norm',
            dropout=None,
            attention_residual_alpha=None,
            feed_forward_residual_alpha=None
        ),
        lm_head=LMHeadConfig(
            name='default',
            layer_norm=LayerNormConfig(name='rms', eps=1e-06, elementwise_affine=None, bias=False, full_precision=None, dtype='float32'),
            bias=False,
            dtype='float32',
            loss_implementation='fused_linear'
        ),
        embedding_norm=None,
        name='default',
        dtype='float32',
        init_method='normal',
        init_seed=0,
        init_std=0.02,
        embedding_init_std=None,
        freeze_params=None,
        block_pattern=None,
        block_overrides=None,
        embed_scale=None
    ),
    dataset=NumpyPackedFSLDatasetConfig(
        tokenizer=TokenizerConfig(vocab_size=100278, eos_token_id=100257, pad_token_id=100277, bos_token_id=None, identifier='allenai/dolma2-tokenizer'),
        paths=['/tmp/olmo-sft/work/datasets/fields/olmocore/token_ids_part_*.npy'],
        mix=None,
        mix_base_dir=None,
        expand_glob=True,
        dtype=None,
        metadata=None,
        include_instance_metadata=True,
        instance_filter_config=None,
        source_permutation_seed=None,
        work_dir='/tmp/olmo-sft/output/internal/_work',
        ignore_fingerprint_mismatch=False,
        sequence_length=8192,
        generate_doc_lengths=False,
        label_mask_paths=['/tmp/olmo-sft/work/datasets/fields/olmocore/labels_mask_*.npy'],
        long_doc_strategy='truncate',
        source_group_size=1
    ),
    data_loader=NumpyDataLoaderConfig(
        global_batch_size=16384,
        seed=34521,
        work_dir=None,
        num_threads=None,
        num_workers=4,
        prefetch_factor=None,
        target_device_type=None,
        ignore_fingerprint_mismatch=False
    ),
    train_module=TransformerTrainModuleConfig(
        rank_microbatch_size=8192,
        max_sequence_length=8192,
        optim=AdamWConfig(group_overrides=None, compile=False, fixed_fields=('initial_lr',), lr=1e-12, betas=(0.9, 0.95), eps=1e-08, weight_decay=0.0, foreach=None, fused=True),
        max_grad_norm=1.0,
        scheduler=LinearWithWarmup(
            lr_field='lr',
            initial_lr_field='initial_lr',
            units='steps',
            alpha_f=0.0,
            t_max=None,
            warmup=None,
            warmup_steps=None,
            warmup_fraction=0.03,
            warmup_min_lr=0.0
        ),
        compile_model=True,
        float8_config=None,
        pp_config=None,
        dp_config=TransformerDataParallelConfig(
            name='hsdp',
            param_dtype='bfloat16',
            reduce_dtype='float32',
            num_replicas=None,
            shard_degree=2,
            wrapping_strategy='full',
            prefetch_factor=0
        ),
        tp_config=None,
        cp_config=None,
        ep_config=None,
        ac_config=TransformerActivationCheckpointingConfig(mode='budget', block_interval=None, modules=None, activation_memory_budget=0.8),
        z_loss_multiplier=None,
        state_dict_save_opts=None,
        state_dict_load_opts=None,
        load_key_mapping=None,
        autocast_precision=None,
        label_ignore_index=-100
    ),
    trainer=TrainerConfig(
        save_folder='/tmp/olmo-sft/output/internal/checkpoints/fields/olmo-sft/olmo3-1b-sft-bf16-oldbug',
        work_dir=None,
        load_path=None,
        load_strategy='never',
        load_optim_state=None,
        load_trainer_state=None,
        checkpointer=CheckpointerConfig(work_dir=None, save_overwrite=None, pre_download=False, save_thread_count=1, load_thread_count=32, throttle_uploads=True),
        device=None,
        save_overwrite=True,
        max_duration=Duration(value=3, unit='steps'),
        cancel_check_interval=10,
        hard_stop=None,
        metrics_collect_interval=10,
        callbacks={
            'gpu_monitor': GPUMemoryMonitorCallback(device_id=None, _num_alloc_retries=0),
            'config_saver': ConfigSaverCallback(fname='config.json', save_data_paths=None, data_paths_fname=None, _config=None),
            'garbage_collector': GarbageCollectorCallback(gc_interval=1000, enabled=True, _start_state=None),
            'checkpointer': CheckpointerCallback(
                save_interval=1000,
                ephemeral_save_interval=500,
                pre_train_checkpoint=None,
                save_async=True,
                remove='ephemeral_only',
                ephemeral_cooldown=None,
                fixed_steps=None,
                enabled=True,
                _latest_checkpoint_step=-1,
                _latest_checkpoint_path='',
                _checkpoints=[],
                _ephemeral_checkpoints=[],
                _checkpoints_to_remove=[]
            ),
            'checkpoint_retention': KeepLastNCheckpoints(keep_last=2, save_interval=1000, _persistent=[]),
            'wandb': WandBCallback(
                enabled=True,
                name='olmo3-1b-sft-bf16-oldbug',
                project='olmo3-7b-sft',
                entity=None,
                group=None,
                tags=None,
                notes=None,
                config=None,
                cancel_tags=['cancel', 'canceled', 'cancelled'],
                cancel_check_interval=10,
                _finalized=False
            )
        },
        async_bookkeeping=None,
        bookkeeping_soft_timeout=30,
        no_checkpoints=False,
        no_evals=False,
        steps_to_skip=None
    ),
    init_seed=33333
)
SFTConfig(
    run_name='olmo3-1b-sft-bf16-oldbug',
    launch=None,
    model=TransformerConfig(
        d_model=2048,
        vocab_size=100352,
        n_layers=16,
        block=TransformerBlockConfig(
            sequence_mixer=AttentionConfig(
                name='default',
                n_heads=16,
                n_kv_heads=None,
                head_dim=None,
                bias=False,
                gate=None,
                rope=RoPEConfig(name='default', theta=500000, full_precision=True, no_global_rope=False, scaling=None),
                clip_qkv=None,
                qk_norm=LayerNormConfig(name='rms', eps=1e-06, elementwise_affine=None, bias=False, full_precision=None, dtype='float32'),
                dropout=None,
                use_flash=None,
                backend='torch',
                dtype='float32',
                sliding_window=None,
                use_head_qk_norm=False
            ),
            layer_norm=LayerNormConfig(name='rms', eps=1e-06, elementwise_affine=None, bias=False, full_precision=None, dtype='float32'),
            feed_forward=FeedForwardConfig(hidden_size=8192, name='default', bias=False, dtype='float32', activation='silu'),
            feed_forward_moe=None,
            name='reordered_norm',
            dropout=None,
            attention_residual_alpha=None,
            feed_forward_residual_alpha=None
        ),
        lm_head=LMHeadConfig(
            name='default',
            layer_norm=LayerNormConfig(name='rms', eps=1e-06, elementwise_affine=None, bias=False, full_precision=None, dtype='float32'),
            bias=False,
            dtype='float32',
            loss_implementation='fused_linear'
        ),
        embedding_norm=None,
        name='default',
        dtype='float32',
        init_method='normal',
        init_seed=0,
        init_std=0.02,
        embedding_init_std=None,
        freeze_params=None,
        block_pattern=None,
        block_overrides=None,
        embed_scale=None
    ),
    dataset=NumpyPackedFSLDatasetConfig(
        tokenizer=TokenizerConfig(vocab_size=100278, eos_token_id=100257, pad_token_id=100277, bos_token_id=None, identifier='allenai/dolma2-tokenizer'),
        paths=['/tmp/olmo-sft/work/datasets/fields/olmocore/token_ids_part_*.npy'],
        mix=None,
        mix_base_dir=None,
        expand_glob=True,
        dtype=None,
        metadata=None,
        include_instance_metadata=True,
        instance_filter_config=None,
        source_permutation_seed=None,
        work_dir='/tmp/olmo-sft/output/internal/_work',
        ignore_fingerprint_mismatch=False,
        sequence_length=8192,
        generate_doc_lengths=False,
        label_mask_paths=['/tmp/olmo-sft/work/datasets/fields/olmocore/labels_mask_*.npy'],
        long_doc_strategy='truncate',
        source_group_size=1
    ),
    data_loader=NumpyDataLoaderConfig(
        global_batch_size=16384,
        seed=34521,
        work_dir=None,
        num_threads=None,
        num_workers=4,
        prefetch_factor=None,
        target_device_type=None,
        ignore_fingerprint_mismatch=False
    ),
    train_module=TransformerTrainModuleConfig(
        rank_microbatch_size=8192,
        max_sequence_length=8192,
        optim=AdamWConfig(group_overrides=None, compile=False, fixed_fields=('initial_lr',), lr=1e-12, betas=(0.9, 0.95), eps=1e-08, weight_decay=0.0, foreach=None, fused=True),
        max_grad_norm=1.0,
        scheduler=LinearWithWarmup(
            lr_field='lr',
            initial_lr_field='initial_lr',
            units='steps',
            alpha_f=0.0,
            t_max=None,
            warmup=None,
            warmup_steps=None,
            warmup_fraction=0.03,
            warmup_min_lr=0.0
        ),
        compile_model=True,
        float8_config=None,
        pp_config=None,
        dp_config=TransformerDataParallelConfig(
            name='hsdp',
            param_dtype='bfloat16',
            reduce_dtype='float32',
            num_replicas=None,
            shard_degree=2,
            wrapping_strategy='full',
            prefetch_factor=0
        ),
        tp_config=None,
        cp_config=None,
        ep_config=None,
        ac_config=TransformerActivationCheckpointingConfig(mode='budget', block_interval=None, modules=None, activation_memory_budget=0.8),
        z_loss_multiplier=None,
        state_dict_save_opts=None,
        state_dict_load_opts=None,
        load_key_mapping=None,
        autocast_precision=None,
        label_ignore_index=-100
    ),
    trainer=TrainerConfig(
        save_folder='/tmp/olmo-sft/output/internal/checkpoints/fields/olmo-sft/olmo3-1b-sft-bf16-oldbug',
        work_dir=None,
        load_path=None,
        load_strategy='never',
        load_optim_state=None,
        load_trainer_state=None,
        checkpointer=CheckpointerConfig(work_dir=None, save_overwrite=None, pre_download=False, save_thread_count=1, load_thread_count=32, throttle_uploads=True),
        device=None,
        save_overwrite=True,
        max_duration=Duration(value=3, unit='steps'),
        cancel_check_interval=10,
        hard_stop=None,
        metrics_collect_interval=10,
        callbacks={
            'gpu_monitor': GPUMemoryMonitorCallback(device_id=None, _num_alloc_retries=0),
            'config_saver': ConfigSaverCallback(fname='config.json', save_data_paths=None, data_paths_fname=None, _config=None),
            'garbage_collector': GarbageCollectorCallback(gc_interval=1000, enabled=True, _start_state=None),
            'checkpointer': CheckpointerCallback(
                save_interval=1000,
                ephemeral_save_interval=500,
                pre_train_checkpoint=None,
                save_async=True,
                remove='ephemeral_only',
                ephemeral_cooldown=None,
                fixed_steps=None,
                enabled=True,
                _latest_checkpoint_step=-1,
                _latest_checkpoint_path='',
                _checkpoints=[],
                _ephemeral_checkpoints=[],
                _checkpoints_to_remove=[]
            ),
            'checkpoint_retention': KeepLastNCheckpoints(keep_last=2, save_interval=1000, _persistent=[]),
            'wandb': WandBCallback(
                enabled=True,
                name='olmo3-1b-sft-bf16-oldbug',
                project='olmo3-7b-sft',
                entity=None,
                group=None,
                tags=None,
                notes=None,
                config=None,
                cancel_tags=['cancel', 'canceled', 'cancelled'],
                cancel_check_interval=10,
                _finalized=False
            )
        },
        async_bookkeeping=None,
        bookkeeping_soft_timeout=30,
        no_checkpoints=False,
        no_evals=False,
        steps_to_skip=None
    ),
    init_seed=33333
)
SFTConfig(
    run_name='olmo3-1b-sft-bf16-oldbug',
    launch=None,
    model=TransformerConfig(
        d_model=2048,
        vocab_size=100352,
        n_layers=16,
        block=TransformerBlockConfig(
            sequence_mixer=AttentionConfig(
                name='default',
                n_heads=16,
                n_kv_heads=None,
                head_dim=None,
                bias=False,
                gate=None,
                rope=RoPEConfig(name='default', theta=500000, full_precision=True, no_global_rope=False, scaling=None),
                clip_qkv=None,
                qk_norm=LayerNormConfig(name='rms', eps=1e-06, elementwise_affine=None, bias=False, full_precision=None, dtype='float32'),
                dropout=None,
                use_flash=None,
                backend='torch',
                dtype='float32',
                sliding_window=None,
                use_head_qk_norm=False
            ),
            layer_norm=LayerNormConfig(name='rms', eps=1e-06, elementwise_affine=None, bias=False, full_precision=None, dtype='float32'),
            feed_forward=FeedForwardConfig(hidden_size=8192, name='default', bias=False, dtype='float32', activation='silu'),
            feed_forward_moe=None,
            name='reordered_norm',
            dropout=None,
            attention_residual_alpha=None,
            feed_forward_residual_alpha=None
        ),
        lm_head=LMHeadConfig(
            name='default',
            layer_norm=LayerNormConfig(name='rms', eps=1e-06, elementwise_affine=None, bias=False, full_precision=None, dtype='float32'),
            bias=False,
            dtype='float32',
            loss_implementation='fused_linear'
        ),
        embedding_norm=None,
        name='default',
        dtype='float32',
        init_method='normal',
        init_seed=0,
        init_std=0.02,
        embedding_init_std=None,
        freeze_params=None,
        block_pattern=None,
        block_overrides=None,
        embed_scale=None
    ),
    dataset=NumpyPackedFSLDatasetConfig(
        tokenizer=TokenizerConfig(vocab_size=100278, eos_token_id=100257, pad_token_id=100277, bos_token_id=None, identifier='allenai/dolma2-tokenizer'),
        paths=['/tmp/olmo-sft/work/datasets/fields/olmocore/token_ids_part_*.npy'],
        mix=None,
        mix_base_dir=None,
        expand_glob=True,
        dtype=None,
        metadata=None,
        include_instance_metadata=True,
        instance_filter_config=None,
        source_permutation_seed=None,
        work_dir='/tmp/olmo-sft/output/internal/_work',
        ignore_fingerprint_mismatch=False,
        sequence_length=8192,
        generate_doc_lengths=False,
        label_mask_paths=['/tmp/olmo-sft/work/datasets/fields/olmocore/labels_mask_*.npy'],
        long_doc_strategy='truncate',
        source_group_size=1
    ),
    data_loader=NumpyDataLoaderConfig(
        global_batch_size=16384,
        seed=34521,
        work_dir=None,
        num_threads=None,
        num_workers=4,
        prefetch_factor=None,
        target_device_type=None,
        ignore_fingerprint_mismatch=False
    ),
    train_module=TransformerTrainModuleConfig(
        rank_microbatch_size=8192,
        max_sequence_length=8192,
        optim=AdamWConfig(group_overrides=None, compile=False, fixed_fields=('initial_lr',), lr=1e-12, betas=(0.9, 0.95), eps=1e-08, weight_decay=0.0, foreach=None, fused=True),
        max_grad_norm=1.0,
        scheduler=LinearWithWarmup(
            lr_field='lr',
            initial_lr_field='initial_lr',
            units='steps',
            alpha_f=0.0,
            t_max=None,
            warmup=None,
            warmup_steps=None,
            warmup_fraction=0.03,
            warmup_min_lr=0.0
        ),
        compile_model=True,
        float8_config=None,
        pp_config=None,
        dp_config=TransformerDataParallelConfig(
            name='hsdp',
            param_dtype='bfloat16',
            reduce_dtype='float32',
            num_replicas=None,
            shard_degree=2,
            wrapping_strategy='full',
            prefetch_factor=0
        ),
        tp_config=None,
        cp_config=None,
        ep_config=None,
        ac_config=TransformerActivationCheckpointingConfig(mode='budget', block_interval=None, modules=None, activation_memory_budget=0.8),
        z_loss_multiplier=None,
        state_dict_save_opts=None,
        state_dict_load_opts=None,
        load_key_mapping=None,
        autocast_precision=None,
        label_ignore_index=-100
    ),
    trainer=TrainerConfig(
        save_folder='/tmp/olmo-sft/output/internal/checkpoints/fields/olmo-sft/olmo3-1b-sft-bf16-oldbug',
        work_dir=None,
        load_path=None,
        load_strategy='never',
        load_optim_state=None,
        load_trainer_state=None,
        checkpointer=CheckpointerConfig(work_dir=None, save_overwrite=None, pre_download=False, save_thread_count=1, load_thread_count=32, throttle_uploads=True),
        device=None,
        save_overwrite=True,
        max_duration=Duration(value=3, unit='steps'),
        cancel_check_interval=10,
        hard_stop=None,
        metrics_collect_interval=10,
        callbacks={
            'gpu_monitor': GPUMemoryMonitorCallback(device_id=None, _num_alloc_retries=0),
            'config_saver': ConfigSaverCallback(fname='config.json', save_data_paths=None, data_paths_fname=None, _config=None),
            'garbage_collector': GarbageCollectorCallback(gc_interval=1000, enabled=True, _start_state=None),
            'checkpointer': CheckpointerCallback(
                save_interval=1000,
                ephemeral_save_interval=500,
                pre_train_checkpoint=None,
                save_async=True,
                remove='ephemeral_only',
                ephemeral_cooldown=None,
                fixed_steps=None,
                enabled=True,
                _latest_checkpoint_step=-1,
                _latest_checkpoint_path='',
                _checkpoints=[],
                _ephemeral_checkpoints=[],
                _checkpoints_to_remove=[]
            ),
            'checkpoint_retention': KeepLastNCheckpoints(keep_last=2, save_interval=1000, _persistent=[]),
            'wandb': WandBCallback(
                enabled=True,
                name='olmo3-1b-sft-bf16-oldbug',
                project='olmo3-7b-sft',
                entity=None,
                group=None,
                tags=None,
                notes=None,
                config=None,
                cancel_tags=['cancel', 'canceled', 'cancelled'],
                cancel_check_interval=10,
                _finalized=False
            )
        },
        async_bookkeeping=None,
        bookkeeping_soft_timeout=30,
        no_checkpoints=False,
        no_evals=False,
        steps_to_skip=None
    ),
    init_seed=33333
)
2026-06-07 08:44:47.763	93aaad528d0a:0	olmo_core.nn.transformer.config:361	INFO	Building transformer with 1,484,916,736 total params, 1,279,395,840 non-embedding params
2026-06-07 08:44:47.765	93aaad528d0a:0	olmo_core.nn.attention:471	INFO	Using attention backend 'torch'
2026-06-07 08:44:47.766	93aaad528d0a:0	olmo_core.nn.attention:471	INFO	Using attention backend 'torch'
2026-06-07 08:44:47.767	93aaad528d0a:0	olmo_core.nn.attention:471	INFO	Using attention backend 'torch'
2026-06-07 08:44:47.768	93aaad528d0a:0	olmo_core.nn.attention:471	INFO	Using attention backend 'torch'
2026-06-07 08:44:47.769	93aaad528d0a:0	olmo_core.nn.attention:471	INFO	Using attention backend 'torch'
2026-06-07 08:44:47.769	93aaad528d0a:0	olmo_core.nn.attention:471	INFO	Using attention backend 'torch'
2026-06-07 08:44:47.770	93aaad528d0a:0	olmo_core.nn.attention:471	INFO	Using attention backend 'torch'
2026-06-07 08:44:47.771	93aaad528d0a:0	olmo_core.nn.attention:471	INFO	Using attention backend 'torch'
2026-06-07 08:44:47.772	93aaad528d0a:0	olmo_core.nn.attention:471	INFO	Using attention backend 'torch'
2026-06-07 08:44:47.773	93aaad528d0a:0	olmo_core.nn.attention:471	INFO	Using attention backend 'torch'
2026-06-07 08:44:47.774	93aaad528d0a:0	olmo_core.nn.attention:471	INFO	Using attention backend 'torch'
2026-06-07 08:44:47.775	93aaad528d0a:0	olmo_core.nn.attention:471	INFO	Using attention backend 'torch'
2026-06-07 08:44:47.776	93aaad528d0a:0	olmo_core.nn.attention:471	INFO	Using attention backend 'torch'
2026-06-07 08:44:47.777	93aaad528d0a:0	olmo_core.nn.attention:471	INFO	Using attention backend 'torch'
2026-06-07 08:44:47.778	93aaad528d0a:0	olmo_core.nn.attention:471	INFO	Using attention backend 'torch'
2026-06-07 08:44:47.779	93aaad528d0a:0	olmo_core.nn.attention:471	INFO	Using attention backend 'torch'
2026-06-07 08:44:47.779	93aaad528d0a:0	olmo_core.nn.transformer.config:431	INFO	Transformer(
  (embeddings): Embedding(100352, 2048)
  (blocks): ModuleDict(
    (0): ReorderedNormTransformerBlock(
      (attention): Attention(
        (w_q): Linear(in_features=2048, out_features=2048, bias=False)
        (w_k): Linear(in_features=2048, out_features=2048, bias=False)
        (w_v): Linear(in_features=2048, out_features=2048, bias=False)
        (w_out): Linear(in_features=2048, out_features=2048, bias=False)
        (q_norm): RMSNorm((2048,), eps=1e-06)
        (k_norm): RMSNorm((2048,), eps=1e-06)
        (rope): RotaryEmbedding()
        (backend): TorchAttentionBackend()
      )
      (attention_norm): RMSNorm((2048,), eps=1e-06)
      (attention_residual_stream): ResidualStream(
        (dropout): Identity()
      )
      (feed_forward): FeedForward(
        (w1): Linear(in_features=2048, out_features=8192, bias=False)
        (w2): Linear(in_features=8192, out_features=2048, bias=False)
        (w3): Linear(in_features=2048, out_features=8192, bias=False)
      )
      (feed_forward_norm): RMSNorm((2048,), eps=1e-06)
      (feed_forward_residual_stream): ResidualStream(
        (dropout): Identity()
      )
    )
    (1): ReorderedNormTransformerBlock(
      (attention): Attention(
        (w_q): Linear(in_features=2048, out_features=2048, bias=False)
        (w_k): Linear(in_features=2048, out_features=2048, bias=False)
        (w_v): Linear(in_features=2048, out_features=2048, bias=False)
        (w_out): Linear(in_features=2048, out_features=2048, bias=False)
        (q_norm): RMSNorm((2048,), eps=1e-06)
        (k_norm): RMSNorm((2048,), eps=1e-06)
        (rope): RotaryEmbedding()
        (backend): TorchAttentionBackend()
      )
      (attention_norm): RMSNorm((2048,), eps=1e-06)
      (attention_residual_stream): ResidualStream(
        (dropout): Identity()
      )
      (feed_forward): FeedForward(
        (w1): Linear(in_features=2048, out_features=8192, bias=False)
        (w2): Linear(in_features=8192, out_features=2048, bias=False)
        (w3): Linear(in_features=2048, out_features=8192, bias=False)
      )
      (feed_forward_norm): RMSNorm((2048,), eps=1e-06)
      (feed_forward_residual_stream): ResidualStream(
        (dropout): Identity()
      )
    )
    (2): ReorderedNormTransformerBlock(
      (attention): Attention(
        (w_q): Linear(in_features=2048, out_features=2048, bias=False)
        (w_k): Linear(in_features=2048, out_features=2048, bias=False)
        (w_v): Linear(in_features=2048, out_features=2048, bias=False)
        (w_out): Linear(in_features=2048, out_features=2048, bias=False)
        (q_norm): RMSNorm((2048,), eps=1e-06)
        (k_norm): RMSNorm((2048,), eps=1e-06)
        (rope): RotaryEmbedding()
        (backend): TorchAttentionBackend()
      )
      (attention_norm): RMSNorm((2048,), eps=1e-06)
      (attention_residual_stream): ResidualStream(
        (dropout): Identity()
      )
      (feed_forward): FeedForward(
        (w1): Linear(in_features=2048, out_features=8192, bias=False)
        (w2): Linear(in_features=8192, out_features=2048, bias=False)
        (w3): Linear(in_features=2048, out_features=8192, bias=False)
      )
      (feed_forward_norm): RMSNorm((2048,), eps=1e-06)
      (feed_forward_residual_stream): ResidualStream(
        (dropout): Identity()
      )
    )
    (3): ReorderedNormTransformerBlock(
      (attention): Attention(
        (w_q): Linear(in_features=2048, out_features=2048, bias=False)
        (w_k): Linear(in_features=2048, out_features=2048, bias=False)
        (w_v): Linear(in_features=2048, out_features=2048, bias=False)
        (w_out): Linear(in_features=2048, out_features=2048, bias=False)
        (q_norm): RMSNorm((2048,), eps=1e-06)
        (k_norm): RMSNorm((2048,), eps=1e-06)
        (rope): RotaryEmbedding()
        (backend): TorchAttentionBackend()
      )
      (attention_norm): RMSNorm((2048,), eps=1e-06)
      (attention_residual_stream): ResidualStream(
        (dropout): Identity()
      )
      (feed_forward): FeedForward(
        (w1): Linear(in_features=2048, out_features=8192, bias=False)
        (w2): Linear(in_features=8192, out_features=2048, bias=False)
        (w3): Linear(in_features=2048, out_features=8192, bias=False)
      )
      (feed_forward_norm): RMSNorm((2048,), eps=1e-06)
      (feed_forward_residual_stream): ResidualStream(
        (dropout): Identity()
      )
    )
    (4): ReorderedNormTransformerBlock(
      (attention): Attention(
        (w_q): Linear(in_features=2048, out_features=2048, bias=False)
        (w_k): Linear(in_features=2048, out_features=2048, bias=False)
        (w_v): Linear(in_features=2048, out_features=2048, bias=False)
        (w_out): Linear(in_features=2048, out_features=2048, bias=False)
        (q_norm): RMSNorm((2048,), eps=1e-06)
        (k_norm): RMSNorm((2048,), eps=1e-06)
        (rope): RotaryEmbedding()
        (backend): TorchAttentionBackend()
      )
      (attention_norm): RMSNorm((2048,), eps=1e-06)
      (attention_residual_stream): ResidualStream(
        (dropout): Identity()
      )
      (feed_forward): FeedForward(
        (w1): Linear(in_features=2048, out_features=8192, bias=False)
        (w2): Linear(in_features=8192, out_features=2048, bias=False)
        (w3): Linear(in_features=2048, out_features=8192, bias=False)
      )
      (feed_forward_norm): RMSNorm((2048,), eps=1e-06)
      (feed_forward_residual_stream): ResidualStream(
        (dropout): Identity()
      )
    )
    (5): ReorderedNormTransformerBlock(
      (attention): Attention(
        (w_q): Linear(in_features=2048, out_features=2048, bias=False)
        (w_k): Linear(in_features=2048, out_features=2048, bias=False)
        (w_v): Linear(in_features=2048, out_features=2048, bias=False)
        (w_out): Linear(in_features=2048, out_features=2048, bias=False)
        (q_norm): RMSNorm((2048,), eps=1e-06)
        (k_norm): RMSNorm((2048,), eps=1e-06)
        (rope): RotaryEmbedding()
        (backend): TorchAttentionBackend()
      )
      (attention_norm): RMSNorm((2048,), eps=1e-06)
      (attention_residual_stream): ResidualStream(
        (dropout): Identity()
      )
      (feed_forward): FeedForward(
        (w1): Linear(in_features=2048, out_features=8192, bias=False)
        (w2): Linear(in_features=8192, out_features=2048, bias=False)
        (w3): Linear(in_features=2048, out_features=8192, bias=False)
      )
      (feed_forward_norm): RMSNorm((2048,), eps=1e-06)
      (feed_forward_residual_stream): ResidualStream(
        (dropout): Identity()
      )
    )
    (6): ReorderedNormTransformerBlock(
      (attention): Attention(
        (w_q): Linear(in_features=2048, out_features=2048, bias=False)
        (w_k): Linear(in_features=2048, out_features=2048, bias=False)
        (w_v): Linear(in_features=2048, out_features=2048, bias=False)
        (w_out): Linear(in_features=2048, out_features=2048, bias=False)
        (q_norm): RMSNorm((2048,), eps=1e-06)
        (k_norm): RMSNorm((2048,), eps=1e-06)
        (rope): RotaryEmbedding()
        (backend): TorchAttentionBackend()
      )
      (attention_norm): RMSNorm((2048,), eps=1e-06)
      (attention_residual_stream): ResidualStream(
        (dropout): Identity()
      )
      (feed_forward): FeedForward(
        (w1): Linear(in_features=2048, out_features=8192, bias=False)
        (w2): Linear(in_features=8192, out_features=2048, bias=False)
        (w3): Linear(in_features=2048, out_features=8192, bias=False)
      )
      (feed_forward_norm): RMSNorm((2048,), eps=1e-06)
      (feed_forward_residual_stream): ResidualStream(
        (dropout): Identity()
      )
    )
    (7): ReorderedNormTransformerBlock(
      (attention): Attention(
        (w_q): Linear(in_features=2048, out_features=2048, bias=False)
        (w_k): Linear(in_features=2048, out_features=2048, bias=False)
        (w_v): Linear(in_features=2048, out_features=2048, bias=False)
        (w_out): Linear(in_features=2048, out_features=2048, bias=False)
        (q_norm): RMSNorm((2048,), eps=1e-06)
        (k_norm): RMSNorm((2048,), eps=1e-06)
        (rope): RotaryEmbedding()
        (backend): TorchAttentionBackend()
      )
      (attention_norm): RMSNorm((2048,), eps=1e-06)
      (attention_residual_stream): ResidualStream(
        (dropout): Identity()
      )
      (feed_forward): FeedForward(
        (w1): Linear(in_features=2048, out_features=8192, bias=False)
        (w2): Linear(in_features=8192, out_features=2048, bias=False)
        (w3): Linear(in_features=2048, out_features=8192, bias=False)
      )
      (feed_forward_norm): RMSNorm((2048,), eps=1e-06)
      (feed_forward_residual_stream): ResidualStream(
        (dropout): Identity()
      )
    )
    (8): ReorderedNormTransformerBlock(
      (attention): Attention(
        (w_q): Linear(in_features=2048, out_features=2048, bias=False)
        (w_k): Linear(in_features=2048, out_features=2048, bias=False)
        (w_v): Linear(in_features=2048, out_features=2048, bias=False)
        (w_out): Linear(in_features=2048, out_features=2048, bias=False)
        (q_norm): RMSNorm((2048,), eps=1e-06)
        (k_norm): RMSNorm((2048,), eps=1e-06)
        (rope): RotaryEmbedding()
        (backend): TorchAttentionBackend()
      )
      (attention_norm): RMSNorm((2048,), eps=1e-06)
      (attention_residual_stream): ResidualStream(
        (dropout): Identity()
      )
      (feed_forward): FeedForward(
        (w1): Linear(in_features=2048, out_features=8192, bias=False)
        (w2): Linear(in_features=8192, out_features=2048, bias=False)
        (w3): Linear(in_features=2048, out_features=8192, bias=False)
      )
      (feed_forward_norm): RMSNorm((2048,), eps=1e-06)
      (feed_forward_residual_stream): ResidualStream(
        (dropout): Identity()
      )
    )
    (9): ReorderedNormTransformerBlock(
      (attention): Attention(
        (w_q): Linear(in_features=2048, out_features=2048, bias=False)
        (w_k): Linear(in_features=2048, out_features=2048, bias=False)
        (w_v): Linear(in_features=2048, out_features=2048, bias=False)
        (w_out): Linear(in_features=2048, out_features=2048, bias=False)
        (q_norm): RMSNorm((2048,), eps=1e-06)
        (k_norm): RMSNorm((2048,), eps=1e-06)
        (rope): RotaryEmbedding()
        (backend): TorchAttentionBackend()
      )
      (attention_norm): RMSNorm((2048,), eps=1e-06)
      (attention_residual_stream): ResidualStream(
        (dropout): Identity()
      )
      (feed_forward): FeedForward(
        (w1): Linear(in_features=2048, out_features=8192, bias=False)
        (w2): Linear(in_features=8192, out_features=2048, bias=False)
        (w3): Linear(in_features=2048, out_features=8192, bias=False)
      )
      (feed_forward_norm): RMSNorm((2048,), eps=1e-06)
      (feed_forward_residual_stream): ResidualStream(
        (dropout): Identity()
      )
    )
    (10): ReorderedNormTransformerBlock(
      (attention): Attention(
        (w_q): Linear(in_features=2048, out_features=2048, bias=False)
        (w_k): Linear(in_features=2048, out_features=2048, bias=False)
        (w_v): Linear(in_features=2048, out_features=2048, bias=False)
        (w_out): Linear(in_features=2048, out_features=2048, bias=False)
        (q_norm): RMSNorm((2048,), eps=1e-06)
        (k_norm): RMSNorm((2048,), eps=1e-06)
        (rope): RotaryEmbedding()
        (backend): TorchAttentionBackend()
      )
      (attention_norm): RMSNorm((2048,), eps=1e-06)
      (attention_residual_stream): ResidualStream(
        (dropout): Identity()
      )
      (feed_forward): FeedForward(
        (w1): Linear(in_features=2048, out_features=8192, bias=False)
        (w2): Linear(in_features=8192, out_features=2048, bias=False)
        (w3): Linear(in_features=2048, out_features=8192, bias=False)
      )
      (feed_forward_norm): RMSNorm((2048,), eps=1e-06)
      (feed_forward_residual_stream): ResidualStream(
        (dropout): Identity()
      )
    )
    (11): ReorderedNormTransformerBlock(
      (attention): Attention(
        (w_q): Linear(in_features=2048, out_features=2048, bias=False)
        (w_k): Linear(in_features=2048, out_features=2048, bias=False)
        (w_v): Linear(in_features=2048, out_features=2048, bias=False)
        (w_out): Linear(in_features=2048, out_features=2048, bias=False)
        (q_norm): RMSNorm((2048,), eps=1e-06)
        (k_norm): RMSNorm((2048,), eps=1e-06)
        (rope): RotaryEmbedding()
        (backend): TorchAttentionBackend()
      )
      (attention_norm): RMSNorm((2048,), eps=1e-06)
      (attention_residual_stream): ResidualStream(
        (dropout): Identity()
      )
      (feed_forward): FeedForward(
        (w1): Linear(in_features=2048, out_features=8192, bias=False)
        (w2): Linear(in_features=8192, out_features=2048, bias=False)
        (w3): Linear(in_features=2048, out_features=8192, bias=False)
      )
      (feed_forward_norm): RMSNorm((2048,), eps=1e-06)
      (feed_forward_residual_stream): ResidualStream(
        (dropout): Identity()
      )
    )
    (12): ReorderedNormTransformerBlock(
      (attention): Attention(
        (w_q): Linear(in_features=2048, out_features=2048, bias=False)
        (w_k): Linear(in_features=2048, out_features=2048, bias=False)
        (w_v): Linear(in_features=2048, out_features=2048, bias=False)
        (w_out): Linear(in_features=2048, out_features=2048, bias=False)
        (q_norm): RMSNorm((2048,), eps=1e-06)
        (k_norm): RMSNorm((2048,), eps=1e-06)
        (rope): RotaryEmbedding()
        (backend): TorchAttentionBackend()
      )
      (attention_norm): RMSNorm((2048,), eps=1e-06)
      (attention_residual_stream): ResidualStream(
        (dropout): Identity()
      )
      (feed_forward): FeedForward(
        (w1): Linear(in_features=2048, out_features=8192, bias=False)
        (w2): Linear(in_features=8192, out_features=2048, bias=False)
        (w3): Linear(in_features=2048, out_features=8192, bias=False)
      )
      (feed_forward_norm): RMSNorm((2048,), eps=1e-06)
      (feed_forward_residual_stream): ResidualStream(
        (dropout): Identity()
      )
    )
    (13): ReorderedNormTransformerBlock(
      (attention): Attention(
        (w_q): Linear(in_features=2048, out_features=2048, bias=False)
        (w_k): Linear(in_features=2048, out_features=2048, bias=False)
        (w_v): Linear(in_features=2048, out_features=2048, bias=False)
        (w_out): Linear(in_features=2048, out_features=2048, bias=False)
        (q_norm): RMSNorm((2048,), eps=1e-06)
        (k_norm): RMSNorm((2048,), eps=1e-06)
        (rope): RotaryEmbedding()
        (backend): TorchAttentionBackend()
      )
      (attention_norm): RMSNorm((2048,), eps=1e-06)
      (attention_residual_stream): ResidualStream(
        (dropout): Identity()
      )
      (feed_forward): FeedForward(
        (w1): Linear(in_features=2048, out_features=8192, bias=False)
        (w2): Linear(in_features=8192, out_features=2048, bias=False)
        (w3): Linear(in_features=2048, out_features=8192, bias=False)
      )
      (feed_forward_norm): RMSNorm((2048,), eps=1e-06)
      (feed_forward_residual_stream): ResidualStream(
        (dropout): Identity()
      )
    )
    (14): ReorderedNormTransformerBlock(
      (attention): Attention(
        (w_q): Linear(in_features=2048, out_features=2048, bias=False)
        (w_k): Linear(in_features=2048, out_features=2048, bias=False)
        (w_v): Linear(in_features=2048, out_features=2048, bias=False)
        (w_out): Linear(in_features=2048, out_features=2048, bias=False)
        (q_norm): RMSNorm((2048,), eps=1e-06)
        (k_norm): RMSNorm((2048,), eps=1e-06)
        (rope): RotaryEmbedding()
        (backend): TorchAttentionBackend()
      )
      (attention_norm): RMSNorm((2048,), eps=1e-06)
      (attention_residual_stream): ResidualStream(
        (dropout): Identity()
      )
      (feed_forward): FeedForward(
        (w1): Linear(in_features=2048, out_features=8192, bias=False)
        (w2): Linear(in_features=8192, out_features=2048, bias=False)
        (w3): Linear(in_features=2048, out_features=8192, bias=False)
      )
      (feed_forward_norm): RMSNorm((2048,), eps=1e-06)
      (feed_forward_residual_stream): ResidualStream(
        (dropout): Identity()
      )
    )
    (15): ReorderedNormTransformerBlock(
      (attention): Attention(
        (w_q): Linear(in_features=2048, out_features=2048, bias=False)
        (w_k): Linear(in_features=2048, out_features=2048, bias=False)
        (w_v): Linear(in_features=2048, out_features=2048, bias=False)
        (w_out): Linear(in_features=2048, out_features=2048, bias=False)
        (q_norm): RMSNorm((2048,), eps=1e-06)
        (k_norm): RMSNorm((2048,), eps=1e-06)
        (rope): RotaryEmbedding()
        (backend): TorchAttentionBackend()
      )
      (attention_norm): RMSNorm((2048,), eps=1e-06)
      (attention_residual_stream): ResidualStream(
        (dropout): Identity()
      )
      (feed_forward): FeedForward(
        (w1): Linear(in_features=2048, out_features=8192, bias=False)
        (w2): Linear(in_features=8192, out_features=2048, bias=False)
        (w3): Linear(in_features=2048, out_features=8192, bias=False)
      )
      (feed_forward_norm): RMSNorm((2048,), eps=1e-06)
      (feed_forward_residual_stream): ResidualStream(
        (dropout): Identity()
      )
    )
  )
  (lm_head): LMHead(
    (norm): RMSNorm((2048,), eps=1e-06)
    (w_out): Linear(in_features=2048, out_features=100352, bias=False)
  )
)
2026-06-07 08:44:47.781	93aaad528d0a:0	olmo_core.nn.transformer.config:432	INFO	Built model with:
- 1,484,916,736 total params
- 1,279,395,840 non-embedding params
- 1,484,916,736 trainable params
[Gloo] Rank 0 is connected to 0 peer ranks. Expected number of connected peer ranks is : 0
[Gloo] Rank 0 is connected to 0 peer ranks. Expected number of connected peer ranks is : 0
2026-06-07 08:44:47.784	93aaad528d0a:0	olmo_core.distributed.parallel:246	INFO	Built 2D device mesh with shape (dp_replicate=1, dp_shard=2)
2026-06-07 08:44:47.784	93aaad528d0a:0	olmo_core.train.train_module.transformer.train_module:141	INFO	Data parallel world size = 2
2026-06-07 08:44:47.784	93aaad528d0a:0	olmo_core.train.train_module.transformer.common:103	INFO	Applied 'budget' activation checkpointing to the model
2026-06-07 08:44:48.527	93aaad528d0a:0	olmo_core.train.train_module.transformer.common:110	INFO	Applied torch.compile() to the model
2026-06-07 08:44:48.567	93aaad528d0a:0	olmo_core.train.train_module.transformer.common:136	INFO	Applied FSDP to the model with 2D device mesh with shape (dp_replicate=1, dp_shard=2)
2026-06-07 08:44:48.567	93aaad528d0a:0	olmo_core.train.train_module.transformer.common:147	INFO	Initializing model weights...
2026-06-07 08:44:48.931	93aaad528d0a:0	py.warnings:112	WARNING	/opt/conda/lib/python3.12/site-packages/torch/nn/init.py:119: UserWarning: Specified kernel cache directory could not be created! This disables kernel caching. Specified directory is /tmp/olmo-sft/work/node/93aaad528d0a/home/.cache/torch/kernels. This warning will appear only once per process. (Triggered internally at /pytorch/aten/src/ATen/native/cuda/jit_utils.cpp:1487.)
  tensor.erfinv_()

2026-06-07 08:44:49.123	93aaad528d0a:0	olmo_core.train.train_module.transformer.train_module:198	INFO	Building optimizer...
2026-06-07 08:44:49.124	93aaad528d0a:0	olmo_core.optim.config:202	INFO	Building AdamW optimizer with 1 param group(s)...
2026-06-07 08:44:49.124	93aaad528d0a:0	olmo_core.optim.config:210	INFO	Group 0, 179 parameter(s):
 - lr: 1e-12
 - betas: (0.9, 0.95)
 - eps: 1e-08
 - weight_decay: 0.0
 - amsgrad: False
 - maximize: False
 - foreach: None
 - capturable: False
 - differentiable: False
 - fused: True
 - decoupled_weight_decay: True
 - initial_lr: 1e-12
2026-06-07 08:44:49.124	93aaad528d0a:0	olmo_core.data.numpy_dataset:2399	INFO	Expanding '/tmp/olmo-sft/work/datasets/fields/olmocore/token_ids_part_*.npy'...
2026-06-07 08:44:49.125	93aaad528d0a:0	olmo_core.data.numpy_dataset:2414	INFO	 - '/tmp/olmo-sft/work/datasets/fields/olmocore/token_ids_part_0000.npy'
2026-06-07 08:44:49.126	93aaad528d0a:0	olmo_core.data.numpy_dataset:2414	INFO	 - '/tmp/olmo-sft/work/datasets/fields/olmocore/token_ids_part_0001.npy'
2026-06-07 08:44:49.126	93aaad528d0a:0	olmo_core.data.numpy_dataset:2414	INFO	 - '/tmp/olmo-sft/work/datasets/fields/olmocore/token_ids_part_0002.npy'
2026-06-07 08:44:49.126	93aaad528d0a:0	olmo_core.data.numpy_dataset:2414	INFO	 - '/tmp/olmo-sft/work/datasets/fields/olmocore/token_ids_part_0003.npy'
2026-06-07 08:44:49.126	93aaad528d0a:0	olmo_core.data.numpy_dataset:2414	INFO	 - '/tmp/olmo-sft/work/datasets/fields/olmocore/token_ids_part_0004.npy'
2026-06-07 08:44:49.126	93aaad528d0a:0	olmo_core.data.numpy_dataset:2414	INFO	 - '/tmp/olmo-sft/work/datasets/fields/olmocore/token_ids_part_0005.npy'
2026-06-07 08:44:49.126	93aaad528d0a:0	olmo_core.data.numpy_dataset:2414	INFO	 - '/tmp/olmo-sft/work/datasets/fields/olmocore/token_ids_part_0006.npy'
2026-06-07 08:44:49.126	93aaad528d0a:0	olmo_core.data.numpy_dataset:2414	INFO	 - '/tmp/olmo-sft/work/datasets/fields/olmocore/token_ids_part_0007.npy'
2026-06-07 08:44:49.126	93aaad528d0a:0	olmo_core.data.numpy_dataset:2414	INFO	 - '/tmp/olmo-sft/work/datasets/fields/olmocore/token_ids_part_0008.npy'
2026-06-07 08:44:49.126	93aaad528d0a:0	olmo_core.data.numpy_dataset:2414	INFO	 - '/tmp/olmo-sft/work/datasets/fields/olmocore/token_ids_part_0009.npy'
2026-06-07 08:44:49.126	93aaad528d0a:0	olmo_core.data.numpy_dataset:2414	INFO	 - '/tmp/olmo-sft/work/datasets/fields/olmocore/token_ids_part_0010.npy'
2026-06-07 08:44:49.126	93aaad528d0a:0	olmo_core.data.numpy_dataset:2414	INFO	 - '/tmp/olmo-sft/work/datasets/fields/olmocore/token_ids_part_0011.npy'
2026-06-07 08:44:49.126	93aaad528d0a:0	olmo_core.data.numpy_dataset:2414	INFO	 - '/tmp/olmo-sft/work/datasets/fields/olmocore/token_ids_part_0012.npy'
2026-06-07 08:44:49.126	93aaad528d0a:0	olmo_core.data.numpy_dataset:2414	INFO	 - '/tmp/olmo-sft/work/datasets/fields/olmocore/token_ids_part_0013.npy'
2026-06-07 08:44:49.126	93aaad528d0a:0	olmo_core.data.numpy_dataset:2414	INFO	 - '/tmp/olmo-sft/work/datasets/fields/olmocore/token_ids_part_0014.npy'
2026-06-07 08:44:49.126	93aaad528d0a:0	olmo_core.data.numpy_dataset:2414	INFO	 - '/tmp/olmo-sft/work/datasets/fields/olmocore/token_ids_part_0015.npy'
2026-06-07 08:44:49.126	93aaad528d0a:0	olmo_core.data.numpy_dataset:2414	INFO	 - '/tmp/olmo-sft/work/datasets/fields/olmocore/token_ids_part_0016.npy'
2026-06-07 08:44:49.126	93aaad528d0a:0	olmo_core.data.numpy_dataset:2414	INFO	 - '/tmp/olmo-sft/work/datasets/fields/olmocore/token_ids_part_0017.npy'
2026-06-07 08:44:49.126	93aaad528d0a:0	olmo_core.data.numpy_dataset:2414	INFO	 - '/tmp/olmo-sft/work/datasets/fields/olmocore/token_ids_part_0018.npy'
2026-06-07 08:44:49.126	93aaad528d0a:0	olmo_core.data.numpy_dataset:2414	INFO	 - '/tmp/olmo-sft/work/datasets/fields/olmocore/token_ids_part_0019.npy'
2026-06-07 08:44:49.126	93aaad528d0a:0	olmo_core.data.numpy_dataset:2414	INFO	 - '/tmp/olmo-sft/work/datasets/fields/olmocore/token_ids_part_0020.npy'
2026-06-07 08:44:49.126	93aaad528d0a:0	olmo_core.data.numpy_dataset:2414	INFO	 - '/tmp/olmo-sft/work/datasets/fields/olmocore/token_ids_part_0021.npy'
2026-06-07 08:44:49.126	93aaad528d0a:0	olmo_core.data.numpy_dataset:2414	INFO	 - '/tmp/olmo-sft/work/datasets/fields/olmocore/token_ids_part_0022.npy'
2026-06-07 08:44:49.126	93aaad528d0a:0	olmo_core.data.numpy_dataset:2399	INFO	Expanding '/tmp/olmo-sft/work/datasets/fields/olmocore/labels_mask_*.npy'...
2026-06-07 08:44:49.127	93aaad528d0a:0	olmo_core.data.numpy_dataset:2414	INFO	 - '/tmp/olmo-sft/work/datasets/fields/olmocore/labels_mask_part_0000.npy'
2026-06-07 08:44:49.127	93aaad528d0a:0	olmo_core.data.numpy_dataset:2414	INFO	 - '/tmp/olmo-sft/work/datasets/fields/olmocore/labels_mask_part_0001.npy'
2026-06-07 08:44:49.127	93aaad528d0a:0	olmo_core.data.numpy_dataset:2414	INFO	 - '/tmp/olmo-sft/work/datasets/fields/olmocore/labels_mask_part_0002.npy'
2026-06-07 08:44:49.127	93aaad528d0a:0	olmo_core.data.numpy_dataset:2414	INFO	 - '/tmp/olmo-sft/work/datasets/fields/olmocore/labels_mask_part_0003.npy'
2026-06-07 08:44:49.127	93aaad528d0a:0	olmo_core.data.numpy_dataset:2414	INFO	 - '/tmp/olmo-sft/work/datasets/fields/olmocore/labels_mask_part_0004.npy'
2026-06-07 08:44:49.127	93aaad528d0a:0	olmo_core.data.numpy_dataset:2414	INFO	 - '/tmp/olmo-sft/work/datasets/fields/olmocore/labels_mask_part_0005.npy'
2026-06-07 08:44:49.127	93aaad528d0a:0	olmo_core.data.numpy_dataset:2414	INFO	 - '/tmp/olmo-sft/work/datasets/fields/olmocore/labels_mask_part_0006.npy'
2026-06-07 08:44:49.127	93aaad528d0a:0	olmo_core.data.numpy_dataset:2414	INFO	 - '/tmp/olmo-sft/work/datasets/fields/olmocore/labels_mask_part_0007.npy'
2026-06-07 08:44:49.127	93aaad528d0a:0	olmo_core.data.numpy_dataset:2414	INFO	 - '/tmp/olmo-sft/work/datasets/fields/olmocore/labels_mask_part_0008.npy'
2026-06-07 08:44:49.127	93aaad528d0a:0	olmo_core.data.numpy_dataset:2414	INFO	 - '/tmp/olmo-sft/work/datasets/fields/olmocore/labels_mask_part_0009.npy'
2026-06-07 08:44:49.127	93aaad528d0a:0	olmo_core.data.numpy_dataset:2414	INFO	 - '/tmp/olmo-sft/work/datasets/fields/olmocore/labels_mask_part_0010.npy'
2026-06-07 08:44:49.127	93aaad528d0a:0	olmo_core.data.numpy_dataset:2414	INFO	 - '/tmp/olmo-sft/work/datasets/fields/olmocore/labels_mask_part_0011.npy'
2026-06-07 08:44:49.127	93aaad528d0a:0	olmo_core.data.numpy_dataset:2414	INFO	 - '/tmp/olmo-sft/work/datasets/fields/olmocore/labels_mask_part_0012.npy'
2026-06-07 08:44:49.127	93aaad528d0a:0	olmo_core.data.numpy_dataset:2414	INFO	 - '/tmp/olmo-sft/work/datasets/fields/olmocore/labels_mask_part_0013.npy'
2026-06-07 08:44:49.127	93aaad528d0a:0	olmo_core.data.numpy_dataset:2414	INFO	 - '/tmp/olmo-sft/work/datasets/fields/olmocore/labels_mask_part_0014.npy'
2026-06-07 08:44:49.127	93aaad528d0a:0	olmo_core.data.numpy_dataset:2414	INFO	 - '/tmp/olmo-sft/work/datasets/fields/olmocore/labels_mask_part_0015.npy'
2026-06-07 08:44:49.127	93aaad528d0a:0	olmo_core.data.numpy_dataset:2414	INFO	 - '/tmp/olmo-sft/work/datasets/fields/olmocore/labels_mask_part_0016.npy'
2026-06-07 08:44:49.127	93aaad528d0a:0	olmo_core.data.numpy_dataset:2414	INFO	 - '/tmp/olmo-sft/work/datasets/fields/olmocore/labels_mask_part_0017.npy'
2026-06-07 08:44:49.127	93aaad528d0a:0	olmo_core.data.numpy_dataset:2414	INFO	 - '/tmp/olmo-sft/work/datasets/fields/olmocore/labels_mask_part_0018.npy'
2026-06-07 08:44:49.127	93aaad528d0a:0	olmo_core.data.numpy_dataset:2414	INFO	 - '/tmp/olmo-sft/work/datasets/fields/olmocore/labels_mask_part_0019.npy'
2026-06-07 08:44:49.127	93aaad528d0a:0	olmo_core.data.numpy_dataset:2414	INFO	 - '/tmp/olmo-sft/work/datasets/fields/olmocore/labels_mask_part_0020.npy'
2026-06-07 08:44:49.127	93aaad528d0a:0	olmo_core.data.numpy_dataset:2414	INFO	 - '/tmp/olmo-sft/work/datasets/fields/olmocore/labels_mask_part_0021.npy'
2026-06-07 08:44:49.127	93aaad528d0a:0	olmo_core.data.numpy_dataset:2414	INFO	 - '/tmp/olmo-sft/work/datasets/fields/olmocore/labels_mask_part_0022.npy'
2026-06-07 08:44:49.127	93aaad528d0a:0	olmo_core.data.numpy_dataset:2391	INFO	Assuming dtype 'uint32' based on vocab size
2026-06-07 08:44:49.128	93aaad528d0a:0	olmo_core.data.numpy_dataset:1116	INFO	Packing document into instances...
2026-06-07 08:44:49.133	93aaad528d0a:0	olmo_core.data.numpy_dataset:1321	INFO	Packing documents from ['/tmp/olmo-sft/work/datasets/fields/olmocore/token_ids_part_0000.npy'] into instances...
2026-06-07 08:44:49.140	93aaad528d0a:0	olmo_core.data.numpy_dataset:1321	INFO	Packing documents from ['/tmp/olmo-sft/work/datasets/fields/olmocore/token_ids_part_0001.npy'] into instances...
2026-06-07 08:44:49.141	93aaad528d0a:0	olmo_core.data.numpy_dataset:1321	INFO	Packing documents from ['/tmp/olmo-sft/work/datasets/fields/olmocore/token_ids_part_0002.npy'] into instances...
2026-06-07 08:44:49.142	93aaad528d0a:0	olmo_core.data.numpy_dataset:1321	INFO	Packing documents from ['/tmp/olmo-sft/work/datasets/fields/olmocore/token_ids_part_0003.npy'] into instances...
2026-06-07 08:44:49.143	93aaad528d0a:0	olmo_core.data.numpy_dataset:1321	INFO	Packing documents from ['/tmp/olmo-sft/work/datasets/fields/olmocore/token_ids_part_0004.npy'] into instances...
2026-06-07 08:44:49.144	93aaad528d0a:0	olmo_core.data.numpy_dataset:1321	INFO	Packing documents from ['/tmp/olmo-sft/work/datasets/fields/olmocore/token_ids_part_0005.npy'] into instances...
2026-06-07 08:44:49.145	93aaad528d0a:0	olmo_core.data.numpy_dataset:1321	INFO	Packing documents from ['/tmp/olmo-sft/work/datasets/fields/olmocore/token_ids_part_0006.npy'] into instances...
2026-06-07 08:44:49.146	93aaad528d0a:0	olmo_core.data.numpy_dataset:1321	INFO	Packing documents from ['/tmp/olmo-sft/work/datasets/fields/olmocore/token_ids_part_0007.npy'] into instances...
2026-06-07 08:44:49.147	93aaad528d0a:0	olmo_core.data.numpy_dataset:1321	INFO	Packing documents from ['/tmp/olmo-sft/work/datasets/fields/olmocore/token_ids_part_0008.npy'] into instances...
2026-06-07 08:44:49.147	93aaad528d0a:0	olmo_core.data.numpy_dataset:1321	INFO	Packing documents from ['/tmp/olmo-sft/work/datasets/fields/olmocore/token_ids_part_0009.npy'] into instances...
2026-06-07 08:44:49.148	93aaad528d0a:0	olmo_core.data.numpy_dataset:1321	INFO	Packing documents from ['/tmp/olmo-sft/work/datasets/fields/olmocore/token_ids_part_0010.npy'] into instances...
2026-06-07 08:44:49.150	93aaad528d0a:0	olmo_core.data.numpy_dataset:1321	INFO	Packing documents from ['/tmp/olmo-sft/work/datasets/fields/olmocore/token_ids_part_0011.npy'] into instances...
2026-06-07 08:44:49.151	93aaad528d0a:0	olmo_core.data.numpy_dataset:1321	INFO	Packing documents from ['/tmp/olmo-sft/work/datasets/fields/olmocore/token_ids_part_0012.npy'] into instances...
2026-06-07 08:44:49.152	93aaad528d0a:0	olmo_core.data.numpy_dataset:1321	INFO	Packing documents from ['/tmp/olmo-sft/work/datasets/fields/olmocore/token_ids_part_0013.npy'] into instances...
2026-06-07 08:44:49.153	93aaad528d0a:0	olmo_core.data.numpy_dataset:1321	INFO	Packing documents from ['/tmp/olmo-sft/work/datasets/fields/olmocore/token_ids_part_0014.npy'] into instances...
2026-06-07 08:44:49.154	93aaad528d0a:0	olmo_core.data.numpy_dataset:1321	INFO	Packing documents from ['/tmp/olmo-sft/work/datasets/fields/olmocore/token_ids_part_0015.npy'] into instances...
2026-06-07 08:44:49.155	93aaad528d0a:0	olmo_core.data.numpy_dataset:1321	INFO	Packing documents from ['/tmp/olmo-sft/work/datasets/fields/olmocore/token_ids_part_0016.npy'] into instances...
2026-06-07 08:44:49.157	93aaad528d0a:0	olmo_core.data.numpy_dataset:1321	INFO	Packing documents from ['/tmp/olmo-sft/work/datasets/fields/olmocore/token_ids_part_0017.npy'] into instances...
2026-06-07 08:44:49.158	93aaad528d0a:0	olmo_core.data.numpy_dataset:1321	INFO	Packing documents from ['/tmp/olmo-sft/work/datasets/fields/olmocore/token_ids_part_0018.npy'] into instances...
2026-06-07 08:44:49.176	93aaad528d0a:0	olmo_core.data.numpy_dataset:1321	INFO	Packing documents from ['/tmp/olmo-sft/work/datasets/fields/olmocore/token_ids_part_0019.npy'] into instances...
2026-06-07 08:44:49.179	93aaad528d0a:0	olmo_core.data.numpy_dataset:1321	INFO	Packing documents from ['/tmp/olmo-sft/work/datasets/fields/olmocore/token_ids_part_0020.npy'] into instances...
2026-06-07 08:44:49.183	93aaad528d0a:0	olmo_core.data.numpy_dataset:1321	INFO	Packing documents from ['/tmp/olmo-sft/work/datasets/fields/olmocore/token_ids_part_0021.npy'] into instances...
2026-06-07 08:44:49.185	93aaad528d0a:0	olmo_core.data.numpy_dataset:1321	INFO	Packing documents from ['/tmp/olmo-sft/work/datasets/fields/olmocore/token_ids_part_0022.npy'] into instances...
Skipping import of cpp extensions due to incompatible torch version 2.10.0+cu130 for torchao version 0.15.0             Please see https://github.com/pytorch/ao/issues/2919 for more info
Skipping import of cpp extensions due to incompatible torch version 2.10.0+cu130 for torchao version 0.15.0             Please see https://github.com/pytorch/ao/issues/2919 for more info
Skipping import of cpp extensions due to incompatible torch version 2.10.0+cu130 for torchao version 0.15.0             Please see https://github.com/pytorch/ao/issues/2919 for more info
Skipping import of cpp extensions due to incompatible torch version 2.10.0+cu130 for torchao version 0.15.0             Please see https://github.com/pytorch/ao/issues/2919 for more info
Skipping import of cpp extensions due to incompatible torch version 2.10.0+cu130 for torchao version 0.15.0             Please see https://github.com/pytorch/ao/issues/2919 for more info
Skipping import of cpp extensions due to incompatible torch version 2.10.0+cu130 for torchao version 0.15.0             Please see https://github.com/pytorch/ao/issues/2919 for more info
Skipping import of cpp extensions due to incompatible torch version 2.10.0+cu130 for torchao version 0.15.0             Please see https://github.com/pytorch/ao/issues/2919 for more info
Skipping import of cpp extensions due to incompatible torch version 2.10.0+cu130 for torchao version 0.15.0             Please see https://github.com/pytorch/ao/issues/2919 for more info
Skipping import of cpp extensions due to incompatible torch version 2.10.0+cu130 for torchao version 0.15.0             Please see https://github.com/pytorch/ao/issues/2919 for more info
Skipping import of cpp extensions due to incompatible torch version 2.10.0+cu130 for torchao version 0.15.0             Please see https://github.com/pytorch/ao/issues/2919 for more info
Skipping import of cpp extensions due to incompatible torch version 2.10.0+cu130 for torchao version 0.15.0             Please see https://github.com/pytorch/ao/issues/2919 for more info
Skipping import of cpp extensions due to incompatible torch version 2.10.0+cu130 for torchao version 0.15.0             Please see https://github.com/pytorch/ao/issues/2919 for more info
Skipping import of cpp extensions due to incompatible torch version 2.10.0+cu130 for torchao version 0.15.0             Please see https://github.com/pytorch/ao/issues/2919 for more info
Skipping import of cpp extensions due to incompatible torch version 2.10.0+cu130 for torchao version 0.15.0             Please see https://github.com/pytorch/ao/issues/2919 for more info
Skipping import of cpp extensions due to incompatible torch version 2.10.0+cu130 for torchao version 0.15.0             Please see https://github.com/pytorch/ao/issues/2919 for more info
Skipping import of cpp extensions due to incompatible torch version 2.10.0+cu130 for torchao version 0.15.0             Please see https://github.com/pytorch/ao/issues/2919 for more info
Skipping import of cpp extensions due to incompatible torch version 2.10.0+cu130 for torchao version 0.15.0             Please see https://github.com/pytorch/ao/issues/2919 for more info
Skipping import of cpp extensions due to incompatible torch version 2.10.0+cu130 for torchao version 0.15.0             Please see https://github.com/pytorch/ao/issues/2919 for more info
Skipping import of cpp extensions due to incompatible torch version 2.10.0+cu130 for torchao version 0.15.0             Please see https://github.com/pytorch/ao/issues/2919 for more info
Skipping import of cpp extensions due to incompatible torch version 2.10.0+cu130 for torchao version 0.15.0             Please see https://github.com/pytorch/ao/issues/2919 for more info
Skipping import of cpp extensions due to incompatible torch version 2.10.0+cu130 for torchao version 0.15.0             Please see https://github.com/pytorch/ao/issues/2919 for more info
Skipping import of cpp extensions due to incompatible torch version 2.10.0+cu130 for torchao version 0.15.0             Please see https://github.com/pytorch/ao/issues/2919 for more info
Skipping import of cpp extensions due to incompatible torch version 2.10.0+cu130 for torchao version 0.15.0             Please see https://github.com/pytorch/ao/issues/2919 for more info
2026-06-07 08:45:42.360	93aaad528d0a:0	olmo_core.data.numpy_dataset:1336	INFO	Packed 101,260,480 tokens from ['/tmp/olmo-sft/work/datasets/fields/olmocore/token_ids_part_0000.npy'] into 12,624 instances of sequence length 8,192 using an average of 170.7 padding tokens per instance.
2026-06-07 08:45:42.360	93aaad528d0a:0	olmo_core.data.numpy_dataset:1336	INFO	Packed 102,576,399 tokens from ['/tmp/olmo-sft/work/datasets/fields/olmocore/token_ids_part_0001.npy'] into 12,780 instances of sequence length 8,192 using an average of 165.7 padding tokens per instance.
2026-06-07 08:45:42.360	93aaad528d0a:0	olmo_core.data.numpy_dataset:1336	INFO	Packed 102,509,470 tokens from ['/tmp/olmo-sft/work/datasets/fields/olmocore/token_ids_part_0002.npy'] into 12,738 instances of sequence length 8,192 using an average of 144.5 padding tokens per instance.
2026-06-07 08:45:42.360	93aaad528d0a:0	olmo_core.data.numpy_dataset:1336	INFO	Packed 102,853,990 tokens from ['/tmp/olmo-sft/work/datasets/fields/olmocore/token_ids_part_0003.npy'] into 12,813 instances of sequence length 8,192 using an average of 164.7 padding tokens per instance.
2026-06-07 08:45:42.360	93aaad528d0a:0	olmo_core.data.numpy_dataset:1336	INFO	Packed 101,586,183 tokens from ['/tmp/olmo-sft/work/datasets/fields/olmocore/token_ids_part_0004.npy'] into 12,625 instances of sequence length 8,192 using an average of 145.6 padding tokens per instance.
2026-06-07 08:45:42.360	93aaad528d0a:0	olmo_core.data.numpy_dataset:1336	INFO	Packed 102,354,027 tokens from ['/tmp/olmo-sft/work/datasets/fields/olmocore/token_ids_part_0005.npy'] into 12,727 instances of sequence length 8,192 using an average of 149.7 padding tokens per instance.
2026-06-07 08:45:42.360	93aaad528d0a:0	olmo_core.data.numpy_dataset:1336	INFO	Packed 102,067,418 tokens from ['/tmp/olmo-sft/work/datasets/fields/olmocore/token_ids_part_0006.npy'] into 12,720 instances of sequence length 8,192 using an average of 167.8 padding tokens per instance.
2026-06-07 08:45:42.360	93aaad528d0a:0	olmo_core.data.numpy_dataset:1336	INFO	Packed 101,530,590 tokens from ['/tmp/olmo-sft/work/datasets/fields/olmocore/token_ids_part_0007.npy'] into 12,664 instances of sequence length 8,192 using an average of 174.7 padding tokens per instance.
2026-06-07 08:45:42.360	93aaad528d0a:0	olmo_core.data.numpy_dataset:1336	INFO	Packed 101,331,156 tokens from ['/tmp/olmo-sft/work/datasets/fields/olmocore/token_ids_part_0008.npy'] into 12,611 instances of sequence length 8,192 using an average of 156.9 padding tokens per instance.
2026-06-07 08:45:42.360	93aaad528d0a:0	olmo_core.data.numpy_dataset:1336	INFO	Packed 102,379,629 tokens from ['/tmp/olmo-sft/work/datasets/fields/olmocore/token_ids_part_0009.npy'] into 12,751 instances of sequence length 8,192 using an average of 162.9 padding tokens per instance.
2026-06-07 08:45:42.360	93aaad528d0a:0	olmo_core.data.numpy_dataset:1336	INFO	Packed 101,798,984 tokens from ['/tmp/olmo-sft/work/datasets/fields/olmocore/token_ids_part_0010.npy'] into 12,682 instances of sequence length 8,192 using an average of 165.0 padding tokens per instance.
2026-06-07 08:45:42.360	93aaad528d0a:0	olmo_core.data.numpy_dataset:1336	INFO	Packed 101,017,305 tokens from ['/tmp/olmo-sft/work/datasets/fields/olmocore/token_ids_part_0011.npy'] into 12,582 instances of sequence length 8,192 using an average of 163.3 padding tokens per instance.
2026-06-07 08:45:42.360	93aaad528d0a:0	olmo_core.data.numpy_dataset:1336	INFO	Packed 101,624,822 tokens from ['/tmp/olmo-sft/work/datasets/fields/olmocore/token_ids_part_0012.npy'] into 12,640 instances of sequence length 8,192 using an average of 152.1 padding tokens per instance.
2026-06-07 08:45:42.360	93aaad528d0a:0	olmo_core.data.numpy_dataset:1336	INFO	Packed 102,007,618 tokens from ['/tmp/olmo-sft/work/datasets/fields/olmocore/token_ids_part_0013.npy'] into 12,715 instances of sequence length 8,192 using an average of 169.4 padding tokens per instance.
2026-06-07 08:45:42.360	93aaad528d0a:0	olmo_core.data.numpy_dataset:1336	INFO	Packed 101,314,206 tokens from ['/tmp/olmo-sft/work/datasets/fields/olmocore/token_ids_part_0014.npy'] into 12,621 instances of sequence length 8,192 using an average of 164.6 padding tokens per instance.
2026-06-07 08:45:42.361	93aaad528d0a:0	olmo_core.data.numpy_dataset:1336	INFO	Packed 101,206,733 tokens from ['/tmp/olmo-sft/work/datasets/fields/olmocore/token_ids_part_0015.npy'] into 12,593 instances of sequence length 8,192 using an average of 155.3 padding tokens per instance.
2026-06-07 08:45:42.361	93aaad528d0a:0	olmo_core.data.numpy_dataset:1336	INFO	Packed 102,675,603 tokens from ['/tmp/olmo-sft/work/datasets/fields/olmocore/token_ids_part_0016.npy'] into 12,785 instances of sequence length 8,192 using an average of 161.1 padding tokens per instance.
2026-06-07 08:45:42.361	93aaad528d0a:0	olmo_core.data.numpy_dataset:1336	INFO	Packed 102,513,412 tokens from ['/tmp/olmo-sft/work/datasets/fields/olmocore/token_ids_part_0017.npy'] into 12,760 instances of sequence length 8,192 using an average of 158.0 padding tokens per instance.
2026-06-07 08:45:42.361	93aaad528d0a:0	olmo_core.data.numpy_dataset:1336	INFO	Packed 101,129,986 tokens from ['/tmp/olmo-sft/work/datasets/fields/olmocore/token_ids_part_0018.npy'] into 12,593 instances of sequence length 8,192 using an average of 161.3 padding tokens per instance.
2026-06-07 08:45:42.361	93aaad528d0a:0	olmo_core.data.numpy_dataset:1336	INFO	Packed 101,597,678 tokens from ['/tmp/olmo-sft/work/datasets/fields/olmocore/token_ids_part_0019.npy'] into 12,642 instances of sequence length 8,192 using an average of 155.5 padding tokens per instance.
2026-06-07 08:45:42.361	93aaad528d0a:0	olmo_core.data.numpy_dataset:1336	INFO	Packed 101,371,052 tokens from ['/tmp/olmo-sft/work/datasets/fields/olmocore/token_ids_part_0020.npy'] into 12,596 instances of sequence length 8,192 using an average of 144.1 padding tokens per instance.
2026-06-07 08:45:42.361	93aaad528d0a:0	olmo_core.data.numpy_dataset:1336	INFO	Packed 101,688,805 tokens from ['/tmp/olmo-sft/work/datasets/fields/olmocore/token_ids_part_0021.npy'] into 12,679 instances of sequence length 8,192 using an average of 171.7 padding tokens per instance.
2026-06-07 08:45:42.361	93aaad528d0a:0	olmo_core.data.numpy_dataset:1336	INFO	Packed 67,682,835 tokens from ['/tmp/olmo-sft/work/datasets/fields/olmocore/token_ids_part_0022.npy'] into 8,424 instances of sequence length 8,192 using an average of 157.5 padding tokens per instance.
2026-06-07 08:45:46.053	93aaad528d0a:0	olmo_core.train.trainer:374	INFO	Creating new process group for async bookkeeping
[Gloo] Rank [Gloo] Rank 10 is connected to  is connected to 1 peer ranks. 1Expected number of connected peer ranks is :  peer ranks. 1Expected number of connected peer ranks is : 
1
2026-06-07 08:45:46.061	93aaad528d0a:0	__main__:735	INFO	Saving tokenizer...
2026-06-07 08:45:46.062	93aaad528d0a:0	__main__:740	INFO	Saving tokenizer to /tmp/olmo-sft/output/internal/checkpoints/fields/olmo-sft/olmo3-1b-sft-bf16-oldbug/tokenizer
2026-06-07 08:45:46.062	93aaad528d0a:0	olmo_core.io:268	INFO	Collecting source files from '/tmp/olmo-sft/work/datasets/fields/olmocore/tokenizer' to copy to '/tmp/olmo-sft/output/internal/checkpoints/fields/olmo-sft/olmo3-1b-sft-bf16-oldbug/tokenizer'...
2026-06-07 08:45:46.063	93aaad528d0a:0	olmo_core.io:282	INFO	Collected 3 source files to copy
Copying source files... ━━━━━━━━━━━━━━━━━━━━━━━━━━━━━━━━━━━━━━━━ 100% 0:00:00
2026-06-07 08:45:46.066	93aaad528d0a:0	__main__:749	INFO	Loading checkpoint...
2026-06-07 08:45:46.067	93aaad528d0a:0	__main__:751	INFO	No checkpoint found in save folder '/tmp/olmo-sft/output/internal/checkpoints/fields/olmo-sft/olmo3-1b-sft-bf16-oldbug', attempting to load from pretraining checkpoint '/tmp/olmo-sft/work/base-distcp/model_and_optim'
2026-06-07 08:45:46.067	93aaad528d0a:0	olmo_core.train.trainer:902	INFO	Loading checkpoint from '/tmp/olmo-sft/work/base-distcp/model_and_optim'...
2026-06-07 08:45:46.070	93aaad528d0a:0	olmo_core.train.train_module.transformer.train_module:264	WARNING	No optimizer state found in checkpoint
2026-06-07 08:45:46.072	93aaad528d0a:1	olmo_core.train.train_module.transformer.train_module:264	WARNING	No optimizer state found in checkpoint
2026-06-07 08:45:58.898	93aaad528d0a:0	olmo_core.train.trainer:923	INFO	Checkpoint successfully loaded
2026-06-07 08:45:58.909	93aaad528d0a:0	olmo_core.train.trainer:714	INFO	Callback order:
2026-06-07 08:45:58.909	93aaad528d0a:0	olmo_core.train.trainer:716	INFO	  - Callback 1: checkpointer
2026-06-07 08:45:58.909	93aaad528d0a:0	olmo_core.train.trainer:716	INFO	  - Callback 2: config_saver
2026-06-07 08:45:58.909	93aaad528d0a:0	olmo_core.train.trainer:716	INFO	  - Callback 3: garbage_collector
2026-06-07 08:45:58.909	93aaad528d0a:0	olmo_core.train.trainer:716	INFO	  - Callback 4: checkpoint_retention
2026-06-07 08:45:58.909	93aaad528d0a:0	olmo_core.train.trainer:716	INFO	  - Callback 5: wandb
2026-06-07 08:45:58.909	93aaad528d0a:0	olmo_core.train.trainer:716	INFO	  - Callback 6: console_logger
2026-06-07 08:45:58.909	93aaad528d0a:0	olmo_core.train.trainer:716	INFO	  - Callback 7: gpu_monitor
2026-06-07 08:45:58.909	93aaad528d0a:0	olmo_core.train.trainer:716	INFO	  - Callback 8: speed_monitor
2026-06-07 08:45:58.910	93aaad528d0a:0	olmo_core.train.trainer:719	INFO	Training for 3 steps
2026-06-07 08:45:58.910	93aaad528d0a:0	olmo_core.train.callbacks.checkpointer:211	INFO	Creating new process group for checkpointing (needed for async checkpointing)
[Gloo] Rank 0[Gloo] Rank  is connected to 1 peer ranks. Expected number of connected peer ranks is : 11
 is connected to 1 peer ranks. Expected number of connected peer ranks is : 1
2026-06-07 08:45:58.911	93aaad528d0a:0	olmo_core.train.callbacks.garbage_collector:33	INFO	Automatic GC disabled for training, will run GC every 1000 steps
wandb: [wandb.login()] Loaded credentials for https://api.wandb.ai from WANDB_API_KEY.
wandb: Currently logged in as: hav4ik to https://api.wandb.ai. Use `wandb login --relogin` to force relogin
wandb: Using an existing wandb-core service via WANDB_SERVICE.
wandb: Tracking run with wandb version 0.27.0
wandb: Run data is saved locally in /tmp/olmo-sft/output/internal/checkpoints/fields/olmo-sft/olmo3-1b-sft-bf16-oldbug/wandb/wandb/run-20260607_084559-olmo3-1b-sft-bf16-oldbug
wandb: Run `wandb offline` to turn off syncing.
wandb: Resuming run olmo3-1b-sft-bf16-oldbug
wandb: ⭐️ View project at https://wandb.ai/hav4ik/olmo3-7b-sft
wandb: 🚀 View run at https://wandb.ai/hav4ik/olmo3-7b-sft/runs/olmo3-1b-sft-bf16-oldbug
2026-06-07 08:46:00.545	93aaad528d0a:0	olmo_core.train.callbacks.gpu_memory_monitor:41	INFO	GPU capacity: NVIDIA GeForce RTX 3090 with 23.56GiB memory of which 2.89GiB is currently allocated and 3.28GiB is currently reserved.
2026-06-07 08:46:00.545	93aaad528d0a:0	olmo_core.train.callbacks.speed_monitor:114	INFO	Device: NVIDIA GeForce RTX 3090, Device peak Flops/s: 312000000000000
2026-06-07 08:46:00.545	93aaad528d0a:0	olmo_core.train.trainer:1462	INFO	Starting forward/backward dry-run batch...
2026-06-07 08:46:00.612	93aaad528d0a:0	py.warnings:112	WARNING	/opt/conda/lib/python3.12/site-packages/torch/_dynamo/pgo.py:539: UserWarning: dynamo_pgo force disabled by torch.compiler.config.force_disable_caches
  warn_once(

2026-06-07 08:46:00.612	93aaad528d0a:1	py.warnings:112	WARNING	/opt/conda/lib/python3.12/site-packages/torch/_dynamo/pgo.py:539: UserWarning: dynamo_pgo force disabled by torch.compiler.config.force_disable_caches
  warn_once(

[rank0]:W0607 08:46:02.872000 277 site-packages/torch/_inductor/utils.py:1337] [0/0] on error, temporary cache dir kept at /tmp/olmo-sft/work/node/93aaad528d0a/inductor/tmpv__ro9r6
[rank1]:W0607 08:46:02.872000 278 site-packages/torch/_inductor/utils.py:1337] [0/0] on error, temporary cache dir kept at /tmp/olmo-sft/work/node/93aaad528d0a/inductor/tmpnyesn0jc
2026-06-07 08:46:02.911	93aaad528d0a:1	olmo_core.train.trainer:746	ERROR	Training failed due to:
InductorError: FileNotFoundError: [Errno 2] No such file or directory: '8.6'

Set TORCHDYNAMO_VERBOSE=1 for the internal stack trace (please do this especially if you're reporting a bug to PyTorch). For even more developer context, set TORCH_LOGS="+dynamo"

2026-06-07 08:46:02.933	93aaad528d0a:0	olmo_core.train.trainer:746	ERROR	Training failed due to:
InductorError: FileNotFoundError: [Errno 2] No such file or directory: '8.6'

Set TORCHDYNAMO_VERBOSE=1 for the internal stack trace (please do this especially if you're reporting a bug to PyTorch). For even more developer context, set TORCH_LOGS="+dynamo"

2026-06-07 08:46:02.934	93aaad528d0a:0	olmo_core.train.callbacks.wandb:114	WARNING	Finalizing failed W&B run...
wandb: WARNING The `quiet` argument to `wandb.run.finish()` is deprecated, use `wandb.Settings(quiet=...)` to set this instead.
wandb: updating run metadata
wandb: uploading summary, console lines 4-17
wandb: 
wandb: Run summary:
wandb:     setup/phase training
wandb: setup/total_sec 0
wandb: 
wandb: 🚀 View run olmo3-1b-sft-bf16-oldbug at: https://wandb.ai/hav4ik/olmo3-7b-sft/runs/olmo3-1b-sft-bf16-oldbug
wandb: ⭐️ View project at: https://wandb.ai/hav4ik/olmo3-7b-sft
wandb: Synced 5 W&B file(s), 0 media file(s), 0 artifact file(s) and 0 other file(s)
wandb: Find logs at: /tmp/olmo-sft/output/internal/checkpoints/fields/olmo-sft/olmo3-1b-sft-bf16-oldbug/wandb/wandb/run-20260607_084559-olmo3-1b-sft-bf16-oldbug/logs
2026-06-07 08:46:04.072	93aaad528d0a:1	olmo_core.utils:400	CRITICAL	Uncaught InductorError: FileNotFoundError: [Errno 2] No such file or directory: '8.6'

Set TORCHDYNAMO_VERBOSE=1 for the internal stack trace (please do this especially if you're reporting a bug to PyTorch). For even more developer context, set TORCH_LOGS="+dynamo"
Traceback (most recent call last):
  File "/app/code/olmocore/sft_scripts/Olmo-2-1B-SFT-local.py", line 854, in <module>
    train(args.pretrain_checkpoint, config, args.no_save_tokenizer)
  File "/app/code/olmocore/sft_scripts/Olmo-2-1B-SFT-local.py", line 759, in train
    trainer.fit()
  File "/workspace/OLMo-core/src/olmo_core/train/trainer.py", line 739, in fit
    self._dry_run_batch()
  File "/workspace/OLMo-core/src/olmo_core/train/trainer.py", line 1463, in _dry_run_batch
    self.train_module.train_batch(batch, dry_run=True)
  File "/workspace/OLMo-core/src/olmo_core/train/train_module/transformer/train_module.py", line 402, in train_batch
    _, loss, ce_loss, z_loss = self.model_forward(
                               ^^^^^^^^^^^^^^^^^^^
  File "/workspace/OLMo-core/src/olmo_core/train/train_module/transformer/train_module.py", line 548, in model_forward
    return self.model(input_ids, labels=labels, **kwargs)
           ^^^^^^^^^^^^^^^^^^^^^^^^^^^^^^^^^^^^^^^^^^^^^^
  File "/opt/conda/lib/python3.12/site-packages/torch/nn/modules/module.py", line 1776, in _wrapped_call_impl
    return self._call_impl(*args, **kwargs)
           ^^^^^^^^^^^^^^^^^^^^^^^^^^^^^^^^
  File "/opt/conda/lib/python3.12/site-packages/torch/nn/modules/module.py", line 1882, in _call_impl
    return inner()
           ^^^^^^^
  File "/opt/conda/lib/python3.12/site-packages/torch/nn/modules/module.py", line 1830, in inner
    result = forward_call(*args, **kwargs)
             ^^^^^^^^^^^^^^^^^^^^^^^^^^^^^
  File "/workspace/OLMo-core/src/olmo_core/nn/transformer/model.py", line 566, in forward
    h = block(h, **all_block_kwargs, **block_kwargs)
        ^^^^^^^^^^^^^^^^^^^^^^^^^^^^^^^^^^^^^^^^^^^^
  File "/opt/conda/lib/python3.12/site-packages/torch/nn/modules/module.py", line 1774, in _wrapped_call_impl
    return self._compiled_call_impl(*args, **kwargs)  # type: ignore[misc]
           ^^^^^^^^^^^^^^^^^^^^^^^^^^^^^^^^^^^^^^^^^
  File "/opt/conda/lib/python3.12/site-packages/torch/_dynamo/eval_frame.py", line 967, in compile_wrapper
    raise e.remove_dynamo_frames() from None  # see TORCHDYNAMO_VERBOSE=1
    ^^^^^^^^^^^^^^^^^^^^^^^^^^^^^^^^^^^^^^^^
  File "/opt/conda/lib/python3.12/site-packages/torch/_inductor/compile_fx.py", line 992, in _compile_fx_inner
    raise InductorError(e, currentframe()).with_traceback(
  File "/opt/conda/lib/python3.12/site-packages/torch/_inductor/compile_fx.py", line 988, in _compile_fx_inner
    mb_compiled_graph = fx_codegen_and_compile(
                        ^^^^^^^^^^^^^^^^^^^^^^^
  File "/opt/conda/lib/python3.12/site-packages/torch/_inductor/compile_fx.py", line 1766, in fx_codegen_and_compile
    return scheme.codegen_and_compile(gm, example_inputs, inputs_to_check, graph_kwargs)
           ^^^^^^^^^^^^^^^^^^^^^^^^^^^^^^^^^^^^^^^^^^^^^^^^^^^^^^^^^^^^^^^^^^^^^^^^^^^^^
  File "/opt/conda/lib/python3.12/site-packages/torch/_inductor/compile_fx.py", line 1537, in codegen_and_compile
    compiled_module = graph.compile_to_module()
                      ^^^^^^^^^^^^^^^^^^^^^^^^^
  File "/opt/conda/lib/python3.12/site-packages/torch/_inductor/graph.py", line 2416, in compile_to_module
    return self._compile_to_module()
           ^^^^^^^^^^^^^^^^^^^^^^^^^
  File "/opt/conda/lib/python3.12/site-packages/torch/_inductor/graph.py", line 2422, in _compile_to_module
    self.codegen_with_cpp_wrapper() if self.cpp_wrapper else self.codegen()
                                                             ^^^^^^^^^^^^^^
  File "/opt/conda/lib/python3.12/site-packages/torch/_inductor/graph.py", line 2358, in codegen
    self.scheduler.codegen()
  File "/opt/conda/lib/python3.12/site-packages/torch/_inductor/scheduler.py", line 6019, in codegen
    self._codegen_partitions()
  File "/opt/conda/lib/python3.12/site-packages/torch/_inductor/scheduler.py", line 6161, in _codegen_partitions
    self._codegen(partition)
  File "/opt/conda/lib/python3.12/site-packages/torch/_inductor/scheduler.py", line 6266, in _codegen
    self.get_backend(device).codegen_node(node)
  File "/opt/conda/lib/python3.12/site-packages/torch/_inductor/codegen/cuda_combined_scheduling.py", line 130, in codegen_node
    return self._triton_scheduling.codegen_node(node)
           ^^^^^^^^^^^^^^^^^^^^^^^^^^^^^^^^^^^^^^^^^^
  File "/opt/conda/lib/python3.12/site-packages/torch/_inductor/codegen/simd.py", line 1822, in codegen_node
    return self._codegen_nodes(nodes, coalesce_analysis)  # type: ignore[arg-type]
           ^^^^^^^^^^^^^^^^^^^^^^^^^^^^^^^^^^^^^^^^^^^^^
  File "/opt/conda/lib/python3.12/site-packages/torch/_inductor/codegen/simd.py", line 1795, in _codegen_nodes
    return self.codegen_node_schedule(
           ^^^^^^^^^^^^^^^^^^^^^^^^^^^
  File "/opt/conda/lib/python3.12/site-packages/torch/_inductor/codegen/simd.py", line 1885, in codegen_node_schedule
    src_code = kernel.codegen_kernel()
               ^^^^^^^^^^^^^^^^^^^^^^^
  File "/opt/conda/lib/python3.12/site-packages/torch/_inductor/codegen/triton.py", line 5295, in codegen_kernel
    **self.inductor_meta_common(),
      ^^^^^^^^^^^^^^^^^^^^^^^^^^^
  File "/opt/conda/lib/python3.12/site-packages/torch/_inductor/codegen/triton.py", line 5097, in inductor_meta_common
    "backend_hash": torch.utils._triton.triton_hash_with_backend(),
                    ^^^^^^^^^^^^^^^^^^^^^^^^^^^^^^^^^^^^^^^^^^^^^^
  File "/opt/conda/lib/python3.12/site-packages/torch/utils/_triton.py", line 200, in triton_hash_with_backend
    backend = triton_backend()
              ^^^^^^^^^^^^^^^^
  File "/opt/conda/lib/python3.12/site-packages/torch/utils/_triton.py", line 192, in triton_backend
    target = driver.active.get_current_target()
             ^^^^^^^^^^^^^
  File "/opt/conda/lib/python3.12/site-packages/triton/runtime/driver.py", line 28, in active
    self._active = self.default
                   ^^^^^^^^^^^^
  File "/opt/conda/lib/python3.12/site-packages/triton/runtime/driver.py", line 22, in default
    self._default = _create_driver()
                    ^^^^^^^^^^^^^^^^
  File "/opt/conda/lib/python3.12/site-packages/triton/runtime/driver.py", line 10, in _create_driver
    return active_drivers[0]()
           ^^^^^^^^^^^^^^^^^^^
  File "/opt/conda/lib/python3.12/site-packages/triton/backends/nvidia/driver.py", line 720, in __init__
    self.utils = CudaUtils()  # TODO: make static
                 ^^^^^^^^^^^
  File "/opt/conda/lib/python3.12/site-packages/triton/backends/nvidia/driver.py", line 62, in __init__
    mod = compile_module_from_src(
          ^^^^^^^^^^^^^^^^^^^^^^^^
  File "/opt/conda/lib/python3.12/site-packages/triton/runtime/build.py", line 93, in compile_module_from_src
    so = _build(name, src_path, tmpdir, library_dirs or [], include_dirs or [], libraries or [], ccflags or [])
         ^^^^^^^^^^^^^^^^^^^^^^^^^^^^^^^^^^^^^^^^^^^^^^^^^^^^^^^^^^^^^^^^^^^^^^^^^^^^^^^^^^^^^^^^^^^^^^^^^^^^^^
  File "/opt/conda/lib/python3.12/site-packages/triton/runtime/build.py", line 48, in _build
    subprocess.check_call(cc_cmd, stdout=subprocess.DEVNULL)
  File "/opt/conda/lib/python3.12/subprocess.py", line 408, in check_call
    retcode = call(*popenargs, **kwargs)
              ^^^^^^^^^^^^^^^^^^^^^^^^^^
  File "/opt/conda/lib/python3.12/subprocess.py", line 389, in call
    with Popen(*popenargs, **kwargs) as p:
         ^^^^^^^^^^^^^^^^^^^^^^^^^^^
  File "/opt/conda/lib/python3.12/subprocess.py", line 1026, in __init__
    self._execute_child(args, executable, preexec_fn, close_fds,
  File "/opt/conda/lib/python3.12/subprocess.py", line 1955, in _execute_child
    raise child_exception_type(errno_num, err_msg, err_filename)
torch._inductor.exc.InductorError: FileNotFoundError: [Errno 2] No such file or directory: '8.6'

Set TORCHDYNAMO_VERBOSE=1 for the internal stack trace (please do this especially if you're reporting a bug to PyTorch). For even more developer context, set TORCH_LOGS="+dynamo"

2026-06-07 08:46:04.092	93aaad528d0a:0	olmo_core.utils:400	CRITICAL	Uncaught InductorError: FileNotFoundError: [Errno 2] No such file or directory: '8.6'

Set TORCHDYNAMO_VERBOSE=1 for the internal stack trace (please do this especially if you're reporting a bug to PyTorch). For even more developer context, set TORCH_LOGS="+dynamo"
Traceback (most recent call last):
  File "/app/code/olmocore/sft_scripts/Olmo-2-1B-SFT-local.py", line 854, in <module>
    train(args.pretrain_checkpoint, config, args.no_save_tokenizer)
  File "/app/code/olmocore/sft_scripts/Olmo-2-1B-SFT-local.py", line 759, in train
    trainer.fit()
  File "/workspace/OLMo-core/src/olmo_core/train/trainer.py", line 739, in fit
    self._dry_run_batch()
  File "/workspace/OLMo-core/src/olmo_core/train/trainer.py", line 1463, in _dry_run_batch
    self.train_module.train_batch(batch, dry_run=True)
  File "/workspace/OLMo-core/src/olmo_core/train/train_module/transformer/train_module.py", line 402, in train_batch
    _, loss, ce_loss, z_loss = self.model_forward(
                               ^^^^^^^^^^^^^^^^^^^
  File "/workspace/OLMo-core/src/olmo_core/train/train_module/transformer/train_module.py", line 548, in model_forward
    return self.model(input_ids, labels=labels, **kwargs)
           ^^^^^^^^^^^^^^^^^^^^^^^^^^^^^^^^^^^^^^^^^^^^^^
  File "/opt/conda/lib/python3.12/site-packages/torch/nn/modules/module.py", line 1776, in _wrapped_call_impl
    return self._call_impl(*args, **kwargs)
           ^^^^^^^^^^^^^^^^^^^^^^^^^^^^^^^^
  File "/opt/conda/lib/python3.12/site-packages/torch/nn/modules/module.py", line 1882, in _call_impl
    return inner()
           ^^^^^^^
  File "/opt/conda/lib/python3.12/site-packages/torch/nn/modules/module.py", line 1830, in inner
    result = forward_call(*args, **kwargs)
             ^^^^^^^^^^^^^^^^^^^^^^^^^^^^^
  File "/workspace/OLMo-core/src/olmo_core/nn/transformer/model.py", line 566, in forward
    h = block(h, **all_block_kwargs, **block_kwargs)
        ^^^^^^^^^^^^^^^^^^^^^^^^^^^^^^^^^^^^^^^^^^^^
  File "/opt/conda/lib/python3.12/site-packages/torch/nn/modules/module.py", line 1774, in _wrapped_call_impl
    return self._compiled_call_impl(*args, **kwargs)  # type: ignore[misc]
           ^^^^^^^^^^^^^^^^^^^^^^^^^^^^^^^^^^^^^^^^^
  File "/opt/conda/lib/python3.12/site-packages/torch/_dynamo/eval_frame.py", line 967, in compile_wrapper
    raise e.remove_dynamo_frames() from None  # see TORCHDYNAMO_VERBOSE=1
    ^^^^^^^^^^^^^^^^^^^^^^^^^^^^^^^^^^^^^^^^
  File "/opt/conda/lib/python3.12/site-packages/torch/_inductor/compile_fx.py", line 992, in _compile_fx_inner
    raise InductorError(e, currentframe()).with_traceback(
  File "/opt/conda/lib/python3.12/site-packages/torch/_inductor/compile_fx.py", line 988, in _compile_fx_inner
    mb_compiled_graph = fx_codegen_and_compile(
                        ^^^^^^^^^^^^^^^^^^^^^^^
  File "/opt/conda/lib/python3.12/site-packages/torch/_inductor/compile_fx.py", line 1766, in fx_codegen_and_compile
    return scheme.codegen_and_compile(gm, example_inputs, inputs_to_check, graph_kwargs)
           ^^^^^^^^^^^^^^^^^^^^^^^^^^^^^^^^^^^^^^^^^^^^^^^^^^^^^^^^^^^^^^^^^^^^^^^^^^^^^
  File "/opt/conda/lib/python3.12/site-packages/torch/_inductor/compile_fx.py", line 1537, in codegen_and_compile
    compiled_module = graph.compile_to_module()
                      ^^^^^^^^^^^^^^^^^^^^^^^^^
  File "/opt/conda/lib/python3.12/site-packages/torch/_inductor/graph.py", line 2416, in compile_to_module
    return self._compile_to_module()
           ^^^^^^^^^^^^^^^^^^^^^^^^^
  File "/opt/conda/lib/python3.12/site-packages/torch/_inductor/graph.py", line 2422, in _compile_to_module
    self.codegen_with_cpp_wrapper() if self.cpp_wrapper else self.codegen()
                                                             ^^^^^^^^^^^^^^
  File "/opt/conda/lib/python3.12/site-packages/torch/_inductor/graph.py", line 2358, in codegen
    self.scheduler.codegen()
  File "/opt/conda/lib/python3.12/site-packages/torch/_inductor/scheduler.py", line 6019, in codegen
    self._codegen_partitions()
  File "/opt/conda/lib/python3.12/site-packages/torch/_inductor/scheduler.py", line 6161, in _codegen_partitions
    self._codegen(partition)
  File "/opt/conda/lib/python3.12/site-packages/torch/_inductor/scheduler.py", line 6266, in _codegen
    self.get_backend(device).codegen_node(node)
  File "/opt/conda/lib/python3.12/site-packages/torch/_inductor/codegen/cuda_combined_scheduling.py", line 130, in codegen_node
    return self._triton_scheduling.codegen_node(node)
           ^^^^^^^^^^^^^^^^^^^^^^^^^^^^^^^^^^^^^^^^^^
  File "/opt/conda/lib/python3.12/site-packages/torch/_inductor/codegen/simd.py", line 1822, in codegen_node
    return self._codegen_nodes(nodes, coalesce_analysis)  # type: ignore[arg-type]
           ^^^^^^^^^^^^^^^^^^^^^^^^^^^^^^^^^^^^^^^^^^^^^
  File "/opt/conda/lib/python3.12/site-packages/torch/_inductor/codegen/simd.py", line 1795, in _codegen_nodes
    return self.codegen_node_schedule(
           ^^^^^^^^^^^^^^^^^^^^^^^^^^^
  File "/opt/conda/lib/python3.12/site-packages/torch/_inductor/codegen/simd.py", line 1885, in codegen_node_schedule
    src_code = kernel.codegen_kernel()
               ^^^^^^^^^^^^^^^^^^^^^^^
  File "/opt/conda/lib/python3.12/site-packages/torch/_inductor/codegen/triton.py", line 5295, in codegen_kernel
    **self.inductor_meta_common(),
      ^^^^^^^^^^^^^^^^^^^^^^^^^^^
  File "/opt/conda/lib/python3.12/site-packages/torch/_inductor/codegen/triton.py", line 5097, in inductor_meta_common
    "backend_hash": torch.utils._triton.triton_hash_with_backend(),
                    ^^^^^^^^^^^^^^^^^^^^^^^^^^^^^^^^^^^^^^^^^^^^^^
  File "/opt/conda/lib/python3.12/site-packages/torch/utils/_triton.py", line 200, in triton_hash_with_backend
    backend = triton_backend()
              ^^^^^^^^^^^^^^^^
  File "/opt/conda/lib/python3.12/site-packages/torch/utils/_triton.py", line 192, in triton_backend
    target = driver.active.get_current_target()
             ^^^^^^^^^^^^^
  File "/opt/conda/lib/python3.12/site-packages/triton/runtime/driver.py", line 28, in active
    self._active = self.default
                   ^^^^^^^^^^^^
  File "/opt/conda/lib/python3.12/site-packages/triton/runtime/driver.py", line 22, in default
    self._default = _create_driver()
                    ^^^^^^^^^^^^^^^^
  File "/opt/conda/lib/python3.12/site-packages/triton/runtime/driver.py", line 10, in _create_driver
    return active_drivers[0]()
           ^^^^^^^^^^^^^^^^^^^
  File "/opt/conda/lib/python3.12/site-packages/triton/backends/nvidia/driver.py", line 720, in __init__
    self.utils = CudaUtils()  # TODO: make static
                 ^^^^^^^^^^^
  File "/opt/conda/lib/python3.12/site-packages/triton/backends/nvidia/driver.py", line 62, in __init__
    mod = compile_module_from_src(
          ^^^^^^^^^^^^^^^^^^^^^^^^
  File "/opt/conda/lib/python3.12/site-packages/triton/runtime/build.py", line 93, in compile_module_from_src
    so = _build(name, src_path, tmpdir, library_dirs or [], include_dirs or [], libraries or [], ccflags or [])
         ^^^^^^^^^^^^^^^^^^^^^^^^^^^^^^^^^^^^^^^^^^^^^^^^^^^^^^^^^^^^^^^^^^^^^^^^^^^^^^^^^^^^^^^^^^^^^^^^^^^^^^
  File "/opt/conda/lib/python3.12/site-packages/triton/runtime/build.py", line 48, in _build
    subprocess.check_call(cc_cmd, stdout=subprocess.DEVNULL)
  File "/opt/conda/lib/python3.12/subprocess.py", line 408, in check_call
    retcode = call(*popenargs, **kwargs)
              ^^^^^^^^^^^^^^^^^^^^^^^^^^
  File "/opt/conda/lib/python3.12/subprocess.py", line 389, in call
    with Popen(*popenargs, **kwargs) as p:
         ^^^^^^^^^^^^^^^^^^^^^^^^^^^
  File "/opt/conda/lib/python3.12/subprocess.py", line 1026, in __init__
    self._execute_child(args, executable, preexec_fn, close_fds,
  File "/opt/conda/lib/python3.12/subprocess.py", line 1955, in _execute_child
    raise child_exception_type(errno_num, err_msg, err_filename)
torch._inductor.exc.InductorError: FileNotFoundError: [Errno 2] No such file or directory: '8.6'

Set TORCHDYNAMO_VERBOSE=1 for the internal stack trace (please do this especially if you're reporting a bug to PyTorch). For even more developer context, set TORCH_LOGS="+dynamo"

W0607 08:46:06.107000 239 site-packages/torch/distributed/elastic/multiprocessing/api.py:1010] Sending process 277 closing signal SIGTERM
E0607 08:46:06.222000 239 site-packages/torch/distributed/elastic/multiprocessing/api.py:984] failed (exitcode: 1) local_rank: 1 (pid: 278) of binary: /opt/conda/bin/python
Traceback (most recent call last):
  File "/opt/conda/bin/torchrun", line 33, in <module>
    sys.exit(load_entry_point('torch==2.10.0+cu130', 'console_scripts', 'torchrun')())
             ^^^^^^^^^^^^^^^^^^^^^^^^^^^^^^^^^^^^^^^^^^^^^^^^^^^^^^^^^^^^^^^^^^^^^^^^
  File "/opt/conda/lib/python3.12/site-packages/torch/distributed/elastic/multiprocessing/errors/__init__.py", line 362, in wrapper
    return f(*args, **kwargs)
           ^^^^^^^^^^^^^^^^^^
  File "/opt/conda/lib/python3.12/site-packages/torch/distributed/run.py", line 991, in main
    run(args)
  File "/opt/conda/lib/python3.12/site-packages/torch/distributed/run.py", line 982, in run
    elastic_launch(
  File "/opt/conda/lib/python3.12/site-packages/torch/distributed/launcher/api.py", line 170, in __call__
    return launch_agent(self._config, self._entrypoint, list(args))
           ^^^^^^^^^^^^^^^^^^^^^^^^^^^^^^^^^^^^^^^^^^^^^^^^^^^^^^^^
  File "/opt/conda/lib/python3.12/site-packages/torch/distributed/launcher/api.py", line 317, in launch_agent
    raise ChildFailedError(
torch.distributed.elastic.multiprocessing.errors.ChildFailedError: 
============================================================
/app/code/olmocore/sft_scripts/Olmo-2-1B-SFT-local.py FAILED
------------------------------------------------------------
Failures:
[1]:
  time      : 2026-06-07_08:46:06
  host      : 93aaad528d0a
  rank      : 0 (local_rank: 0)
  exitcode  : 1 (pid: 277)
  error_file: <N/A>
  traceback : To enable traceback see: https://pytorch.org/docs/stable/elastic/errors.html
------------------------------------------------------------
Root Cause (first observed failure):
[0]:
  time      : 2026-06-07_08:46:06
  host      : 93aaad528d0a
  rank      : 1 (local_rank: 1)
  exitcode  : 1 (pid: 278)
  error_file: <N/A>
  traceback : To enable traceback see: https://pytorch.org/docs/stable/elastic/errors.html
============================================================
2026-06-07 08:46:06,477 [INFO] fields.train: upload watcher stopped
2026-06-07 08:46:06,483 [INFO] fields.train: auto-upload (final): /opt/conda/bin/python /app/upload.py --output /tmp/olmo-sft/output --seq-len 8192 --final --retries 10 (CPU-only)
2026-06-07 08:46:06,532 [INFO] fields.secrets: loaded secrets from /app/SECRETS.json (set: none new)
2026-06-07 08:46:06,538 [INFO] fields.upload: final checkpoint: /tmp/olmo-sft/output/internal/checkpoints/fields/olmo-sft/olmo3-1b-sft-bf16-ccfix/step10
2026-06-07 08:46:06,538 [INFO] fields.upload: converting /tmp/olmo-sft/output/internal/checkpoints/fields/olmo-sft/olmo3-1b-sft-bf16-ccfix/step10 -> /tmp/olmo-sft/output/model
W0607 08:46:10.116000 816 site-packages/torch/utils/cpp_extension.py:118] No CUDA runtime is found, using CUDA_HOME='/opt/fields'
Skipping import of cpp extensions due to incompatible torch version 2.10.0+cu130 for torchao version 0.15.0             Please see https://github.com/pytorch/ao/issues/2919 for more info
2026-06-07 08:46:10.972	93aaad528d0a:0	olmo_core.utils:237	INFO	Setting env var 'OMP_NUM_THREADS' to '8'
2026-06-07 08:46:10.972	93aaad528d0a:0	olmo_core.utils:237	INFO	Setting env var 'TOKENIZERS_PARALLELISM' to 'false'
TransformerConfig(
    d_model=2048,
    vocab_size=100352,
    n_layers=16,
    block=TransformerBlockConfig(
        sequence_mixer=AttentionConfig(
            name='default',
            n_heads=16,
            n_kv_heads=None,
            head_dim=None,
            bias=False,
            gate=None,
            rope=RoPEConfig(name='default', theta=500000, full_precision=True, no_global_rope=False, scaling=None),
            clip_qkv=None,
            qk_norm=LayerNormConfig(name='rms', eps=1e-06, elementwise_affine=None, bias=False, full_precision=None, dtype='float32'),
            dropout=None,
            use_flash=None,
            backend='torch',
            dtype='float32',
            sliding_window=None,
            use_head_qk_norm=False
        ),
        layer_norm=LayerNormConfig(name='rms', eps=1e-06, elementwise_affine=None, bias=False, full_precision=None, dtype='float32'),
        feed_forward=FeedForwardConfig(hidden_size=8192, name='default', bias=False, dtype='float32', activation='silu'),
        feed_forward_moe=None,
        name='reordered_norm',
        dropout=None,
        attention_residual_alpha=None,
        feed_forward_residual_alpha=None
    ),
    lm_head=LMHeadConfig(
        name='default',
        layer_norm=LayerNormConfig(name='rms', eps=1e-06, elementwise_affine=None, bias=False, full_precision=None, dtype='float32'),
        bias=False,
        dtype='float32',
        loss_implementation='fused_linear'
    ),
    embedding_norm=None,
    name='default',
    dtype='float32',
    init_method='normal',
    init_seed=0,
    init_std=0.02,
    embedding_init_std=None,
    freeze_params=None,
    block_pattern=None,
    block_overrides=None,
    embed_scale=None
)
2026-06-07 08:46:10.985	93aaad528d0a:0	olmo_core.nn.transformer.config:361	INFO	Building transformer with 1,484,916,736 total params, 1,279,395,840 non-embedding params
2026-06-07 08:46:10.987	93aaad528d0a:0	olmo_core.nn.attention:471	INFO	Using attention backend 'torch'
2026-06-07 08:46:10.988	93aaad528d0a:0	olmo_core.nn.attention:471	INFO	Using attention backend 'torch'
2026-06-07 08:46:10.988	93aaad528d0a:0	olmo_core.nn.attention:471	INFO	Using attention backend 'torch'
2026-06-07 08:46:10.989	93aaad528d0a:0	olmo_core.nn.attention:471	INFO	Using attention backend 'torch'
2026-06-07 08:46:10.990	93aaad528d0a:0	olmo_core.nn.attention:471	INFO	Using attention backend 'torch'
2026-06-07 08:46:10.991	93aaad528d0a:0	olmo_core.nn.attention:471	INFO	Using attention backend 'torch'
2026-06-07 08:46:10.992	93aaad528d0a:0	olmo_core.nn.attention:471	INFO	Using attention backend 'torch'
2026-06-07 08:46:10.993	93aaad528d0a:0	olmo_core.nn.attention:471	INFO	Using attention backend 'torch'
2026-06-07 08:46:10.994	93aaad528d0a:0	olmo_core.nn.attention:471	INFO	Using attention backend 'torch'
2026-06-07 08:46:10.994	93aaad528d0a:0	olmo_core.nn.attention:471	INFO	Using attention backend 'torch'
2026-06-07 08:46:10.995	93aaad528d0a:0	olmo_core.nn.attention:471	INFO	Using attention backend 'torch'
2026-06-07 08:46:10.996	93aaad528d0a:0	olmo_core.nn.attention:471	INFO	Using attention backend 'torch'
2026-06-07 08:46:10.997	93aaad528d0a:0	olmo_core.nn.attention:471	INFO	Using attention backend 'torch'
2026-06-07 08:46:10.998	93aaad528d0a:0	olmo_core.nn.attention:471	INFO	Using attention backend 'torch'
2026-06-07 08:46:10.999	93aaad528d0a:0	olmo_core.nn.attention:471	INFO	Using attention backend 'torch'
2026-06-07 08:46:10.999	93aaad528d0a:0	olmo_core.nn.attention:471	INFO	Using attention backend 'torch'
2026-06-07 08:46:11.000	93aaad528d0a:0	olmo_core.nn.transformer.config:431	INFO	Transformer(
  (embeddings): Embedding(100352, 2048)
  (blocks): ModuleDict(
    (0): ReorderedNormTransformerBlock(
      (attention): Attention(
        (w_q): Linear(in_features=2048, out_features=2048, bias=False)
        (w_k): Linear(in_features=2048, out_features=2048, bias=False)
        (w_v): Linear(in_features=2048, out_features=2048, bias=False)
        (w_out): Linear(in_features=2048, out_features=2048, bias=False)
        (q_norm): RMSNorm((2048,), eps=1e-06)
        (k_norm): RMSNorm((2048,), eps=1e-06)
        (rope): RotaryEmbedding()
        (backend): TorchAttentionBackend()
      )
      (attention_norm): RMSNorm((2048,), eps=1e-06)
      (attention_residual_stream): ResidualStream(
        (dropout): Identity()
      )
      (feed_forward): FeedForward(
        (w1): Linear(in_features=2048, out_features=8192, bias=False)
        (w2): Linear(in_features=8192, out_features=2048, bias=False)
        (w3): Linear(in_features=2048, out_features=8192, bias=False)
      )
      (feed_forward_norm): RMSNorm((2048,), eps=1e-06)
      (feed_forward_residual_stream): ResidualStream(
        (dropout): Identity()
      )
    )
    (1): ReorderedNormTransformerBlock(
      (attention): Attention(
        (w_q): Linear(in_features=2048, out_features=2048, bias=False)
        (w_k): Linear(in_features=2048, out_features=2048, bias=False)
        (w_v): Linear(in_features=2048, out_features=2048, bias=False)
        (w_out): Linear(in_features=2048, out_features=2048, bias=False)
        (q_norm): RMSNorm((2048,), eps=1e-06)
        (k_norm): RMSNorm((2048,), eps=1e-06)
        (rope): RotaryEmbedding()
        (backend): TorchAttentionBackend()
      )
      (attention_norm): RMSNorm((2048,), eps=1e-06)
      (attention_residual_stream): ResidualStream(
        (dropout): Identity()
      )
      (feed_forward): FeedForward(
        (w1): Linear(in_features=2048, out_features=8192, bias=False)
        (w2): Linear(in_features=8192, out_features=2048, bias=False)
        (w3): Linear(in_features=2048, out_features=8192, bias=False)
      )
      (feed_forward_norm): RMSNorm((2048,), eps=1e-06)
      (feed_forward_residual_stream): ResidualStream(
        (dropout): Identity()
      )
    )
    (2): ReorderedNormTransformerBlock(
      (attention): Attention(
        (w_q): Linear(in_features=2048, out_features=2048, bias=False)
        (w_k): Linear(in_features=2048, out_features=2048, bias=False)
        (w_v): Linear(in_features=2048, out_features=2048, bias=False)
        (w_out): Linear(in_features=2048, out_features=2048, bias=False)
        (q_norm): RMSNorm((2048,), eps=1e-06)
        (k_norm): RMSNorm((2048,), eps=1e-06)
        (rope): RotaryEmbedding()
        (backend): TorchAttentionBackend()
      )
      (attention_norm): RMSNorm((2048,), eps=1e-06)
      (attention_residual_stream): ResidualStream(
        (dropout): Identity()
      )
      (feed_forward): FeedForward(
        (w1): Linear(in_features=2048, out_features=8192, bias=False)
        (w2): Linear(in_features=8192, out_features=2048, bias=False)
        (w3): Linear(in_features=2048, out_features=8192, bias=False)
      )
      (feed_forward_norm): RMSNorm((2048,), eps=1e-06)
      (feed_forward_residual_stream): ResidualStream(
        (dropout): Identity()
      )
    )
    (3): ReorderedNormTransformerBlock(
      (attention): Attention(
        (w_q): Linear(in_features=2048, out_features=2048, bias=False)
        (w_k): Linear(in_features=2048, out_features=2048, bias=False)
        (w_v): Linear(in_features=2048, out_features=2048, bias=False)
        (w_out): Linear(in_features=2048, out_features=2048, bias=False)
        (q_norm): RMSNorm((2048,), eps=1e-06)
        (k_norm): RMSNorm((2048,), eps=1e-06)
        (rope): RotaryEmbedding()
        (backend): TorchAttentionBackend()
      )
      (attention_norm): RMSNorm((2048,), eps=1e-06)
      (attention_residual_stream): ResidualStream(
        (dropout): Identity()
      )
      (feed_forward): FeedForward(
        (w1): Linear(in_features=2048, out_features=8192, bias=False)
        (w2): Linear(in_features=8192, out_features=2048, bias=False)
        (w3): Linear(in_features=2048, out_features=8192, bias=False)
      )
      (feed_forward_norm): RMSNorm((2048,), eps=1e-06)
      (feed_forward_residual_stream): ResidualStream(
        (dropout): Identity()
      )
    )
    (4): ReorderedNormTransformerBlock(
      (attention): Attention(
        (w_q): Linear(in_features=2048, out_features=2048, bias=False)
        (w_k): Linear(in_features=2048, out_features=2048, bias=False)
        (w_v): Linear(in_features=2048, out_features=2048, bias=False)
        (w_out): Linear(in_features=2048, out_features=2048, bias=False)
        (q_norm): RMSNorm((2048,), eps=1e-06)
        (k_norm): RMSNorm((2048,), eps=1e-06)
        (rope): RotaryEmbedding()
        (backend): TorchAttentionBackend()
      )
      (attention_norm): RMSNorm((2048,), eps=1e-06)
      (attention_residual_stream): ResidualStream(
        (dropout): Identity()
      )
      (feed_forward): FeedForward(
        (w1): Linear(in_features=2048, out_features=8192, bias=False)
        (w2): Linear(in_features=8192, out_features=2048, bias=False)
        (w3): Linear(in_features=2048, out_features=8192, bias=False)
      )
      (feed_forward_norm): RMSNorm((2048,), eps=1e-06)
      (feed_forward_residual_stream): ResidualStream(
        (dropout): Identity()
      )
    )
    (5): ReorderedNormTransformerBlock(
      (attention): Attention(
        (w_q): Linear(in_features=2048, out_features=2048, bias=False)
        (w_k): Linear(in_features=2048, out_features=2048, bias=False)
        (w_v): Linear(in_features=2048, out_features=2048, bias=False)
        (w_out): Linear(in_features=2048, out_features=2048, bias=False)
        (q_norm): RMSNorm((2048,), eps=1e-06)
        (k_norm): RMSNorm((2048,), eps=1e-06)
        (rope): RotaryEmbedding()
        (backend): TorchAttentionBackend()
      )
      (attention_norm): RMSNorm((2048,), eps=1e-06)
      (attention_residual_stream): ResidualStream(
        (dropout): Identity()
      )
      (feed_forward): FeedForward(
        (w1): Linear(in_features=2048, out_features=8192, bias=False)
        (w2): Linear(in_features=8192, out_features=2048, bias=False)
        (w3): Linear(in_features=2048, out_features=8192, bias=False)
      )
      (feed_forward_norm): RMSNorm((2048,), eps=1e-06)
      (feed_forward_residual_stream): ResidualStream(
        (dropout): Identity()
      )
    )
    (6): ReorderedNormTransformerBlock(
      (attention): Attention(
        (w_q): Linear(in_features=2048, out_features=2048, bias=False)
        (w_k): Linear(in_features=2048, out_features=2048, bias=False)
        (w_v): Linear(in_features=2048, out_features=2048, bias=False)
        (w_out): Linear(in_features=2048, out_features=2048, bias=False)
        (q_norm): RMSNorm((2048,), eps=1e-06)
        (k_norm): RMSNorm((2048,), eps=1e-06)
        (rope): RotaryEmbedding()
        (backend): TorchAttentionBackend()
      )
      (attention_norm): RMSNorm((2048,), eps=1e-06)
      (attention_residual_stream): ResidualStream(
        (dropout): Identity()
      )
      (feed_forward): FeedForward(
        (w1): Linear(in_features=2048, out_features=8192, bias=False)
        (w2): Linear(in_features=8192, out_features=2048, bias=False)
        (w3): Linear(in_features=2048, out_features=8192, bias=False)
      )
      (feed_forward_norm): RMSNorm((2048,), eps=1e-06)
      (feed_forward_residual_stream): ResidualStream(
        (dropout): Identity()
      )
    )
    (7): ReorderedNormTransformerBlock(
      (attention): Attention(
        (w_q): Linear(in_features=2048, out_features=2048, bias=False)
        (w_k): Linear(in_features=2048, out_features=2048, bias=False)
        (w_v): Linear(in_features=2048, out_features=2048, bias=False)
        (w_out): Linear(in_features=2048, out_features=2048, bias=False)
        (q_norm): RMSNorm((2048,), eps=1e-06)
        (k_norm): RMSNorm((2048,), eps=1e-06)
        (rope): RotaryEmbedding()
        (backend): TorchAttentionBackend()
      )
      (attention_norm): RMSNorm((2048,), eps=1e-06)
      (attention_residual_stream): ResidualStream(
        (dropout): Identity()
      )
      (feed_forward): FeedForward(
        (w1): Linear(in_features=2048, out_features=8192, bias=False)
        (w2): Linear(in_features=8192, out_features=2048, bias=False)
        (w3): Linear(in_features=2048, out_features=8192, bias=False)
      )
      (feed_forward_norm): RMSNorm((2048,), eps=1e-06)
      (feed_forward_residual_stream): ResidualStream(
        (dropout): Identity()
      )
    )
    (8): ReorderedNormTransformerBlock(
      (attention): Attention(
        (w_q): Linear(in_features=2048, out_features=2048, bias=False)
        (w_k): Linear(in_features=2048, out_features=2048, bias=False)
        (w_v): Linear(in_features=2048, out_features=2048, bias=False)
        (w_out): Linear(in_features=2048, out_features=2048, bias=False)
        (q_norm): RMSNorm((2048,), eps=1e-06)
        (k_norm): RMSNorm((2048,), eps=1e-06)
        (rope): RotaryEmbedding()
        (backend): TorchAttentionBackend()
      )
      (attention_norm): RMSNorm((2048,), eps=1e-06)
      (attention_residual_stream): ResidualStream(
        (dropout): Identity()
      )
      (feed_forward): FeedForward(
        (w1): Linear(in_features=2048, out_features=8192, bias=False)
        (w2): Linear(in_features=8192, out_features=2048, bias=False)
        (w3): Linear(in_features=2048, out_features=8192, bias=False)
      )
      (feed_forward_norm): RMSNorm((2048,), eps=1e-06)
      (feed_forward_residual_stream): ResidualStream(
        (dropout): Identity()
      )
    )
    (9): ReorderedNormTransformerBlock(
      (attention): Attention(
        (w_q): Linear(in_features=2048, out_features=2048, bias=False)
        (w_k): Linear(in_features=2048, out_features=2048, bias=False)
        (w_v): Linear(in_features=2048, out_features=2048, bias=False)
        (w_out): Linear(in_features=2048, out_features=2048, bias=False)
        (q_norm): RMSNorm((2048,), eps=1e-06)
        (k_norm): RMSNorm((2048,), eps=1e-06)
        (rope): RotaryEmbedding()
        (backend): TorchAttentionBackend()
      )
      (attention_norm): RMSNorm((2048,), eps=1e-06)
      (attention_residual_stream): ResidualStream(
        (dropout): Identity()
      )
      (feed_forward): FeedForward(
        (w1): Linear(in_features=2048, out_features=8192, bias=False)
        (w2): Linear(in_features=8192, out_features=2048, bias=False)
        (w3): Linear(in_features=2048, out_features=8192, bias=False)
      )
      (feed_forward_norm): RMSNorm((2048,), eps=1e-06)
      (feed_forward_residual_stream): ResidualStream(
        (dropout): Identity()
      )
    )
    (10): ReorderedNormTransformerBlock(
      (attention): Attention(
        (w_q): Linear(in_features=2048, out_features=2048, bias=False)
        (w_k): Linear(in_features=2048, out_features=2048, bias=False)
        (w_v): Linear(in_features=2048, out_features=2048, bias=False)
        (w_out): Linear(in_features=2048, out_features=2048, bias=False)
        (q_norm): RMSNorm((2048,), eps=1e-06)
        (k_norm): RMSNorm((2048,), eps=1e-06)
        (rope): RotaryEmbedding()
        (backend): TorchAttentionBackend()
      )
      (attention_norm): RMSNorm((2048,), eps=1e-06)
      (attention_residual_stream): ResidualStream(
        (dropout): Identity()
      )
      (feed_forward): FeedForward(
        (w1): Linear(in_features=2048, out_features=8192, bias=False)
        (w2): Linear(in_features=8192, out_features=2048, bias=False)
        (w3): Linear(in_features=2048, out_features=8192, bias=False)
      )
      (feed_forward_norm): RMSNorm((2048,), eps=1e-06)
      (feed_forward_residual_stream): ResidualStream(
        (dropout): Identity()
      )
    )
    (11): ReorderedNormTransformerBlock(
      (attention): Attention(
        (w_q): Linear(in_features=2048, out_features=2048, bias=False)
        (w_k): Linear(in_features=2048, out_features=2048, bias=False)
        (w_v): Linear(in_features=2048, out_features=2048, bias=False)
        (w_out): Linear(in_features=2048, out_features=2048, bias=False)
        (q_norm): RMSNorm((2048,), eps=1e-06)
        (k_norm): RMSNorm((2048,), eps=1e-06)
        (rope): RotaryEmbedding()
        (backend): TorchAttentionBackend()
      )
      (attention_norm): RMSNorm((2048,), eps=1e-06)
      (attention_residual_stream): ResidualStream(
        (dropout): Identity()
      )
      (feed_forward): FeedForward(
        (w1): Linear(in_features=2048, out_features=8192, bias=False)
        (w2): Linear(in_features=8192, out_features=2048, bias=False)
        (w3): Linear(in_features=2048, out_features=8192, bias=False)
      )
      (feed_forward_norm): RMSNorm((2048,), eps=1e-06)
      (feed_forward_residual_stream): ResidualStream(
        (dropout): Identity()
      )
    )
    (12): ReorderedNormTransformerBlock(
      (attention): Attention(
        (w_q): Linear(in_features=2048, out_features=2048, bias=False)
        (w_k): Linear(in_features=2048, out_features=2048, bias=False)
        (w_v): Linear(in_features=2048, out_features=2048, bias=False)
        (w_out): Linear(in_features=2048, out_features=2048, bias=False)
        (q_norm): RMSNorm((2048,), eps=1e-06)
        (k_norm): RMSNorm((2048,), eps=1e-06)
        (rope): RotaryEmbedding()
        (backend): TorchAttentionBackend()
      )
      (attention_norm): RMSNorm((2048,), eps=1e-06)
      (attention_residual_stream): ResidualStream(
        (dropout): Identity()
      )
      (feed_forward): FeedForward(
        (w1): Linear(in_features=2048, out_features=8192, bias=False)
        (w2): Linear(in_features=8192, out_features=2048, bias=False)
        (w3): Linear(in_features=2048, out_features=8192, bias=False)
      )
      (feed_forward_norm): RMSNorm((2048,), eps=1e-06)
      (feed_forward_residual_stream): ResidualStream(
        (dropout): Identity()
      )
    )
    (13): ReorderedNormTransformerBlock(
      (attention): Attention(
        (w_q): Linear(in_features=2048, out_features=2048, bias=False)
        (w_k): Linear(in_features=2048, out_features=2048, bias=False)
        (w_v): Linear(in_features=2048, out_features=2048, bias=False)
        (w_out): Linear(in_features=2048, out_features=2048, bias=False)
        (q_norm): RMSNorm((2048,), eps=1e-06)
        (k_norm): RMSNorm((2048,), eps=1e-06)
        (rope): RotaryEmbedding()
        (backend): TorchAttentionBackend()
      )
      (attention_norm): RMSNorm((2048,), eps=1e-06)
      (attention_residual_stream): ResidualStream(
        (dropout): Identity()
      )
      (feed_forward): FeedForward(
        (w1): Linear(in_features=2048, out_features=8192, bias=False)
        (w2): Linear(in_features=8192, out_features=2048, bias=False)
        (w3): Linear(in_features=2048, out_features=8192, bias=False)
      )
      (feed_forward_norm): RMSNorm((2048,), eps=1e-06)
      (feed_forward_residual_stream): ResidualStream(
        (dropout): Identity()
      )
    )
    (14): ReorderedNormTransformerBlock(
      (attention): Attention(
        (w_q): Linear(in_features=2048, out_features=2048, bias=False)
        (w_k): Linear(in_features=2048, out_features=2048, bias=False)
        (w_v): Linear(in_features=2048, out_features=2048, bias=False)
        (w_out): Linear(in_features=2048, out_features=2048, bias=False)
        (q_norm): RMSNorm((2048,), eps=1e-06)
        (k_norm): RMSNorm((2048,), eps=1e-06)
        (rope): RotaryEmbedding()
        (backend): TorchAttentionBackend()
      )
      (attention_norm): RMSNorm((2048,), eps=1e-06)
      (attention_residual_stream): ResidualStream(
        (dropout): Identity()
      )
      (feed_forward): FeedForward(
        (w1): Linear(in_features=2048, out_features=8192, bias=False)
        (w2): Linear(in_features=8192, out_features=2048, bias=False)
        (w3): Linear(in_features=2048, out_features=8192, bias=False)
      )
      (feed_forward_norm): RMSNorm((2048,), eps=1e-06)
      (feed_forward_residual_stream): ResidualStream(
        (dropout): Identity()
      )
    )
    (15): ReorderedNormTransformerBlock(
      (attention): Attention(
        (w_q): Linear(in_features=2048, out_features=2048, bias=False)
        (w_k): Linear(in_features=2048, out_features=2048, bias=False)
        (w_v): Linear(in_features=2048, out_features=2048, bias=False)
        (w_out): Linear(in_features=2048, out_features=2048, bias=False)
        (q_norm): RMSNorm((2048,), eps=1e-06)
        (k_norm): RMSNorm((2048,), eps=1e-06)
        (rope): RotaryEmbedding()
        (backend): TorchAttentionBackend()
      )
      (attention_norm): RMSNorm((2048,), eps=1e-06)
      (attention_residual_stream): ResidualStream(
        (dropout): Identity()
      )
      (feed_forward): FeedForward(
        (w1): Linear(in_features=2048, out_features=8192, bias=False)
        (w2): Linear(in_features=8192, out_features=2048, bias=False)
        (w3): Linear(in_features=2048, out_features=8192, bias=False)
      )
      (feed_forward_norm): RMSNorm((2048,), eps=1e-06)
      (feed_forward_residual_stream): ResidualStream(
        (dropout): Identity()
      )
    )
  )
  (lm_head): LMHead(
    (norm): RMSNorm((2048,), eps=1e-06)
    (w_out): Linear(in_features=2048, out_features=100352, bias=False)
  )
)
2026-06-07 08:46:11.001	93aaad528d0a:0	olmo_core.nn.transformer.config:432	INFO	Built model with:
- 1,484,916,736 total params
- 1,279,395,840 non-embedding params
- 1,484,916,736 trainable params
2026-06-07 08:46:11.007	93aaad528d0a:0	olmo_core.nn.hf.convert_checkpoint:172	INFO	Saving preexisting tokenizer from /tmp/olmo-sft/output/internal/checkpoints/fields/olmo-sft/olmo3-1b-sft-bf16-ccfix/tokenizer
Successfully saved model tokenizer to '/tmp/olmo-sft/output/model'
2026-06-07 08:46:11.491	93aaad528d0a:0	olmo_core.nn.hf.convert_checkpoint:204	INFO	Loading checkpoint from '/tmp/olmo-sft/output/internal/checkpoints/fields/olmo-sft/olmo3-1b-sft-bf16-ccfix/step10/model_and_optim'
2026-06-07 08:46:11.671	93aaad528d0a:0	py.warnings:112	WARNING	/opt/conda/lib/python3.12/site-packages/torch/distributed/checkpoint/utils.py:483: UserWarning: torch.distributed is disabled, unavailable or uninitialized, assuming the intent is to load in a single process.
  return func(*args, **kwargs)

2026-06-07 08:46:26.332	93aaad528d0a:0	olmo_core.nn.hf.convert_checkpoint:210	INFO	Saving checkpoint to '/tmp/olmo-sft/output/model'
2026-06-07 08:46:29.459	93aaad528d0a:0	olmo_core.nn.hf.checkpoint:36	WARNING	accelerate not installed, will initialize weights.
2026-06-07 08:46:29.459	93aaad528d0a:0	olmo_core.nn.hf.checkpoint:174	INFO	Initializing HF model with empty weights...
Writing model shards:   0%|          | 0/1 [00:00<?, ?it/s]Writing model shards: 100%|██████████| 1/1 [00:10<00:00, 10.26s/it]Writing model shards: 100%|██████████| 1/1 [00:10<00:00, 10.26s/it]
2026-06-07 08:47:05.007	93aaad528d0a:0	olmo_core.nn.hf.convert_checkpoint:268	INFO	Successfully saved converted model to '/tmp/olmo-sft/output/model'
2026-06-07 08:47:05.008	93aaad528d0a:0	olmo_core.nn.hf.convert_checkpoint:271	INFO	Fixing HF config using updated config from tokenizer config data and script arguments
2026-06-07 08:47:05.012	93aaad528d0a:0	olmo_core.nn.hf.convert_checkpoint:280	INFO	Successfully fixed config using updated config from tokenizer config data and script arguments
2026-06-07 08:47:08,958 [INFO] fields.upload: config: mirrored rope_parameters -> rope_scaling + rope_theta (transformers 4.x/vLLM compat)
2026-06-07 08:47:10,575 [INFO] fields.upload: export fits in one shard (<= 5000000000 B); leaving single file
2026-06-07 08:47:10,576 [INFO] fields.upload: HF model ready at /tmp/olmo-sft/output/model
2026-06-07 08:47:11,270 [INFO] httpx: HTTP Request: POST https://huggingface.co/api/repos/create "HTTP/1.1 200 OK"
2026-06-07 08:47:11,270 [INFO] fields.upload: uploading /tmp/olmo-sft/output/model -> hf://models/chankhavu/olmo_1b_bf16_oldbug_final_20260607084710 (public) [attempt 1/10]
2026-06-07 08:47:12,996 [INFO] httpx: HTTP Request: POST https://huggingface.co/api/models/chankhavu/olmo_1b_bf16_oldbug_final_20260607084710/preupload/main "HTTP/1.1 200 OK"
2026-06-07 08:47:13,111 [INFO] httpx: HTTP Request: POST https://huggingface.co/chankhavu/olmo_1b_bf16_oldbug_final_20260607084710.git/info/lfs/objects/batch "HTTP/1.1 200 OK"
2026-06-07 08:47:13,210 [INFO] httpx: HTTP Request: GET https://huggingface.co/api/models/chankhavu/olmo_1b_bf16_oldbug_final_20260607084710/xet-write-token/main "HTTP/1.1 200 OK"
Processing Files (0 / 0)      : |          |  0.00B /  0.00B            
New Data Upload               : |          |  0.00B /  0.00B            [A

  ...t/model/model.safetensors:  14%|█▍        |  424MB / 2.97GB            [A[A

  ...t/model/model.safetensors:  14%|█▍        |  424MB / 2.97GB            [A[AProcessing Files (0 / 1)      :  14%|█▍        |  424MB / 2.97GB,   ???B/s  

  ...t/model/model.safetensors:  27%|██▋       |  800MB / 2.97GB            [A[AProcessing Files (0 / 1)      :  27%|██▋       |  800MB / 2.97GB,   ???B/s  

  ...t/model/model.safetensors:  36%|███▌      | 1.07GB / 2.97GB            [A[AProcessing Files (0 / 1)      :  36%|███▌      | 1.07GB / 2.97GB,  103MB/s  

  ...t/model/model.safetensors:  51%|█████     | 1.50GB / 2.97GB            [A[AProcessing Files (0 / 1)      :  51%|█████     | 1.50GB / 2.97GB,  142MB/s  

  ...t/model/model.safetensors:  61%|██████    | 1.81GB / 2.97GB            [A[AProcessing Files (0 / 1)      :  61%|██████    | 1.81GB / 2.97GB,  168MB/s  

  ...t/model/model.safetensors:  70%|███████   | 2.08GB / 2.97GB            [A[AProcessing Files (0 / 1)      :  70%|███████   | 2.08GB / 2.97GB,  190MB/s  

  ...t/model/model.safetensors:  80%|████████  | 2.38GB / 2.97GB            [A[AProcessing Files (0 / 1)      :  80%|████████  | 2.38GB / 2.97GB,  214MB/s  

  ...t/model/model.safetensors:  89%|████████▉ | 2.65GB / 2.97GB            [A[AProcessing Files (0 / 1)      :  89%|████████▉ | 2.65GB / 2.97GB,  234MB/s  

  ...t/model/model.safetensors:  99%|█████████▉| 2.94GB / 2.97GB            [A[AProcessing Files (0 / 1)      :  99%|█████████▉| 2.94GB / 2.97GB,  256MB/s  

  ...t/model/model.safetensors: 100%|██████████| 2.97GB / 2.97GB            [A[AProcessing Files (1 / 1)      : 100%|██████████| 2.97GB / 2.97GB,  252MB/s  Processing Files (1 / 1)      : 100%|██████████| 2.97GB / 2.97GB,  252MB/s  
New Data Upload               : |          |  0.00B /  0.00B,  0.00B/s  
  ...t/model/model.safetensors: 100%|██████████| 2.97GB / 2.97GB            
2026-06-07 08:47:18,729 [INFO] httpx: HTTP Request: POST https://huggingface.co/api/models/chankhavu/olmo_1b_bf16_oldbug_final_20260607084710/commit/main "HTTP/1.1 200 OK"
2026-06-07 08:47:18,730 [INFO] fields.upload: HuggingFace upload complete -> models/chankhavu/olmo_1b_bf16_oldbug_final_20260607084710
2026-06-07 08:47:18,730 [INFO] fields.upload: wrote upload marker -> /tmp/olmo-sft/output/internal/checkpoints/fields/olmo-sft/olmo3-1b-sft-bf16-ccfix/step10/upload_successful.txt
Traceback (most recent call last):
  File "/app/train.py", line 751, in <module>
    sys.exit(main())
             ^^^^^^
  File "/app/train.py", line 740, in main
    raise RuntimeError(f"run.sh failed (exit {rc}) — see {logdir / 'run.log'}")
RuntimeError: run.sh failed (exit 1) — see /tmp/olmo-sft/output/logs/run.log
EXIT=1
