[olmocore] converting allenai/Olmo-3-7B-Think -> /tmp/olmo-sft/work/base-distcp (one-time per volume; CPU)
[olmocore] staging HF model allenai/Olmo-3-7B-Think -> /tmp/olmo-sft/work/hf_models/allenai/Olmo-3-7B-Think

Fetching 16 files:   0%|          | 0/16 [00:00<?, ?it/s]Still waiting to acquire lock on /tmp/olmo-sft/work/hf_models/allenai/Olmo-3-7B-Think/.cache/huggingface/.gitignore.lock (elapsed: 0.1 seconds)
Still waiting to acquire lock on /tmp/olmo-sft/work/hf_models/allenai/Olmo-3-7B-Think/.cache/huggingface/.gitignore.lock (elapsed: 0.1 seconds)
Still waiting to acquire lock on /tmp/olmo-sft/work/hf_models/allenai/Olmo-3-7B-Think/.cache/huggingface/.gitignore.lock (elapsed: 0.1 seconds)
Still waiting to acquire lock on /tmp/olmo-sft/work/hf_models/allenai/Olmo-3-7B-Think/.cache/huggingface/.gitignore.lock (elapsed: 0.1 seconds)
Still waiting to acquire lock on /tmp/olmo-sft/work/hf_models/allenai/Olmo-3-7B-Think/.cache/huggingface/.gitignore.lock (elapsed: 0.1 seconds)

Fetching 16 files:   6%|▋         | 1/16 [00:00<00:05,  2.85it/s]
Fetching 16 files:  50%|█████     | 8/16 [00:23<00:24,  3.06s/it]
Fetching 16 files:  56%|█████▋    | 9/16 [00:28<00:23,  3.41s/it]
Fetching 16 files: 100%|██████████| 16/16 [00:28<00:00,  1.81s/it]
[32m✓ Downloaded[0m
  path: /tmp/olmo-sft/work/hf_models/allenai/Olmo-3-7B-Think
Skipping import of cpp extensions due to incompatible torch version 2.10.0+cu130 for torchao version 0.15.0             Please see https://github.com/pytorch/ao/issues/2919 for more info
2026-06-07 12:20:54.643	hnode011:0	olmo_core.utils:237	INFO	Setting env var 'OMP_NUM_THREADS' to '8'
2026-06-07 12:20:54.643	hnode011:0	olmo_core.utils:237	INFO	Setting env var 'TOKENIZERS_PARALLELISM' to 'false'
2026-06-07 12:20:54.645	hnode011:0	__main__:528	WARNING	Config file at /tmp/olmo-sft/work/hf_models/allenai/Olmo-3-7B-Think/config.json is not an OLMo core experiment config, ignoring
TransformerConfig(
    d_model=4096,
    vocab_size=100352,
    n_layers=32,
    block=TransformerBlockConfig(
        sequence_mixer=AttentionConfig(
            name='default',
            n_heads=32,
            n_kv_heads=None,
            head_dim=None,
            bias=False,
            gate=None,
            rope=RoPEConfig(name='default', theta=500000, full_precision=True, no_global_rope=False, scaling=None),
            clip_qkv=None,
            qk_norm=LayerNormConfig(name='rms', eps=1e-06, elementwise_affine=None, bias=False, full_precision=None, dtype='float32'),
            dropout=None,
            use_flash=None,
            backend='flash_2',
            dtype='float32',
            sliding_window=SlidingWindowAttentionConfig(pattern=[4096, 4096, 4096, -1], force_full_attention_on_first_layer=False, force_full_attention_on_last_layer=True),
            use_head_qk_norm=False
        ),
        layer_norm=LayerNormConfig(name='rms', eps=1e-06, elementwise_affine=None, bias=False, full_precision=None, dtype='float32'),
        feed_forward=FeedForwardConfig(hidden_size=11008, name='default', bias=False, dtype='float32', activation='silu'),
        feed_forward_moe=None,
        name='reordered_norm',
        dropout=None,
        attention_residual_alpha=None,
        feed_forward_residual_alpha=None
    ),
    lm_head=LMHeadConfig(
        name='default',
        layer_norm=LayerNormConfig(name='rms', eps=1e-06, elementwise_affine=None, bias=False, full_precision=None, dtype='float32'),
        bias=False,
        dtype='float32',
        loss_implementation='default'
    ),
    embedding_norm=None,
    name='default',
    dtype='float32',
    init_method='normal',
    init_seed=0,
    init_std=0.02,
    embedding_init_std=None,
    freeze_params=None,
    block_pattern=None,
    block_overrides={
        3: TransformerBlockConfig(
            sequence_mixer=AttentionConfig(
                name='default',
                n_heads=32,
                n_kv_heads=None,
                head_dim=None,
                bias=False,
                gate=None,
                rope=RoPEConfig(
                    name='default',
                    theta=500000,
                    full_precision=True,
                    no_global_rope=False,
                    scaling=YaRNRoPEScalingConfig(factor=8.0, beta_fast=32, beta_slow=1, old_context_len=8192)
                ),
                clip_qkv=None,
                qk_norm=LayerNormConfig(name='rms', eps=1e-06, elementwise_affine=None, bias=False, full_precision=None, dtype='float32'),
                dropout=None,
                use_flash=None,
                backend='flash_2',
                dtype='float32',
                sliding_window=SlidingWindowAttentionConfig(pattern=[4096, 4096, 4096, -1], force_full_attention_on_first_layer=False, force_full_attention_on_last_layer=True),
                use_head_qk_norm=False
            ),
            layer_norm=LayerNormConfig(name='rms', eps=1e-06, elementwise_affine=None, bias=False, full_precision=None, dtype='float32'),
            feed_forward=FeedForwardConfig(hidden_size=11008, name='default', bias=False, dtype='float32', activation='silu'),
            feed_forward_moe=None,
            name='reordered_norm',
            dropout=None,
            attention_residual_alpha=None,
            feed_forward_residual_alpha=None
        ),
        7: TransformerBlockConfig(
            sequence_mixer=AttentionConfig(
                name='default',
                n_heads=32,
                n_kv_heads=None,
                head_dim=None,
                bias=False,
                gate=None,
                rope=RoPEConfig(
                    name='default',
                    theta=500000,
                    full_precision=True,
                    no_global_rope=False,
                    scaling=YaRNRoPEScalingConfig(factor=8.0, beta_fast=32, beta_slow=1, old_context_len=8192)
                ),
                clip_qkv=None,
                qk_norm=LayerNormConfig(name='rms', eps=1e-06, elementwise_affine=None, bias=False, full_precision=None, dtype='float32'),
                dropout=None,
                use_flash=None,
                backend='flash_2',
                dtype='float32',
                sliding_window=SlidingWindowAttentionConfig(pattern=[4096, 4096, 4096, -1], force_full_attention_on_first_layer=False, force_full_attention_on_last_layer=True),
                use_head_qk_norm=False
            ),
            layer_norm=LayerNormConfig(name='rms', eps=1e-06, elementwise_affine=None, bias=False, full_precision=None, dtype='float32'),
            feed_forward=FeedForwardConfig(hidden_size=11008, name='default', bias=False, dtype='float32', activation='silu'),
            feed_forward_moe=None,
            name='reordered_norm',
            dropout=None,
            attention_residual_alpha=None,
            feed_forward_residual_alpha=None
        ),
        11: TransformerBlockConfig(
            sequence_mixer=AttentionConfig(
                name='default',
                n_heads=32,
                n_kv_heads=None,
                head_dim=None,
                bias=False,
                gate=None,
                rope=RoPEConfig(
                    name='default',
                    theta=500000,
                    full_precision=True,
                    no_global_rope=False,
                    scaling=YaRNRoPEScalingConfig(factor=8.0, beta_fast=32, beta_slow=1, old_context_len=8192)
                ),
                clip_qkv=None,
                qk_norm=LayerNormConfig(name='rms', eps=1e-06, elementwise_affine=None, bias=False, full_precision=None, dtype='float32'),
                dropout=None,
                use_flash=None,
                backend='flash_2',
                dtype='float32',
                sliding_window=SlidingWindowAttentionConfig(pattern=[4096, 4096, 4096, -1], force_full_attention_on_first_layer=False, force_full_attention_on_last_layer=True),
                use_head_qk_norm=False
            ),
            layer_norm=LayerNormConfig(name='rms', eps=1e-06, elementwise_affine=None, bias=False, full_precision=None, dtype='float32'),
            feed_forward=FeedForwardConfig(hidden_size=11008, name='default', bias=False, dtype='float32', activation='silu'),
            feed_forward_moe=None,
            name='reordered_norm',
            dropout=None,
            attention_residual_alpha=None,
            feed_forward_residual_alpha=None
        ),
        15: TransformerBlockConfig(
            sequence_mixer=AttentionConfig(
                name='default',
                n_heads=32,
                n_kv_heads=None,
                head_dim=None,
                bias=False,
                gate=None,
                rope=RoPEConfig(
                    name='default',
                    theta=500000,
                    full_precision=True,
                    no_global_rope=False,
                    scaling=YaRNRoPEScalingConfig(factor=8.0, beta_fast=32, beta_slow=1, old_context_len=8192)
                ),
                clip_qkv=None,
                qk_norm=LayerNormConfig(name='rms', eps=1e-06, elementwise_affine=None, bias=False, full_precision=None, dtype='float32'),
                dropout=None,
                use_flash=None,
                backend='flash_2',
                dtype='float32',
                sliding_window=SlidingWindowAttentionConfig(pattern=[4096, 4096, 4096, -1], force_full_attention_on_first_layer=False, force_full_attention_on_last_layer=True),
                use_head_qk_norm=False
            ),
            layer_norm=LayerNormConfig(name='rms', eps=1e-06, elementwise_affine=None, bias=False, full_precision=None, dtype='float32'),
            feed_forward=FeedForwardConfig(hidden_size=11008, name='default', bias=False, dtype='float32', activation='silu'),
            feed_forward_moe=None,
            name='reordered_norm',
            dropout=None,
            attention_residual_alpha=None,
            feed_forward_residual_alpha=None
        ),
        19: TransformerBlockConfig(
            sequence_mixer=AttentionConfig(
                name='default',
                n_heads=32,
                n_kv_heads=None,
                head_dim=None,
                bias=False,
                gate=None,
                rope=RoPEConfig(
                    name='default',
                    theta=500000,
                    full_precision=True,
                    no_global_rope=False,
                    scaling=YaRNRoPEScalingConfig(factor=8.0, beta_fast=32, beta_slow=1, old_context_len=8192)
                ),
                clip_qkv=None,
                qk_norm=LayerNormConfig(name='rms', eps=1e-06, elementwise_affine=None, bias=False, full_precision=None, dtype='float32'),
                dropout=None,
                use_flash=None,
                backend='flash_2',
                dtype='float32',
                sliding_window=SlidingWindowAttentionConfig(pattern=[4096, 4096, 4096, -1], force_full_attention_on_first_layer=False, force_full_attention_on_last_layer=True),
                use_head_qk_norm=False
            ),
            layer_norm=LayerNormConfig(name='rms', eps=1e-06, elementwise_affine=None, bias=False, full_precision=None, dtype='float32'),
            feed_forward=FeedForwardConfig(hidden_size=11008, name='default', bias=False, dtype='float32', activation='silu'),
            feed_forward_moe=None,
            name='reordered_norm',
            dropout=None,
            attention_residual_alpha=None,
            feed_forward_residual_alpha=None
        ),
        23: TransformerBlockConfig(
            sequence_mixer=AttentionConfig(
                name='default',
                n_heads=32,
                n_kv_heads=None,
                head_dim=None,
                bias=False,
                gate=None,
                rope=RoPEConfig(
                    name='default',
                    theta=500000,
                    full_precision=True,
                    no_global_rope=False,
                    scaling=YaRNRoPEScalingConfig(factor=8.0, beta_fast=32, beta_slow=1, old_context_len=8192)
                ),
                clip_qkv=None,
                qk_norm=LayerNormConfig(name='rms', eps=1e-06, elementwise_affine=None, bias=False, full_precision=None, dtype='float32'),
                dropout=None,
                use_flash=None,
                backend='flash_2',
                dtype='float32',
                sliding_window=SlidingWindowAttentionConfig(pattern=[4096, 4096, 4096, -1], force_full_attention_on_first_layer=False, force_full_attention_on_last_layer=True),
                use_head_qk_norm=False
            ),
            layer_norm=LayerNormConfig(name='rms', eps=1e-06, elementwise_affine=None, bias=False, full_precision=None, dtype='float32'),
            feed_forward=FeedForwardConfig(hidden_size=11008, name='default', bias=False, dtype='float32', activation='silu'),
            feed_forward_moe=None,
            name='reordered_norm',
            dropout=None,
            attention_residual_alpha=None,
            feed_forward_residual_alpha=None
        ),
        27: TransformerBlockConfig(
            sequence_mixer=AttentionConfig(
                name='default',
                n_heads=32,
                n_kv_heads=None,
                head_dim=None,
                bias=False,
                gate=None,
                rope=RoPEConfig(
                    name='default',
                    theta=500000,
                    full_precision=True,
                    no_global_rope=False,
                    scaling=YaRNRoPEScalingConfig(factor=8.0, beta_fast=32, beta_slow=1, old_context_len=8192)
                ),
                clip_qkv=None,
                qk_norm=LayerNormConfig(name='rms', eps=1e-06, elementwise_affine=None, bias=False, full_precision=None, dtype='float32'),
                dropout=None,
                use_flash=None,
                backend='flash_2',
                dtype='float32',
                sliding_window=SlidingWindowAttentionConfig(pattern=[4096, 4096, 4096, -1], force_full_attention_on_first_layer=False, force_full_attention_on_last_layer=True),
                use_head_qk_norm=False
            ),
            layer_norm=LayerNormConfig(name='rms', eps=1e-06, elementwise_affine=None, bias=False, full_precision=None, dtype='float32'),
            feed_forward=FeedForwardConfig(hidden_size=11008, name='default', bias=False, dtype='float32', activation='silu'),
            feed_forward_moe=None,
            name='reordered_norm',
            dropout=None,
            attention_residual_alpha=None,
            feed_forward_residual_alpha=None
        ),
        31: TransformerBlockConfig(
            sequence_mixer=AttentionConfig(
                name='default',
                n_heads=32,
                n_kv_heads=None,
                head_dim=None,
                bias=False,
                gate=None,
                rope=RoPEConfig(
                    name='default',
                    theta=500000,
                    full_precision=True,
                    no_global_rope=False,
                    scaling=YaRNRoPEScalingConfig(factor=8.0, beta_fast=32, beta_slow=1, old_context_len=8192)
                ),
                clip_qkv=None,
                qk_norm=LayerNormConfig(name='rms', eps=1e-06, elementwise_affine=None, bias=False, full_precision=None, dtype='float32'),
                dropout=None,
                use_flash=None,
                backend='flash_2',
                dtype='float32',
                sliding_window=SlidingWindowAttentionConfig(pattern=[4096, 4096, 4096, -1], force_full_attention_on_first_layer=False, force_full_attention_on_last_layer=True),
                use_head_qk_norm=False
            ),
            layer_norm=LayerNormConfig(name='rms', eps=1e-06, elementwise_affine=None, bias=False, full_precision=None, dtype='float32'),
            feed_forward=FeedForwardConfig(hidden_size=11008, name='default', bias=False, dtype='float32', activation='silu'),
            feed_forward_moe=None,
            name='reordered_norm',
            dropout=None,
            attention_residual_alpha=None,
            feed_forward_residual_alpha=None
        )
    },
    embed_scale=None
)
2026-06-07 12:20:54.671	hnode011:0	olmo_core.nn.transformer.config:361	INFO	Building transformer with 7,298,617,344 total params, 6,887,575,552 non-embedding params
2026-06-07 12:20:54.878	hnode011:0	olmo_core.nn.attention:471	INFO	Using attention backend 'flash_2'
2026-06-07 12:20:54.879	hnode011:0	olmo_core.nn.attention:471	INFO	Using attention backend 'flash_2'
2026-06-07 12:20:54.880	hnode011:0	olmo_core.nn.attention:471	INFO	Using attention backend 'flash_2'
2026-06-07 12:20:54.881	hnode011:0	olmo_core.nn.attention:471	INFO	Using attention backend 'flash_2'
2026-06-07 12:20:54.881	hnode011:0	olmo_core.nn.attention:471	INFO	Using attention backend 'flash_2'
2026-06-07 12:20:54.882	hnode011:0	olmo_core.nn.attention:471	INFO	Using attention backend 'flash_2'
2026-06-07 12:20:54.882	hnode011:0	olmo_core.nn.attention:471	INFO	Using attention backend 'flash_2'
2026-06-07 12:20:54.883	hnode011:0	olmo_core.nn.attention:471	INFO	Using attention backend 'flash_2'
2026-06-07 12:20:54.884	hnode011:0	olmo_core.nn.attention:471	INFO	Using attention backend 'flash_2'
2026-06-07 12:20:54.884	hnode011:0	olmo_core.nn.attention:471	INFO	Using attention backend 'flash_2'
2026-06-07 12:20:54.885	hnode011:0	olmo_core.nn.attention:471	INFO	Using attention backend 'flash_2'
2026-06-07 12:20:54.886	hnode011:0	olmo_core.nn.attention:471	INFO	Using attention backend 'flash_2'
2026-06-07 12:20:54.886	hnode011:0	olmo_core.nn.attention:471	INFO	Using attention backend 'flash_2'
2026-06-07 12:20:54.887	hnode011:0	olmo_core.nn.attention:471	INFO	Using attention backend 'flash_2'
2026-06-07 12:20:54.888	hnode011:0	olmo_core.nn.attention:471	INFO	Using attention backend 'flash_2'
2026-06-07 12:20:54.888	hnode011:0	olmo_core.nn.attention:471	INFO	Using attention backend 'flash_2'
2026-06-07 12:20:54.889	hnode011:0	olmo_core.nn.attention:471	INFO	Using attention backend 'flash_2'
2026-06-07 12:20:54.889	hnode011:0	olmo_core.nn.attention:471	INFO	Using attention backend 'flash_2'
2026-06-07 12:20:54.890	hnode011:0	olmo_core.nn.attention:471	INFO	Using attention backend 'flash_2'
2026-06-07 12:20:54.891	hnode011:0	olmo_core.nn.attention:471	INFO	Using attention backend 'flash_2'
2026-06-07 12:20:54.891	hnode011:0	olmo_core.nn.attention:471	INFO	Using attention backend 'flash_2'
2026-06-07 12:20:54.892	hnode011:0	olmo_core.nn.attention:471	INFO	Using attention backend 'flash_2'
2026-06-07 12:20:54.892	hnode011:0	olmo_core.nn.attention:471	INFO	Using attention backend 'flash_2'
2026-06-07 12:20:54.893	hnode011:0	olmo_core.nn.attention:471	INFO	Using attention backend 'flash_2'
2026-06-07 12:20:54.894	hnode011:0	olmo_core.nn.attention:471	INFO	Using attention backend 'flash_2'
2026-06-07 12:20:54.894	hnode011:0	olmo_core.nn.attention:471	INFO	Using attention backend 'flash_2'
2026-06-07 12:20:54.895	hnode011:0	olmo_core.nn.attention:471	INFO	Using attention backend 'flash_2'
2026-06-07 12:20:54.895	hnode011:0	olmo_core.nn.attention:471	INFO	Using attention backend 'flash_2'
2026-06-07 12:20:54.896	hnode011:0	olmo_core.nn.attention:471	INFO	Using attention backend 'flash_2'
2026-06-07 12:20:54.897	hnode011:0	olmo_core.nn.attention:471	INFO	Using attention backend 'flash_2'
2026-06-07 12:20:54.897	hnode011:0	olmo_core.nn.attention:471	INFO	Using attention backend 'flash_2'
2026-06-07 12:20:54.898	hnode011:0	olmo_core.nn.attention:471	INFO	Using attention backend 'flash_2'
2026-06-07 12:20:54.899	hnode011:0	olmo_core.nn.transformer.config:431	INFO	Transformer(
  (embeddings): Embedding(100352, 4096)
  (blocks): ModuleDict(
    (0): ReorderedNormTransformerBlock(
      (attention): Attention(
        (w_q): Linear(in_features=4096, out_features=4096, bias=False)
        (w_k): Linear(in_features=4096, out_features=4096, bias=False)
        (w_v): Linear(in_features=4096, out_features=4096, bias=False)
        (w_out): Linear(in_features=4096, out_features=4096, bias=False)
        (q_norm): RMSNorm((4096,), eps=1e-06)
        (k_norm): RMSNorm((4096,), eps=1e-06)
        (rope): RotaryEmbedding()
        (backend): FlashAttention2Backend()
      )
      (attention_norm): RMSNorm((4096,), eps=1e-06)
      (attention_residual_stream): ResidualStream(
        (dropout): Identity()
      )
      (feed_forward): FeedForward(
        (w1): Linear(in_features=4096, out_features=11008, bias=False)
        (w2): Linear(in_features=11008, out_features=4096, bias=False)
        (w3): Linear(in_features=4096, out_features=11008, bias=False)
      )
      (feed_forward_norm): RMSNorm((4096,), eps=1e-06)
      (feed_forward_residual_stream): ResidualStream(
        (dropout): Identity()
      )
    )
    (1): ReorderedNormTransformerBlock(
      (attention): Attention(
        (w_q): Linear(in_features=4096, out_features=4096, bias=False)
        (w_k): Linear(in_features=4096, out_features=4096, bias=False)
        (w_v): Linear(in_features=4096, out_features=4096, bias=False)
        (w_out): Linear(in_features=4096, out_features=4096, bias=False)
        (q_norm): RMSNorm((4096,), eps=1e-06)
        (k_norm): RMSNorm((4096,), eps=1e-06)
        (rope): RotaryEmbedding()
        (backend): FlashAttention2Backend()
      )
      (attention_norm): RMSNorm((4096,), eps=1e-06)
      (attention_residual_stream): ResidualStream(
        (dropout): Identity()
      )
      (feed_forward): FeedForward(
        (w1): Linear(in_features=4096, out_features=11008, bias=False)
        (w2): Linear(in_features=11008, out_features=4096, bias=False)
        (w3): Linear(in_features=4096, out_features=11008, bias=False)
      )
      (feed_forward_norm): RMSNorm((4096,), eps=1e-06)
      (feed_forward_residual_stream): ResidualStream(
        (dropout): Identity()
      )
    )
    (2): ReorderedNormTransformerBlock(
      (attention): Attention(
        (w_q): Linear(in_features=4096, out_features=4096, bias=False)
        (w_k): Linear(in_features=4096, out_features=4096, bias=False)
        (w_v): Linear(in_features=4096, out_features=4096, bias=False)
        (w_out): Linear(in_features=4096, out_features=4096, bias=False)
        (q_norm): RMSNorm((4096,), eps=1e-06)
        (k_norm): RMSNorm((4096,), eps=1e-06)
        (rope): RotaryEmbedding()
        (backend): FlashAttention2Backend()
      )
      (attention_norm): RMSNorm((4096,), eps=1e-06)
      (attention_residual_stream): ResidualStream(
        (dropout): Identity()
      )
      (feed_forward): FeedForward(
        (w1): Linear(in_features=4096, out_features=11008, bias=False)
        (w2): Linear(in_features=11008, out_features=4096, bias=False)
        (w3): Linear(in_features=4096, out_features=11008, bias=False)
      )
      (feed_forward_norm): RMSNorm((4096,), eps=1e-06)
      (feed_forward_residual_stream): ResidualStream(
        (dropout): Identity()
      )
    )
    (3): ReorderedNormTransformerBlock(
      (attention): Attention(
        (w_q): Linear(in_features=4096, out_features=4096, bias=False)
        (w_k): Linear(in_features=4096, out_features=4096, bias=False)
        (w_v): Linear(in_features=4096, out_features=4096, bias=False)
        (w_out): Linear(in_features=4096, out_features=4096, bias=False)
        (q_norm): RMSNorm((4096,), eps=1e-06)
        (k_norm): RMSNorm((4096,), eps=1e-06)
        (rope): RotaryEmbedding()
        (backend): FlashAttention2Backend()
      )
      (attention_norm): RMSNorm((4096,), eps=1e-06)
      (attention_residual_stream): ResidualStream(
        (dropout): Identity()
      )
      (feed_forward): FeedForward(
        (w1): Linear(in_features=4096, out_features=11008, bias=False)
        (w2): Linear(in_features=11008, out_features=4096, bias=False)
        (w3): Linear(in_features=4096, out_features=11008, bias=False)
      )
      (feed_forward_norm): RMSNorm((4096,), eps=1e-06)
      (feed_forward_residual_stream): ResidualStream(
        (dropout): Identity()
      )
    )
    (4): ReorderedNormTransformerBlock(
      (attention): Attention(
        (w_q): Linear(in_features=4096, out_features=4096, bias=False)
        (w_k): Linear(in_features=4096, out_features=4096, bias=False)
        (w_v): Linear(in_features=4096, out_features=4096, bias=False)
        (w_out): Linear(in_features=4096, out_features=4096, bias=False)
        (q_norm): RMSNorm((4096,), eps=1e-06)
        (k_norm): RMSNorm((4096,), eps=1e-06)
        (rope): RotaryEmbedding()
        (backend): FlashAttention2Backend()
      )
      (attention_norm): RMSNorm((4096,), eps=1e-06)
      (attention_residual_stream): ResidualStream(
        (dropout): Identity()
      )
      (feed_forward): FeedForward(
        (w1): Linear(in_features=4096, out_features=11008, bias=False)
        (w2): Linear(in_features=11008, out_features=4096, bias=False)
        (w3): Linear(in_features=4096, out_features=11008, bias=False)
      )
      (feed_forward_norm): RMSNorm((4096,), eps=1e-06)
      (feed_forward_residual_stream): ResidualStream(
        (dropout): Identity()
      )
    )
    (5): ReorderedNormTransformerBlock(
      (attention): Attention(
        (w_q): Linear(in_features=4096, out_features=4096, bias=False)
        (w_k): Linear(in_features=4096, out_features=4096, bias=False)
        (w_v): Linear(in_features=4096, out_features=4096, bias=False)
        (w_out): Linear(in_features=4096, out_features=4096, bias=False)
        (q_norm): RMSNorm((4096,), eps=1e-06)
        (k_norm): RMSNorm((4096,), eps=1e-06)
        (rope): RotaryEmbedding()
        (backend): FlashAttention2Backend()
      )
      (attention_norm): RMSNorm((4096,), eps=1e-06)
      (attention_residual_stream): ResidualStream(
        (dropout): Identity()
      )
      (feed_forward): FeedForward(
        (w1): Linear(in_features=4096, out_features=11008, bias=False)
        (w2): Linear(in_features=11008, out_features=4096, bias=False)
        (w3): Linear(in_features=4096, out_features=11008, bias=False)
      )
      (feed_forward_norm): RMSNorm((4096,), eps=1e-06)
      (feed_forward_residual_stream): ResidualStream(
        (dropout): Identity()
      )
    )
    (6): ReorderedNormTransformerBlock(
      (attention): Attention(
        (w_q): Linear(in_features=4096, out_features=4096, bias=False)
        (w_k): Linear(in_features=4096, out_features=4096, bias=False)
        (w_v): Linear(in_features=4096, out_features=4096, bias=False)
        (w_out): Linear(in_features=4096, out_features=4096, bias=False)
        (q_norm): RMSNorm((4096,), eps=1e-06)
        (k_norm): RMSNorm((4096,), eps=1e-06)
        (rope): RotaryEmbedding()
        (backend): FlashAttention2Backend()
      )
      (attention_norm): RMSNorm((4096,), eps=1e-06)
      (attention_residual_stream): ResidualStream(
        (dropout): Identity()
      )
      (feed_forward): FeedForward(
        (w1): Linear(in_features=4096, out_features=11008, bias=False)
        (w2): Linear(in_features=11008, out_features=4096, bias=False)
        (w3): Linear(in_features=4096, out_features=11008, bias=False)
      )
      (feed_forward_norm): RMSNorm((4096,), eps=1e-06)
      (feed_forward_residual_stream): ResidualStream(
        (dropout): Identity()
      )
    )
    (7): ReorderedNormTransformerBlock(
      (attention): Attention(
        (w_q): Linear(in_features=4096, out_features=4096, bias=False)
        (w_k): Linear(in_features=4096, out_features=4096, bias=False)
        (w_v): Linear(in_features=4096, out_features=4096, bias=False)
        (w_out): Linear(in_features=4096, out_features=4096, bias=False)
        (q_norm): RMSNorm((4096,), eps=1e-06)
        (k_norm): RMSNorm((4096,), eps=1e-06)
        (rope): RotaryEmbedding()
        (backend): FlashAttention2Backend()
      )
      (attention_norm): RMSNorm((4096,), eps=1e-06)
      (attention_residual_stream): ResidualStream(
        (dropout): Identity()
      )
      (feed_forward): FeedForward(
        (w1): Linear(in_features=4096, out_features=11008, bias=False)
        (w2): Linear(in_features=11008, out_features=4096, bias=False)
        (w3): Linear(in_features=4096, out_features=11008, bias=False)
      )
      (feed_forward_norm): RMSNorm((4096,), eps=1e-06)
      (feed_forward_residual_stream): ResidualStream(
        (dropout): Identity()
      )
    )
    (8): ReorderedNormTransformerBlock(
      (attention): Attention(
        (w_q): Linear(in_features=4096, out_features=4096, bias=False)
        (w_k): Linear(in_features=4096, out_features=4096, bias=False)
        (w_v): Linear(in_features=4096, out_features=4096, bias=False)
        (w_out): Linear(in_features=4096, out_features=4096, bias=False)
        (q_norm): RMSNorm((4096,), eps=1e-06)
        (k_norm): RMSNorm((4096,), eps=1e-06)
        (rope): RotaryEmbedding()
        (backend): FlashAttention2Backend()
      )
      (attention_norm): RMSNorm((4096,), eps=1e-06)
      (attention_residual_stream): ResidualStream(
        (dropout): Identity()
      )
      (feed_forward): FeedForward(
        (w1): Linear(in_features=4096, out_features=11008, bias=False)
        (w2): Linear(in_features=11008, out_features=4096, bias=False)
        (w3): Linear(in_features=4096, out_features=11008, bias=False)
      )
      (feed_forward_norm): RMSNorm((4096,), eps=1e-06)
      (feed_forward_residual_stream): ResidualStream(
        (dropout): Identity()
      )
    )
    (9): ReorderedNormTransformerBlock(
      (attention): Attention(
        (w_q): Linear(in_features=4096, out_features=4096, bias=False)
        (w_k): Linear(in_features=4096, out_features=4096, bias=False)
        (w_v): Linear(in_features=4096, out_features=4096, bias=False)
        (w_out): Linear(in_features=4096, out_features=4096, bias=False)
        (q_norm): RMSNorm((4096,), eps=1e-06)
        (k_norm): RMSNorm((4096,), eps=1e-06)
        (rope): RotaryEmbedding()
        (backend): FlashAttention2Backend()
      )
      (attention_norm): RMSNorm((4096,), eps=1e-06)
      (attention_residual_stream): ResidualStream(
        (dropout): Identity()
      )
      (feed_forward): FeedForward(
        (w1): Linear(in_features=4096, out_features=11008, bias=False)
        (w2): Linear(in_features=11008, out_features=4096, bias=False)
        (w3): Linear(in_features=4096, out_features=11008, bias=False)
      )
      (feed_forward_norm): RMSNorm((4096,), eps=1e-06)
      (feed_forward_residual_stream): ResidualStream(
        (dropout): Identity()
      )
    )
    (10): ReorderedNormTransformerBlock(
      (attention): Attention(
        (w_q): Linear(in_features=4096, out_features=4096, bias=False)
        (w_k): Linear(in_features=4096, out_features=4096, bias=False)
        (w_v): Linear(in_features=4096, out_features=4096, bias=False)
        (w_out): Linear(in_features=4096, out_features=4096, bias=False)
        (q_norm): RMSNorm((4096,), eps=1e-06)
        (k_norm): RMSNorm((4096,), eps=1e-06)
        (rope): RotaryEmbedding()
        (backend): FlashAttention2Backend()
      )
      (attention_norm): RMSNorm((4096,), eps=1e-06)
      (attention_residual_stream): ResidualStream(
        (dropout): Identity()
      )
      (feed_forward): FeedForward(
        (w1): Linear(in_features=4096, out_features=11008, bias=False)
        (w2): Linear(in_features=11008, out_features=4096, bias=False)
        (w3): Linear(in_features=4096, out_features=11008, bias=False)
      )
      (feed_forward_norm): RMSNorm((4096,), eps=1e-06)
      (feed_forward_residual_stream): ResidualStream(
        (dropout): Identity()
      )
    )
    (11): ReorderedNormTransformerBlock(
      (attention): Attention(
        (w_q): Linear(in_features=4096, out_features=4096, bias=False)
        (w_k): Linear(in_features=4096, out_features=4096, bias=False)
        (w_v): Linear(in_features=4096, out_features=4096, bias=False)
        (w_out): Linear(in_features=4096, out_features=4096, bias=False)
        (q_norm): RMSNorm((4096,), eps=1e-06)
        (k_norm): RMSNorm((4096,), eps=1e-06)
        (rope): RotaryEmbedding()
        (backend): FlashAttention2Backend()
      )
      (attention_norm): RMSNorm((4096,), eps=1e-06)
      (attention_residual_stream): ResidualStream(
        (dropout): Identity()
      )
      (feed_forward): FeedForward(
        (w1): Linear(in_features=4096, out_features=11008, bias=False)
        (w2): Linear(in_features=11008, out_features=4096, bias=False)
        (w3): Linear(in_features=4096, out_features=11008, bias=False)
      )
      (feed_forward_norm): RMSNorm((4096,), eps=1e-06)
      (feed_forward_residual_stream): ResidualStream(
        (dropout): Identity()
      )
    )
    (12): ReorderedNormTransformerBlock(
      (attention): Attention(
        (w_q): Linear(in_features=4096, out_features=4096, bias=False)
        (w_k): Linear(in_features=4096, out_features=4096, bias=False)
        (w_v): Linear(in_features=4096, out_features=4096, bias=False)
        (w_out): Linear(in_features=4096, out_features=4096, bias=False)
        (q_norm): RMSNorm((4096,), eps=1e-06)
        (k_norm): RMSNorm((4096,), eps=1e-06)
        (rope): RotaryEmbedding()
        (backend): FlashAttention2Backend()
      )
      (attention_norm): RMSNorm((4096,), eps=1e-06)
      (attention_residual_stream): ResidualStream(
        (dropout): Identity()
      )
      (feed_forward): FeedForward(
        (w1): Linear(in_features=4096, out_features=11008, bias=False)
        (w2): Linear(in_features=11008, out_features=4096, bias=False)
        (w3): Linear(in_features=4096, out_features=11008, bias=False)
      )
      (feed_forward_norm): RMSNorm((4096,), eps=1e-06)
      (feed_forward_residual_stream): ResidualStream(
        (dropout): Identity()
      )
    )
    (13): ReorderedNormTransformerBlock(
      (attention): Attention(
        (w_q): Linear(in_features=4096, out_features=4096, bias=False)
        (w_k): Linear(in_features=4096, out_features=4096, bias=False)
        (w_v): Linear(in_features=4096, out_features=4096, bias=False)
        (w_out): Linear(in_features=4096, out_features=4096, bias=False)
        (q_norm): RMSNorm((4096,), eps=1e-06)
        (k_norm): RMSNorm((4096,), eps=1e-06)
        (rope): RotaryEmbedding()
        (backend): FlashAttention2Backend()
      )
      (attention_norm): RMSNorm((4096,), eps=1e-06)
      (attention_residual_stream): ResidualStream(
        (dropout): Identity()
      )
      (feed_forward): FeedForward(
        (w1): Linear(in_features=4096, out_features=11008, bias=False)
        (w2): Linear(in_features=11008, out_features=4096, bias=False)
        (w3): Linear(in_features=4096, out_features=11008, bias=False)
      )
      (feed_forward_norm): RMSNorm((4096,), eps=1e-06)
      (feed_forward_residual_stream): ResidualStream(
        (dropout): Identity()
      )
    )
    (14): ReorderedNormTransformerBlock(
      (attention): Attention(
        (w_q): Linear(in_features=4096, out_features=4096, bias=False)
        (w_k): Linear(in_features=4096, out_features=4096, bias=False)
        (w_v): Linear(in_features=4096, out_features=4096, bias=False)
        (w_out): Linear(in_features=4096, out_features=4096, bias=False)
        (q_norm): RMSNorm((4096,), eps=1e-06)
        (k_norm): RMSNorm((4096,), eps=1e-06)
        (rope): RotaryEmbedding()
        (backend): FlashAttention2Backend()
      )
      (attention_norm): RMSNorm((4096,), eps=1e-06)
      (attention_residual_stream): ResidualStream(
        (dropout): Identity()
      )
      (feed_forward): FeedForward(
        (w1): Linear(in_features=4096, out_features=11008, bias=False)
        (w2): Linear(in_features=11008, out_features=4096, bias=False)
        (w3): Linear(in_features=4096, out_features=11008, bias=False)
      )
      (feed_forward_norm): RMSNorm((4096,), eps=1e-06)
      (feed_forward_residual_stream): ResidualStream(
        (dropout): Identity()
      )
    )
    (15): ReorderedNormTransformerBlock(
      (attention): Attention(
        (w_q): Linear(in_features=4096, out_features=4096, bias=False)
        (w_k): Linear(in_features=4096, out_features=4096, bias=False)
        (w_v): Linear(in_features=4096, out_features=4096, bias=False)
        (w_out): Linear(in_features=4096, out_features=4096, bias=False)
        (q_norm): RMSNorm((4096,), eps=1e-06)
        (k_norm): RMSNorm((4096,), eps=1e-06)
        (rope): RotaryEmbedding()
        (backend): FlashAttention2Backend()
      )
      (attention_norm): RMSNorm((4096,), eps=1e-06)
      (attention_residual_stream): ResidualStream(
        (dropout): Identity()
      )
      (feed_forward): FeedForward(
        (w1): Linear(in_features=4096, out_features=11008, bias=False)
        (w2): Linear(in_features=11008, out_features=4096, bias=False)
        (w3): Linear(in_features=4096, out_features=11008, bias=False)
      )
      (feed_forward_norm): RMSNorm((4096,), eps=1e-06)
      (feed_forward_residual_stream): ResidualStream(
        (dropout): Identity()
      )
    )
    (16): ReorderedNormTransformerBlock(
      (attention): Attention(
        (w_q): Linear(in_features=4096, out_features=4096, bias=False)
        (w_k): Linear(in_features=4096, out_features=4096, bias=False)
        (w_v): Linear(in_features=4096, out_features=4096, bias=False)
        (w_out): Linear(in_features=4096, out_features=4096, bias=False)
        (q_norm): RMSNorm((4096,), eps=1e-06)
        (k_norm): RMSNorm((4096,), eps=1e-06)
        (rope): RotaryEmbedding()
        (backend): FlashAttention2Backend()
      )
      (attention_norm): RMSNorm((4096,), eps=1e-06)
      (attention_residual_stream): ResidualStream(
        (dropout): Identity()
      )
      (feed_forward): FeedForward(
        (w1): Linear(in_features=4096, out_features=11008, bias=False)
        (w2): Linear(in_features=11008, out_features=4096, bias=False)
        (w3): Linear(in_features=4096, out_features=11008, bias=False)
      )
      (feed_forward_norm): RMSNorm((4096,), eps=1e-06)
      (feed_forward_residual_stream): ResidualStream(
        (dropout): Identity()
      )
    )
    (17): ReorderedNormTransformerBlock(
      (attention): Attention(
        (w_q): Linear(in_features=4096, out_features=4096, bias=False)
        (w_k): Linear(in_features=4096, out_features=4096, bias=False)
        (w_v): Linear(in_features=4096, out_features=4096, bias=False)
        (w_out): Linear(in_features=4096, out_features=4096, bias=False)
        (q_norm): RMSNorm((4096,), eps=1e-06)
        (k_norm): RMSNorm((4096,), eps=1e-06)
        (rope): RotaryEmbedding()
        (backend): FlashAttention2Backend()
      )
      (attention_norm): RMSNorm((4096,), eps=1e-06)
      (attention_residual_stream): ResidualStream(
        (dropout): Identity()
      )
      (feed_forward): FeedForward(
        (w1): Linear(in_features=4096, out_features=11008, bias=False)
        (w2): Linear(in_features=11008, out_features=4096, bias=False)
        (w3): Linear(in_features=4096, out_features=11008, bias=False)
      )
      (feed_forward_norm): RMSNorm((4096,), eps=1e-06)
      (feed_forward_residual_stream): ResidualStream(
        (dropout): Identity()
      )
    )
    (18): ReorderedNormTransformerBlock(
      (attention): Attention(
        (w_q): Linear(in_features=4096, out_features=4096, bias=False)
        (w_k): Linear(in_features=4096, out_features=4096, bias=False)
        (w_v): Linear(in_features=4096, out_features=4096, bias=False)
        (w_out): Linear(in_features=4096, out_features=4096, bias=False)
        (q_norm): RMSNorm((4096,), eps=1e-06)
        (k_norm): RMSNorm((4096,), eps=1e-06)
        (rope): RotaryEmbedding()
        (backend): FlashAttention2Backend()
      )
      (attention_norm): RMSNorm((4096,), eps=1e-06)
      (attention_residual_stream): ResidualStream(
        (dropout): Identity()
      )
      (feed_forward): FeedForward(
        (w1): Linear(in_features=4096, out_features=11008, bias=False)
        (w2): Linear(in_features=11008, out_features=4096, bias=False)
        (w3): Linear(in_features=4096, out_features=11008, bias=False)
      )
      (feed_forward_norm): RMSNorm((4096,), eps=1e-06)
      (feed_forward_residual_stream): ResidualStream(
        (dropout): Identity()
      )
    )
    (19): ReorderedNormTransformerBlock(
      (attention): Attention(
        (w_q): Linear(in_features=4096, out_features=4096, bias=False)
        (w_k): Linear(in_features=4096, out_features=4096, bias=False)
        (w_v): Linear(in_features=4096, out_features=4096, bias=False)
        (w_out): Linear(in_features=4096, out_features=4096, bias=False)
        (q_norm): RMSNorm((4096,), eps=1e-06)
        (k_norm): RMSNorm((4096,), eps=1e-06)
        (rope): RotaryEmbedding()
        (backend): FlashAttention2Backend()
      )
      (attention_norm): RMSNorm((4096,), eps=1e-06)
      (attention_residual_stream): ResidualStream(
        (dropout): Identity()
      )
      (feed_forward): FeedForward(
        (w1): Linear(in_features=4096, out_features=11008, bias=False)
        (w2): Linear(in_features=11008, out_features=4096, bias=False)
        (w3): Linear(in_features=4096, out_features=11008, bias=False)
      )
      (feed_forward_norm): RMSNorm((4096,), eps=1e-06)
      (feed_forward_residual_stream): ResidualStream(
        (dropout): Identity()
      )
    )
    (20): ReorderedNormTransformerBlock(
      (attention): Attention(
        (w_q): Linear(in_features=4096, out_features=4096, bias=False)
        (w_k): Linear(in_features=4096, out_features=4096, bias=False)
        (w_v): Linear(in_features=4096, out_features=4096, bias=False)
        (w_out): Linear(in_features=4096, out_features=4096, bias=False)
        (q_norm): RMSNorm((4096,), eps=1e-06)
        (k_norm): RMSNorm((4096,), eps=1e-06)
        (rope): RotaryEmbedding()
        (backend): FlashAttention2Backend()
      )
      (attention_norm): RMSNorm((4096,), eps=1e-06)
      (attention_residual_stream): ResidualStream(
        (dropout): Identity()
      )
      (feed_forward): FeedForward(
        (w1): Linear(in_features=4096, out_features=11008, bias=False)
        (w2): Linear(in_features=11008, out_features=4096, bias=False)
        (w3): Linear(in_features=4096, out_features=11008, bias=False)
      )
      (feed_forward_norm): RMSNorm((4096,), eps=1e-06)
      (feed_forward_residual_stream): ResidualStream(
        (dropout): Identity()
      )
    )
    (21): ReorderedNormTransformerBlock(
      (attention): Attention(
        (w_q): Linear(in_features=4096, out_features=4096, bias=False)
        (w_k): Linear(in_features=4096, out_features=4096, bias=False)
        (w_v): Linear(in_features=4096, out_features=4096, bias=False)
        (w_out): Linear(in_features=4096, out_features=4096, bias=False)
        (q_norm): RMSNorm((4096,), eps=1e-06)
        (k_norm): RMSNorm((4096,), eps=1e-06)
        (rope): RotaryEmbedding()
        (backend): FlashAttention2Backend()
      )
      (attention_norm): RMSNorm((4096,), eps=1e-06)
      (attention_residual_stream): ResidualStream(
        (dropout): Identity()
      )
      (feed_forward): FeedForward(
        (w1): Linear(in_features=4096, out_features=11008, bias=False)
        (w2): Linear(in_features=11008, out_features=4096, bias=False)
        (w3): Linear(in_features=4096, out_features=11008, bias=False)
      )
      (feed_forward_norm): RMSNorm((4096,), eps=1e-06)
      (feed_forward_residual_stream): ResidualStream(
        (dropout): Identity()
      )
    )
    (22): ReorderedNormTransformerBlock(
      (attention): Attention(
        (w_q): Linear(in_features=4096, out_features=4096, bias=False)
        (w_k): Linear(in_features=4096, out_features=4096, bias=False)
        (w_v): Linear(in_features=4096, out_features=4096, bias=False)
        (w_out): Linear(in_features=4096, out_features=4096, bias=False)
        (q_norm): RMSNorm((4096,), eps=1e-06)
        (k_norm): RMSNorm((4096,), eps=1e-06)
        (rope): RotaryEmbedding()
        (backend): FlashAttention2Backend()
      )
      (attention_norm): RMSNorm((4096,), eps=1e-06)
      (attention_residual_stream): ResidualStream(
        (dropout): Identity()
      )
      (feed_forward): FeedForward(
        (w1): Linear(in_features=4096, out_features=11008, bias=False)
        (w2): Linear(in_features=11008, out_features=4096, bias=False)
        (w3): Linear(in_features=4096, out_features=11008, bias=False)
      )
      (feed_forward_norm): RMSNorm((4096,), eps=1e-06)
      (feed_forward_residual_stream): ResidualStream(
        (dropout): Identity()
      )
    )
    (23): ReorderedNormTransformerBlock(
      (attention): Attention(
        (w_q): Linear(in_features=4096, out_features=4096, bias=False)
        (w_k): Linear(in_features=4096, out_features=4096, bias=False)
        (w_v): Linear(in_features=4096, out_features=4096, bias=False)
        (w_out): Linear(in_features=4096, out_features=4096, bias=False)
        (q_norm): RMSNorm((4096,), eps=1e-06)
        (k_norm): RMSNorm((4096,), eps=1e-06)
        (rope): RotaryEmbedding()
        (backend): FlashAttention2Backend()
      )
      (attention_norm): RMSNorm((4096,), eps=1e-06)
      (attention_residual_stream): ResidualStream(
        (dropout): Identity()
      )
      (feed_forward): FeedForward(
        (w1): Linear(in_features=4096, out_features=11008, bias=False)
        (w2): Linear(in_features=11008, out_features=4096, bias=False)
        (w3): Linear(in_features=4096, out_features=11008, bias=False)
      )
      (feed_forward_norm): RMSNorm((4096,), eps=1e-06)
      (feed_forward_residual_stream): ResidualStream(
        (dropout): Identity()
      )
    )
    (24): ReorderedNormTransformerBlock(
      (attention): Attention(
        (w_q): Linear(in_features=4096, out_features=4096, bias=False)
        (w_k): Linear(in_features=4096, out_features=4096, bias=False)
        (w_v): Linear(in_features=4096, out_features=4096, bias=False)
        (w_out): Linear(in_features=4096, out_features=4096, bias=False)
        (q_norm): RMSNorm((4096,), eps=1e-06)
        (k_norm): RMSNorm((4096,), eps=1e-06)
        (rope): RotaryEmbedding()
        (backend): FlashAttention2Backend()
      )
      (attention_norm): RMSNorm((4096,), eps=1e-06)
      (attention_residual_stream): ResidualStream(
        (dropout): Identity()
      )
      (feed_forward): FeedForward(
        (w1): Linear(in_features=4096, out_features=11008, bias=False)
        (w2): Linear(in_features=11008, out_features=4096, bias=False)
        (w3): Linear(in_features=4096, out_features=11008, bias=False)
      )
      (feed_forward_norm): RMSNorm((4096,), eps=1e-06)
      (feed_forward_residual_stream): ResidualStream(
        (dropout): Identity()
      )
    )
    (25): ReorderedNormTransformerBlock(
      (attention): Attention(
        (w_q): Linear(in_features=4096, out_features=4096, bias=False)
        (w_k): Linear(in_features=4096, out_features=4096, bias=False)
        (w_v): Linear(in_features=4096, out_features=4096, bias=False)
        (w_out): Linear(in_features=4096, out_features=4096, bias=False)
        (q_norm): RMSNorm((4096,), eps=1e-06)
        (k_norm): RMSNorm((4096,), eps=1e-06)
        (rope): RotaryEmbedding()
        (backend): FlashAttention2Backend()
      )
      (attention_norm): RMSNorm((4096,), eps=1e-06)
      (attention_residual_stream): ResidualStream(
        (dropout): Identity()
      )
      (feed_forward): FeedForward(
        (w1): Linear(in_features=4096, out_features=11008, bias=False)
        (w2): Linear(in_features=11008, out_features=4096, bias=False)
        (w3): Linear(in_features=4096, out_features=11008, bias=False)
      )
      (feed_forward_norm): RMSNorm((4096,), eps=1e-06)
      (feed_forward_residual_stream): ResidualStream(
        (dropout): Identity()
      )
    )
    (26): ReorderedNormTransformerBlock(
      (attention): Attention(
        (w_q): Linear(in_features=4096, out_features=4096, bias=False)
        (w_k): Linear(in_features=4096, out_features=4096, bias=False)
        (w_v): Linear(in_features=4096, out_features=4096, bias=False)
        (w_out): Linear(in_features=4096, out_features=4096, bias=False)
        (q_norm): RMSNorm((4096,), eps=1e-06)
        (k_norm): RMSNorm((4096,), eps=1e-06)
        (rope): RotaryEmbedding()
        (backend): FlashAttention2Backend()
      )
      (attention_norm): RMSNorm((4096,), eps=1e-06)
      (attention_residual_stream): ResidualStream(
        (dropout): Identity()
      )
      (feed_forward): FeedForward(
        (w1): Linear(in_features=4096, out_features=11008, bias=False)
        (w2): Linear(in_features=11008, out_features=4096, bias=False)
        (w3): Linear(in_features=4096, out_features=11008, bias=False)
      )
      (feed_forward_norm): RMSNorm((4096,), eps=1e-06)
      (feed_forward_residual_stream): ResidualStream(
        (dropout): Identity()
      )
    )
    (27): ReorderedNormTransformerBlock(
      (attention): Attention(
        (w_q): Linear(in_features=4096, out_features=4096, bias=False)
        (w_k): Linear(in_features=4096, out_features=4096, bias=False)
        (w_v): Linear(in_features=4096, out_features=4096, bias=False)
        (w_out): Linear(in_features=4096, out_features=4096, bias=False)
        (q_norm): RMSNorm((4096,), eps=1e-06)
        (k_norm): RMSNorm((4096,), eps=1e-06)
        (rope): RotaryEmbedding()
        (backend): FlashAttention2Backend()
      )
      (attention_norm): RMSNorm((4096,), eps=1e-06)
      (attention_residual_stream): ResidualStream(
        (dropout): Identity()
      )
      (feed_forward): FeedForward(
        (w1): Linear(in_features=4096, out_features=11008, bias=False)
        (w2): Linear(in_features=11008, out_features=4096, bias=False)
        (w3): Linear(in_features=4096, out_features=11008, bias=False)
      )
      (feed_forward_norm): RMSNorm((4096,), eps=1e-06)
      (feed_forward_residual_stream): ResidualStream(
        (dropout): Identity()
      )
    )
    (28): ReorderedNormTransformerBlock(
      (attention): Attention(
        (w_q): Linear(in_features=4096, out_features=4096, bias=False)
        (w_k): Linear(in_features=4096, out_features=4096, bias=False)
        (w_v): Linear(in_features=4096, out_features=4096, bias=False)
        (w_out): Linear(in_features=4096, out_features=4096, bias=False)
        (q_norm): RMSNorm((4096,), eps=1e-06)
        (k_norm): RMSNorm((4096,), eps=1e-06)
        (rope): RotaryEmbedding()
        (backend): FlashAttention2Backend()
      )
      (attention_norm): RMSNorm((4096,), eps=1e-06)
      (attention_residual_stream): ResidualStream(
        (dropout): Identity()
      )
      (feed_forward): FeedForward(
        (w1): Linear(in_features=4096, out_features=11008, bias=False)
        (w2): Linear(in_features=11008, out_features=4096, bias=False)
        (w3): Linear(in_features=4096, out_features=11008, bias=False)
      )
      (feed_forward_norm): RMSNorm((4096,), eps=1e-06)
      (feed_forward_residual_stream): ResidualStream(
        (dropout): Identity()
      )
    )
    (29): ReorderedNormTransformerBlock(
      (attention): Attention(
        (w_q): Linear(in_features=4096, out_features=4096, bias=False)
        (w_k): Linear(in_features=4096, out_features=4096, bias=False)
        (w_v): Linear(in_features=4096, out_features=4096, bias=False)
        (w_out): Linear(in_features=4096, out_features=4096, bias=False)
        (q_norm): RMSNorm((4096,), eps=1e-06)
        (k_norm): RMSNorm((4096,), eps=1e-06)
        (rope): RotaryEmbedding()
        (backend): FlashAttention2Backend()
      )
      (attention_norm): RMSNorm((4096,), eps=1e-06)
      (attention_residual_stream): ResidualStream(
        (dropout): Identity()
      )
      (feed_forward): FeedForward(
        (w1): Linear(in_features=4096, out_features=11008, bias=False)
        (w2): Linear(in_features=11008, out_features=4096, bias=False)
        (w3): Linear(in_features=4096, out_features=11008, bias=False)
      )
      (feed_forward_norm): RMSNorm((4096,), eps=1e-06)
      (feed_forward_residual_stream): ResidualStream(
        (dropout): Identity()
      )
    )
    (30): ReorderedNormTransformerBlock(
      (attention): Attention(
        (w_q): Linear(in_features=4096, out_features=4096, bias=False)
        (w_k): Linear(in_features=4096, out_features=4096, bias=False)
        (w_v): Linear(in_features=4096, out_features=4096, bias=False)
        (w_out): Linear(in_features=4096, out_features=4096, bias=False)
        (q_norm): RMSNorm((4096,), eps=1e-06)
        (k_norm): RMSNorm((4096,), eps=1e-06)
        (rope): RotaryEmbedding()
        (backend): FlashAttention2Backend()
      )
      (attention_norm): RMSNorm((4096,), eps=1e-06)
      (attention_residual_stream): ResidualStream(
        (dropout): Identity()
      )
      (feed_forward): FeedForward(
        (w1): Linear(in_features=4096, out_features=11008, bias=False)
        (w2): Linear(in_features=11008, out_features=4096, bias=False)
        (w3): Linear(in_features=4096, out_features=11008, bias=False)
      )
      (feed_forward_norm): RMSNorm((4096,), eps=1e-06)
      (feed_forward_residual_stream): ResidualStream(
        (dropout): Identity()
      )
    )
    (31): ReorderedNormTransformerBlock(
      (attention): Attention(
        (w_q): Linear(in_features=4096, out_features=4096, bias=False)
        (w_k): Linear(in_features=4096, out_features=4096, bias=False)
        (w_v): Linear(in_features=4096, out_features=4096, bias=False)
        (w_out): Linear(in_features=4096, out_features=4096, bias=False)
        (q_norm): RMSNorm((4096,), eps=1e-06)
        (k_norm): RMSNorm((4096,), eps=1e-06)
        (rope): RotaryEmbedding()
        (backend): FlashAttention2Backend()
      )
      (attention_norm): RMSNorm((4096,), eps=1e-06)
      (attention_residual_stream): ResidualStream(
        (dropout): Identity()
      )
      (feed_forward): FeedForward(
        (w1): Linear(in_features=4096, out_features=11008, bias=False)
        (w2): Linear(in_features=11008, out_features=4096, bias=False)
        (w3): Linear(in_features=4096, out_features=11008, bias=False)
      )
      (feed_forward_norm): RMSNorm((4096,), eps=1e-06)
      (feed_forward_residual_stream): ResidualStream(
        (dropout): Identity()
      )
    )
  )
  (lm_head): LMHead(
    (norm): RMSNorm((4096,), eps=1e-06)
    (w_out): Linear(in_features=4096, out_features=100352, bias=False)
  )
)
2026-06-07 12:20:54.901	hnode011:0	olmo_core.nn.transformer.config:432	INFO	Built model with:
- 7,298,617,344 total params
- 6,887,575,552 non-embedding params
- 7,298,617,344 trainable params
2026-06-07 12:20:54.935	hnode011:0	__main__:212	INFO	Loading HF checkpoint from '/tmp/olmo-sft/work/hf_models/allenai/Olmo-3-7B-Think' (revision 'main')

Loading weights:   0%|          | 0/355 [00:00<?, ?it/s]
Loading weights: 100%|██████████| 355/355 [00:00<00:00, 9913.37it/s]

Loading weights:   0%|          | 0/355 [00:00<?, ?it/s]
Loading weights: 100%|██████████| 355/355 [00:00<00:00, 10951.67it/s]
2026-06-07 12:20:55.531	hnode011:0	olmo_core.nn.hf.checkpoint:108	INFO	Loaded hf model: Olmo3ForCausalLM(
  (model): Olmo3Model(
    (embed_tokens): Embedding(100278, 4096, padding_idx=100277)
    (layers): ModuleList(
      (0-31): 32 x Olmo3DecoderLayer(
        (self_attn): Olmo3Attention(
          (q_proj): Linear(in_features=4096, out_features=4096, bias=False)
          (k_proj): Linear(in_features=4096, out_features=4096, bias=False)
          (v_proj): Linear(in_features=4096, out_features=4096, bias=False)
          (o_proj): Linear(in_features=4096, out_features=4096, bias=False)
          (q_norm): Olmo3RMSNorm((4096,), eps=1e-06)
          (k_norm): Olmo3RMSNorm((4096,), eps=1e-06)
        )
        (mlp): Olmo3MLP(
          (gate_proj): Linear(in_features=4096, out_features=11008, bias=False)
          (up_proj): Linear(in_features=4096, out_features=11008, bias=False)
          (down_proj): Linear(in_features=11008, out_features=4096, bias=False)
          (act_fn): SiLUActivation()
        )
        (post_attention_layernorm): Olmo3RMSNorm((4096,), eps=1e-06)
        (post_feedforward_layernorm): Olmo3RMSNorm((4096,), eps=1e-06)
      )
    )
    (norm): Olmo3RMSNorm((4096,), eps=1e-06)
    (rotary_emb): Olmo3RotaryEmbedding()
  )
  (lm_head): Linear(in_features=4096, out_features=100278, bias=False)
)
[transformers] The new embeddings will be initialized from a multivariate normal distribution that has old embeddings' mean and covariance. As described in this article: https://nlp.stanford.edu/~johnhew/vocab-expansion.html. To disable this, use `mean_resizing=False`
[transformers] The new lm_head weights will be initialized from a multivariate normal distribution that has old embeddings' mean and covariance. As described in this article: https://nlp.stanford.edu/~johnhew/vocab-expansion.html. To disable this, use `mean_resizing=False`
2026-06-07 12:21:10.600	hnode011:0	__main__:248	INFO	Saving OLMo core checkpoint to '/tmp/olmo-sft/work/base-distcp/model_and_optim'
2026-06-07 12:21:10.620	hnode011:0	py.warnings:112	WARNING	/opt/conda/lib/python3.12/site-packages/torch/distributed/checkpoint/utils.py:483: UserWarning: torch.distributed is disabled, unavailable or uninitialized, assuming the intent is to save in a single process.
  return func(*args, **kwargs)

2026-06-07 12:21:13.470	hnode011:0	__main__:250	INFO	Successfully saved converted model to '/tmp/olmo-sft/work/base-distcp'
2026-06-07 12:21:13.470	hnode011:0	__main__:253	INFO	Writing partial experiment config to '/tmp/olmo-sft/work/base-distcp/config.json'
2026-06-07 12:21:13.478	hnode011:0	__main__:267	INFO	Successfully wrote partial experiment config to '/tmp/olmo-sft/work/base-distcp/config.json'
[olmocore] convert complete (/tmp/olmo-sft/work/base-distcp/.convert_complete)
[olmocore] downloading chankhavu/smolmo-proofs-cot-sft (subdir: olmocore) -> /tmp/olmo-sft/work/datasets/fields

Fetching 74 files:   0%|          | 0/74 [00:00<?, ?it/s]Still waiting to acquire lock on /tmp/olmo-sft/work/datasets/fields/.cache/huggingface/.gitignore.lock (elapsed: 0.1 seconds)
Still waiting to acquire lock on /tmp/olmo-sft/work/datasets/fields/.cache/huggingface/.gitignore.lock (elapsed: 0.1 seconds)
Still waiting to acquire lock on /tmp/olmo-sft/work/datasets/fields/.cache/huggingface/.gitignore.lock (elapsed: 0.1 seconds)
Still waiting to acquire lock on /tmp/olmo-sft/work/datasets/fields/.cache/huggingface/.gitignore.lock (elapsed: 0.1 seconds)
Still waiting to acquire lock on /tmp/olmo-sft/work/datasets/fields/.cache/huggingface/.gitignore.lock (elapsed: 0.1 seconds)

Fetching 74 files:   1%|▏         | 1/74 [00:00<00:48,  1.50it/s]
Fetching 74 files:   4%|▍         | 3/74 [00:02<01:09,  1.03it/s]
Fetching 74 files:   9%|▉         | 7/74 [00:03<00:30,  2.20it/s]
Fetching 74 files:  15%|█▍        | 11/74 [00:04<00:23,  2.74it/s]
Fetching 74 files:  19%|█▉        | 14/74 [00:05<00:19,  3.04it/s]
Fetching 74 files:  24%|██▍       | 18/74 [00:06<00:16,  3.47it/s]
Fetching 74 files:  26%|██▌       | 19/74 [00:06<00:14,  3.69it/s]
Fetching 74 files:  32%|███▏      | 24/74 [00:07<00:09,  5.17it/s]
Fetching 74 files:  34%|███▍      | 25/74 [00:07<00:10,  4.79it/s]
Fetching 74 files:  36%|███▋      | 27/74 [00:15<00:52,  1.11s/it]
Fetching 74 files:  45%|████▍     | 33/74 [00:15<00:24,  1.68it/s]
Fetching 74 files:  47%|████▋     | 35/74 [00:17<00:26,  1.48it/s]
Fetching 74 files:  58%|█████▊    | 43/74 [00:21<00:17,  1.79it/s]
Fetching 74 files:  61%|██████    | 45/74 [00:28<00:29,  1.01s/it]
Fetching 74 files:  80%|███████▉  | 59/74 [00:30<00:07,  2.10it/s]
Fetching 74 files:  82%|████████▏ | 61/74 [00:31<00:06,  1.92it/s]
Fetching 74 files:  85%|████████▌ | 63/74 [00:32<00:05,  2.07it/s]
Fetching 74 files:  93%|█████████▎| 69/74 [00:35<00:02,  2.08it/s]
Fetching 74 files: 100%|██████████| 74/74 [00:35<00:00,  2.10it/s]
[32m✓ Downloaded[0m
  path: /tmp/olmo-sft/work/datasets/fields
[olmocore] data ready: /tmp/olmo-sft/work/datasets/fields/olmocore
[olmocore] run: olmo3-7b-sft-fp8-niicluster
[olmocore] fp8 | 1x8 GPU cc=9.0 | attn=flash_2 | cp=ring | ac=0.8 | fp8=rowwise | optim=skip_step | ckpt=1000/250/keep2 | node 0/1 | 1.0 epochs
W0607 12:21:51.555000 833 site-packages/torch/distributed/run.py:852] 
W0607 12:21:51.555000 833 site-packages/torch/distributed/run.py:852] *****************************************
W0607 12:21:51.555000 833 site-packages/torch/distributed/run.py:852] Setting OMP_NUM_THREADS environment variable for each process to be 1 in default, to avoid your system being overloaded, please further tune the variable for optimal performance in your application as needed. 
W0607 12:21:51.555000 833 site-packages/torch/distributed/run.py:852] *****************************************
Skipping import of cpp extensions due to incompatible torch version 2.10.0+cu130 for torchao version 0.15.0             Please see https://github.com/pytorch/ao/issues/2919 for more info
Setting env var 'TORCH_NCCL_AVOID_RECORD_STREAMS' to '1'
Setting env var 'TORCH_DIST_INIT_BARRIER' to '1'
Initializing process group with timeout=datetime.timedelta(seconds=900)...
Skipping import of cpp extensions due to incompatible torch version 2.10.0+cu130 for torchao version 0.15.0             Please see https://github.com/pytorch/ao/issues/2919 for more info
Skipping import of cpp extensions due to incompatible torch version 2.10.0+cu130 for torchao version 0.15.0             Please see https://github.com/pytorch/ao/issues/2919 for more info
Skipping import of cpp extensions due to incompatible torch version 2.10.0+cu130 for torchao version 0.15.0             Please see https://github.com/pytorch/ao/issues/2919 for more info
Skipping import of cpp extensions due to incompatible torch version 2.10.0+cu130 for torchao version 0.15.0             Please see https://github.com/pytorch/ao/issues/2919 for more info
Skipping import of cpp extensions due to incompatible torch version 2.10.0+cu130 for torchao version 0.15.0             Please see https://github.com/pytorch/ao/issues/2919 for more info
Skipping import of cpp extensions due to incompatible torch version 2.10.0+cu130 for torchao version 0.15.0             Please see https://github.com/pytorch/ao/issues/2919 for more info
Skipping import of cpp extensions due to incompatible torch version 2.10.0+cu130 for torchao version 0.15.0             Please see https://github.com/pytorch/ao/issues/2919 for more info
Setting env var 'TORCH_NCCL_AVOID_RECORD_STREAMS' to '1'
Setting env var 'TORCH_DIST_INIT_BARRIER' to '1'
Setting env var 'TORCH_NCCL_AVOID_RECORD_STREAMS' to '1'
Setting env var 'TORCH_DIST_INIT_BARRIER' to '1'
Setting env var 'TORCH_NCCL_AVOID_RECORD_STREAMS' to '1'
Setting env var 'TORCH_DIST_INIT_BARRIER' to '1'
Setting env var 'TORCH_NCCL_AVOID_RECORD_STREAMS' to '1'
Setting env var 'TORCH_DIST_INIT_BARRIER' to '1'
Setting env var 'TORCH_NCCL_AVOID_RECORD_STREAMS' to '1'
Setting env var 'TORCH_DIST_INIT_BARRIER' to '1'
Setting env var 'TORCH_NCCL_AVOID_RECORD_STREAMS' to '1'
Setting env var 'TORCH_DIST_INIT_BARRIER' to '1'
Setting env var 'TORCH_NCCL_AVOID_RECORD_STREAMS' to '1'
Setting env var 'TORCH_DIST_INIT_BARRIER' to '1'
Initializing process group with timeout=datetime.timedelta(seconds=900)...
Initializing process group with timeout=datetime.timedelta(seconds=900)...
Initializing process group with timeout=datetime.timedelta(seconds=900)...
Initializing process group with timeout=datetime.timedelta(seconds=900)...
Initializing process group with timeout=datetime.timedelta(seconds=900)...
Initializing process group with timeout=datetime.timedelta(seconds=900)...
Initializing process group with timeout=datetime.timedelta(seconds=900)...
[Gloo] Rank 4 is connected to 7 peer ranks. Expected number of connected peer ranks is : 7
[Gloo] Rank 7 is connected to 7 peer ranks. Expected number of connected peer ranks is : 7
[Gloo] Rank 3 is connected to 7 peer ranks. Expected number of connected peer ranks is : 7
[Gloo] Rank 6 is connected to 7 peer ranks. Expected number of connected peer ranks is : 7
[Gloo] Rank 0 is connected to 7 peer ranks. Expected number of connected peer ranks is : 7
[Gloo] Rank 2 is connected to 7 peer ranks. Expected number of connected peer ranks is : 7
[Gloo] Rank 1 is connected to 7 peer ranks. Expected number of connected peer ranks is : 7
[Gloo] Rank 5 is connected to 7 peer ranks. Expected number of connected peer ranks is : 7
[W607 12:22:01.681411473 ProcessGroupNCCL.cpp:929] Warning: TORCH_NCCL_AVOID_RECORD_STREAMS is the default now, this environment variable is thus deprecated. (function operator())
[W607 12:22:01.681508962 ProcessGroupNCCL.cpp:929] Warning: TORCH_NCCL_AVOID_RECORD_STREAMS is the default now, this environment variable is thus deprecated. (function operator())
[W607 12:22:01.681515727 ProcessGroupNCCL.cpp:929] Warning: TORCH_NCCL_AVOID_RECORD_STREAMS is the default now, this environment variable is thus deprecated. (function operator())
[W607 12:22:01.681522444 ProcessGroupNCCL.cpp:929] Warning: TORCH_NCCL_AVOID_RECORD_STREAMS is the default now, this environment variable is thus deprecated. (function operator())
[W607 12:22:01.681617268 ProcessGroupNCCL.cpp:929] Warning: TORCH_NCCL_AVOID_RECORD_STREAMS is the default now, this environment variable is thus deprecated. (function operator())
[W607 12:22:01.681618321 ProcessGroupNCCL.cpp:929] Warning: TORCH_NCCL_AVOID_RECORD_STREAMS is the default now, this environment variable is thus deprecated. (function operator())
[W607 12:22:01.681621650 ProcessGroupNCCL.cpp:929] Warning: TORCH_NCCL_AVOID_RECORD_STREAMS is the default now, this environment variable is thus deprecated. (function operator())
[W607 12:22:01.681674672 ProcessGroupNCCL.cpp:929] Warning: TORCH_NCCL_AVOID_RECORD_STREAMS is the default now, this environment variable is thus deprecated. (function operator())
Global rank 6 = local rank 6 = file system local rank 6
Global rank 5 = local rank 5 = file system local rank 5
Global rank 3 = local rank 3 = file system local rank 3
Global rank 1 = local rank 1 = file system local rank 1Global rank 7 = local rank 7 = file system local rank 7

Global rank 0 = local rank 0 = file system local rank 0
Global rank 4 = local rank 4 = file system local rank 4
Global rank 2 = local rank 2 = file system local rank 2
2026-06-07 12:22:01.953	hnode011:6	olmo_core.utils:237	WARNING	Will skip setting env var 'OMP_NUM_THREADS' since it's already set to '8'
2026-06-07 12:22:01.953	hnode011:5	olmo_core.utils:237	WARNING	Will skip setting env var 'OMP_NUM_THREADS' since it's already set to '8'
2026-06-07 12:22:01.953	hnode011:3	olmo_core.utils:237	WARNING	Will skip setting env var 'OMP_NUM_THREADS' since it's already set to '8'
2026-06-07 12:22:01.954	hnode011:2	olmo_core.utils:237	WARNING	Will skip setting env var 'OMP_NUM_THREADS' since it's already set to '8'
2026-06-07 12:22:01.954	hnode011:1	olmo_core.utils:237	WARNING	Will skip setting env var 'OMP_NUM_THREADS' since it's already set to '8'
2026-06-07 12:22:01.954	hnode011:7	olmo_core.utils:237	WARNING	Will skip setting env var 'OMP_NUM_THREADS' since it's already set to '8'
2026-06-07 12:22:01.954	hnode011:0	olmo_core.utils:237	WARNING	Will skip setting env var 'OMP_NUM_THREADS' since it's already set to '8'
2026-06-07 12:22:01.954	hnode011:0	olmo_core.utils:237	INFO	Setting env var 'TOKENIZERS_PARALLELISM' to 'false'
2026-06-07 12:22:01.954	hnode011:0	olmo_core.train:148	INFO	Using distributed backend cpu:gloo,cuda:nccl
2026-06-07 12:22:01.954	hnode011:0	__main__:181	INFO	Sequence length (65536 tokens) exceeds max tokens per rank (32768 tokens). Setting cp_degree=2
2026-06-07 12:22:01.954	hnode011:0	__main__:201	INFO	Rank batch size (262144 tokens) exceeds max tokens per rank (32768 tokens). Using grad_accum_steps=4
2026-06-07 12:22:01.954	hnode011:4	olmo_core.utils:237	WARNING	Will skip setting env var 'OMP_NUM_THREADS' since it's already set to '8'
Batch size config (before overrides):
BatchSizeConfig(
    global_batch_size_tokens=1048576,
    sequence_length=65536,
    world_size=8,
    gpu_type='h100',
    rank_microbatch_size_tokens=65536,
    rank_microbatch_size_sequences=1,
    grad_accum_steps=4,
    cp_degree=2
)
2026-06-07 12:22:01.959	hnode011:0	olmo_core.nn.transformer.config:361	INFO	Building transformer with 7,298,617,344 total params, 6,887,575,552 non-embedding params
2026-06-07 12:22:01.963	hnode011:0	olmo_core.nn.attention:471	INFO	Using attention backend 'flash_2'
2026-06-07 12:22:01.964	hnode011:0	olmo_core.nn.attention:471	INFO	Using attention backend 'flash_2'
2026-06-07 12:22:01.966	hnode011:0	olmo_core.nn.attention:471	INFO	Using attention backend 'flash_2'
2026-06-07 12:22:01.967	hnode011:0	olmo_core.nn.attention:471	INFO	Using attention backend 'flash_2'
2026-06-07 12:22:01.968	hnode011:0	olmo_core.nn.attention:471	INFO	Using attention backend 'flash_2'
2026-06-07 12:22:01.969	hnode011:0	olmo_core.nn.attention:471	INFO	Using attention backend 'flash_2'
2026-06-07 12:22:01.970	hnode011:0	olmo_core.nn.attention:471	INFO	Using attention backend 'flash_2'
2026-06-07 12:22:01.972	hnode011:0	olmo_core.nn.attention:471	INFO	Using attention backend 'flash_2'
2026-06-07 12:22:01.973	hnode011:0	olmo_core.nn.attention:471	INFO	Using attention backend 'flash_2'
2026-06-07 12:22:01.974	hnode011:0	olmo_core.nn.attention:471	INFO	Using attention backend 'flash_2'
2026-06-07 12:22:01.975	hnode011:0	olmo_core.nn.attention:471	INFO	Using attention backend 'flash_2'
2026-06-07 12:22:01.977	hnode011:0	olmo_core.nn.attention:471	INFO	Using attention backend 'flash_2'
2026-06-07 12:22:01.978	hnode011:0	olmo_core.nn.attention:471	INFO	Using attention backend 'flash_2'
2026-06-07 12:22:01.979	hnode011:0	olmo_core.nn.attention:471	INFO	Using attention backend 'flash_2'
2026-06-07 12:22:01.980	hnode011:0	olmo_core.nn.attention:471	INFO	Using attention backend 'flash_2'
2026-06-07 12:22:01.981	hnode011:0	olmo_core.nn.attention:471	INFO	Using attention backend 'flash_2'
2026-06-07 12:22:01.983	hnode011:0	olmo_core.nn.attention:471	INFO	Using attention backend 'flash_2'
2026-06-07 12:22:01.984	hnode011:0	olmo_core.nn.attention:471	INFO	Using attention backend 'flash_2'
2026-06-07 12:22:01.985	hnode011:0	olmo_core.nn.attention:471	INFO	Using attention backend 'flash_2'
2026-06-07 12:22:01.987	hnode011:0	olmo_core.nn.attention:471	INFO	Using attention backend 'flash_2'
2026-06-07 12:22:01.988	hnode011:0	olmo_core.nn.attention:471	INFO	Using attention backend 'flash_2'
2026-06-07 12:22:01.989	hnode011:0	olmo_core.nn.attention:471	INFO	Using attention backend 'flash_2'
2026-06-07 12:22:01.990	hnode011:0	olmo_core.nn.attention:471	INFO	Using attention backend 'flash_2'
2026-06-07 12:22:01.992	hnode011:0	olmo_core.nn.attention:471	INFO	Using attention backend 'flash_2'
2026-06-07 12:22:01.993	hnode011:0	olmo_core.nn.attention:471	INFO	Using attention backend 'flash_2'
2026-06-07 12:22:01.994	hnode011:0	olmo_core.nn.attention:471	INFO	Using attention backend 'flash_2'
2026-06-07 12:22:01.995	hnode011:0	olmo_core.nn.attention:471	INFO	Using attention backend 'flash_2'
2026-06-07 12:22:01.996	hnode011:0	olmo_core.nn.attention:471	INFO	Using attention backend 'flash_2'
2026-06-07 12:22:01.998	hnode011:0	olmo_core.nn.attention:471	INFO	Using attention backend 'flash_2'
2026-06-07 12:22:01.999	hnode011:0	olmo_core.nn.attention:471	INFO	Using attention backend 'flash_2'
2026-06-07 12:22:02.000	hnode011:0	olmo_core.nn.attention:471	INFO	Using attention backend 'flash_2'
2026-06-07 12:22:02.001	hnode011:0	olmo_core.nn.attention:471	INFO	Using attention backend 'flash_2'
2026-06-07 12:22:02.003	hnode011:0	olmo_core.nn.transformer.config:431	INFO	Transformer(
  (embeddings): Embedding(100352, 4096)
  (blocks): ModuleDict(
    (0): ReorderedNormTransformerBlock(
      (attention): Attention(
        (w_q): Linear(in_features=4096, out_features=4096, bias=False)
        (w_k): Linear(in_features=4096, out_features=4096, bias=False)
        (w_v): Linear(in_features=4096, out_features=4096, bias=False)
        (w_out): Linear(in_features=4096, out_features=4096, bias=False)
        (q_norm): RMSNorm((4096,), eps=1e-06)
        (k_norm): RMSNorm((4096,), eps=1e-06)
        (rope): RotaryEmbedding()
        (backend): FlashAttention2Backend()
      )
      (attention_norm): RMSNorm((4096,), eps=1e-06)
      (attention_residual_stream): ResidualStream(
        (dropout): Identity()
      )
      (feed_forward): FeedForward(
        (w1): Linear(in_features=4096, out_features=11008, bias=False)
        (w2): Linear(in_features=11008, out_features=4096, bias=False)
        (w3): Linear(in_features=4096, out_features=11008, bias=False)
      )
      (feed_forward_norm): RMSNorm((4096,), eps=1e-06)
      (feed_forward_residual_stream): ResidualStream(
        (dropout): Identity()
      )
    )
    (1): ReorderedNormTransformerBlock(
      (attention): Attention(
        (w_q): Linear(in_features=4096, out_features=4096, bias=False)
        (w_k): Linear(in_features=4096, out_features=4096, bias=False)
        (w_v): Linear(in_features=4096, out_features=4096, bias=False)
        (w_out): Linear(in_features=4096, out_features=4096, bias=False)
        (q_norm): RMSNorm((4096,), eps=1e-06)
        (k_norm): RMSNorm((4096,), eps=1e-06)
        (rope): RotaryEmbedding()
        (backend): FlashAttention2Backend()
      )
      (attention_norm): RMSNorm((4096,), eps=1e-06)
      (attention_residual_stream): ResidualStream(
        (dropout): Identity()
      )
      (feed_forward): FeedForward(
        (w1): Linear(in_features=4096, out_features=11008, bias=False)
        (w2): Linear(in_features=11008, out_features=4096, bias=False)
        (w3): Linear(in_features=4096, out_features=11008, bias=False)
      )
      (feed_forward_norm): RMSNorm((4096,), eps=1e-06)
      (feed_forward_residual_stream): ResidualStream(
        (dropout): Identity()
      )
    )
    (2): ReorderedNormTransformerBlock(
      (attention): Attention(
        (w_q): Linear(in_features=4096, out_features=4096, bias=False)
        (w_k): Linear(in_features=4096, out_features=4096, bias=False)
        (w_v): Linear(in_features=4096, out_features=4096, bias=False)
        (w_out): Linear(in_features=4096, out_features=4096, bias=False)
        (q_norm): RMSNorm((4096,), eps=1e-06)
        (k_norm): RMSNorm((4096,), eps=1e-06)
        (rope): RotaryEmbedding()
        (backend): FlashAttention2Backend()
      )
      (attention_norm): RMSNorm((4096,), eps=1e-06)
      (attention_residual_stream): ResidualStream(
        (dropout): Identity()
      )
      (feed_forward): FeedForward(
        (w1): Linear(in_features=4096, out_features=11008, bias=False)
        (w2): Linear(in_features=11008, out_features=4096, bias=False)
        (w3): Linear(in_features=4096, out_features=11008, bias=False)
      )
      (feed_forward_norm): RMSNorm((4096,), eps=1e-06)
      (feed_forward_residual_stream): ResidualStream(
        (dropout): Identity()
      )
    )
    (3): ReorderedNormTransformerBlock(
      (attention): Attention(
        (w_q): Linear(in_features=4096, out_features=4096, bias=False)
        (w_k): Linear(in_features=4096, out_features=4096, bias=False)
        (w_v): Linear(in_features=4096, out_features=4096, bias=False)
        (w_out): Linear(in_features=4096, out_features=4096, bias=False)
        (q_norm): RMSNorm((4096,), eps=1e-06)
        (k_norm): RMSNorm((4096,), eps=1e-06)
        (rope): RotaryEmbedding()
        (backend): FlashAttention2Backend()
      )
      (attention_norm): RMSNorm((4096,), eps=1e-06)
      (attention_residual_stream): ResidualStream(
        (dropout): Identity()
      )
      (feed_forward): FeedForward(
        (w1): Linear(in_features=4096, out_features=11008, bias=False)
        (w2): Linear(in_features=11008, out_features=4096, bias=False)
        (w3): Linear(in_features=4096, out_features=11008, bias=False)
      )
      (feed_forward_norm): RMSNorm((4096,), eps=1e-06)
      (feed_forward_residual_stream): ResidualStream(
        (dropout): Identity()
      )
    )
    (4): ReorderedNormTransformerBlock(
      (attention): Attention(
        (w_q): Linear(in_features=4096, out_features=4096, bias=False)
        (w_k): Linear(in_features=4096, out_features=4096, bias=False)
        (w_v): Linear(in_features=4096, out_features=4096, bias=False)
        (w_out): Linear(in_features=4096, out_features=4096, bias=False)
        (q_norm): RMSNorm((4096,), eps=1e-06)
        (k_norm): RMSNorm((4096,), eps=1e-06)
        (rope): RotaryEmbedding()
        (backend): FlashAttention2Backend()
      )
      (attention_norm): RMSNorm((4096,), eps=1e-06)
      (attention_residual_stream): ResidualStream(
        (dropout): Identity()
      )
      (feed_forward): FeedForward(
        (w1): Linear(in_features=4096, out_features=11008, bias=False)
        (w2): Linear(in_features=11008, out_features=4096, bias=False)
        (w3): Linear(in_features=4096, out_features=11008, bias=False)
      )
      (feed_forward_norm): RMSNorm((4096,), eps=1e-06)
      (feed_forward_residual_stream): ResidualStream(
        (dropout): Identity()
      )
    )
    (5): ReorderedNormTransformerBlock(
      (attention): Attention(
        (w_q): Linear(in_features=4096, out_features=4096, bias=False)
        (w_k): Linear(in_features=4096, out_features=4096, bias=False)
        (w_v): Linear(in_features=4096, out_features=4096, bias=False)
        (w_out): Linear(in_features=4096, out_features=4096, bias=False)
        (q_norm): RMSNorm((4096,), eps=1e-06)
        (k_norm): RMSNorm((4096,), eps=1e-06)
        (rope): RotaryEmbedding()
        (backend): FlashAttention2Backend()
      )
      (attention_norm): RMSNorm((4096,), eps=1e-06)
      (attention_residual_stream): ResidualStream(
        (dropout): Identity()
      )
      (feed_forward): FeedForward(
        (w1): Linear(in_features=4096, out_features=11008, bias=False)
        (w2): Linear(in_features=11008, out_features=4096, bias=False)
        (w3): Linear(in_features=4096, out_features=11008, bias=False)
      )
      (feed_forward_norm): RMSNorm((4096,), eps=1e-06)
      (feed_forward_residual_stream): ResidualStream(
        (dropout): Identity()
      )
    )
    (6): ReorderedNormTransformerBlock(
      (attention): Attention(
        (w_q): Linear(in_features=4096, out_features=4096, bias=False)
        (w_k): Linear(in_features=4096, out_features=4096, bias=False)
        (w_v): Linear(in_features=4096, out_features=4096, bias=False)
        (w_out): Linear(in_features=4096, out_features=4096, bias=False)
        (q_norm): RMSNorm((4096,), eps=1e-06)
        (k_norm): RMSNorm((4096,), eps=1e-06)
        (rope): RotaryEmbedding()
        (backend): FlashAttention2Backend()
      )
      (attention_norm): RMSNorm((4096,), eps=1e-06)
      (attention_residual_stream): ResidualStream(
        (dropout): Identity()
      )
      (feed_forward): FeedForward(
        (w1): Linear(in_features=4096, out_features=11008, bias=False)
        (w2): Linear(in_features=11008, out_features=4096, bias=False)
        (w3): Linear(in_features=4096, out_features=11008, bias=False)
      )
      (feed_forward_norm): RMSNorm((4096,), eps=1e-06)
      (feed_forward_residual_stream): ResidualStream(
        (dropout): Identity()
      )
    )
    (7): ReorderedNormTransformerBlock(
      (attention): Attention(
        (w_q): Linear(in_features=4096, out_features=4096, bias=False)
        (w_k): Linear(in_features=4096, out_features=4096, bias=False)
        (w_v): Linear(in_features=4096, out_features=4096, bias=False)
        (w_out): Linear(in_features=4096, out_features=4096, bias=False)
        (q_norm): RMSNorm((4096,), eps=1e-06)
        (k_norm): RMSNorm((4096,), eps=1e-06)
        (rope): RotaryEmbedding()
        (backend): FlashAttention2Backend()
      )
      (attention_norm): RMSNorm((4096,), eps=1e-06)
      (attention_residual_stream): ResidualStream(
        (dropout): Identity()
      )
      (feed_forward): FeedForward(
        (w1): Linear(in_features=4096, out_features=11008, bias=False)
        (w2): Linear(in_features=11008, out_features=4096, bias=False)
        (w3): Linear(in_features=4096, out_features=11008, bias=False)
      )
      (feed_forward_norm): RMSNorm((4096,), eps=1e-06)
      (feed_forward_residual_stream): ResidualStream(
        (dropout): Identity()
      )
    )
    (8): ReorderedNormTransformerBlock(
      (attention): Attention(
        (w_q): Linear(in_features=4096, out_features=4096, bias=False)
        (w_k): Linear(in_features=4096, out_features=4096, bias=False)
        (w_v): Linear(in_features=4096, out_features=4096, bias=False)
        (w_out): Linear(in_features=4096, out_features=4096, bias=False)
        (q_norm): RMSNorm((4096,), eps=1e-06)
        (k_norm): RMSNorm((4096,), eps=1e-06)
        (rope): RotaryEmbedding()
        (backend): FlashAttention2Backend()
      )
      (attention_norm): RMSNorm((4096,), eps=1e-06)
      (attention_residual_stream): ResidualStream(
        (dropout): Identity()
      )
      (feed_forward): FeedForward(
        (w1): Linear(in_features=4096, out_features=11008, bias=False)
        (w2): Linear(in_features=11008, out_features=4096, bias=False)
        (w3): Linear(in_features=4096, out_features=11008, bias=False)
      )
      (feed_forward_norm): RMSNorm((4096,), eps=1e-06)
      (feed_forward_residual_stream): ResidualStream(
        (dropout): Identity()
      )
    )
    (9): ReorderedNormTransformerBlock(
      (attention): Attention(
        (w_q): Linear(in_features=4096, out_features=4096, bias=False)
        (w_k): Linear(in_features=4096, out_features=4096, bias=False)
        (w_v): Linear(in_features=4096, out_features=4096, bias=False)
        (w_out): Linear(in_features=4096, out_features=4096, bias=False)
        (q_norm): RMSNorm((4096,), eps=1e-06)
        (k_norm): RMSNorm((4096,), eps=1e-06)
        (rope): RotaryEmbedding()
        (backend): FlashAttention2Backend()
      )
      (attention_norm): RMSNorm((4096,), eps=1e-06)
      (attention_residual_stream): ResidualStream(
        (dropout): Identity()
      )
      (feed_forward): FeedForward(
        (w1): Linear(in_features=4096, out_features=11008, bias=False)
        (w2): Linear(in_features=11008, out_features=4096, bias=False)
        (w3): Linear(in_features=4096, out_features=11008, bias=False)
      )
      (feed_forward_norm): RMSNorm((4096,), eps=1e-06)
      (feed_forward_residual_stream): ResidualStream(
        (dropout): Identity()
      )
    )
    (10): ReorderedNormTransformerBlock(
      (attention): Attention(
        (w_q): Linear(in_features=4096, out_features=4096, bias=False)
        (w_k): Linear(in_features=4096, out_features=4096, bias=False)
        (w_v): Linear(in_features=4096, out_features=4096, bias=False)
        (w_out): Linear(in_features=4096, out_features=4096, bias=False)
        (q_norm): RMSNorm((4096,), eps=1e-06)
        (k_norm): RMSNorm((4096,), eps=1e-06)
        (rope): RotaryEmbedding()
        (backend): FlashAttention2Backend()
      )
      (attention_norm): RMSNorm((4096,), eps=1e-06)
      (attention_residual_stream): ResidualStream(
        (dropout): Identity()
      )
      (feed_forward): FeedForward(
        (w1): Linear(in_features=4096, out_features=11008, bias=False)
        (w2): Linear(in_features=11008, out_features=4096, bias=False)
        (w3): Linear(in_features=4096, out_features=11008, bias=False)
      )
      (feed_forward_norm): RMSNorm((4096,), eps=1e-06)
      (feed_forward_residual_stream): ResidualStream(
        (dropout): Identity()
      )
    )
    (11): ReorderedNormTransformerBlock(
      (attention): Attention(
        (w_q): Linear(in_features=4096, out_features=4096, bias=False)
        (w_k): Linear(in_features=4096, out_features=4096, bias=False)
        (w_v): Linear(in_features=4096, out_features=4096, bias=False)
        (w_out): Linear(in_features=4096, out_features=4096, bias=False)
        (q_norm): RMSNorm((4096,), eps=1e-06)
        (k_norm): RMSNorm((4096,), eps=1e-06)
        (rope): RotaryEmbedding()
        (backend): FlashAttention2Backend()
      )
      (attention_norm): RMSNorm((4096,), eps=1e-06)
      (attention_residual_stream): ResidualStream(
        (dropout): Identity()
      )
      (feed_forward): FeedForward(
        (w1): Linear(in_features=4096, out_features=11008, bias=False)
        (w2): Linear(in_features=11008, out_features=4096, bias=False)
        (w3): Linear(in_features=4096, out_features=11008, bias=False)
      )
      (feed_forward_norm): RMSNorm((4096,), eps=1e-06)
      (feed_forward_residual_stream): ResidualStream(
        (dropout): Identity()
      )
    )
    (12): ReorderedNormTransformerBlock(
      (attention): Attention(
        (w_q): Linear(in_features=4096, out_features=4096, bias=False)
        (w_k): Linear(in_features=4096, out_features=4096, bias=False)
        (w_v): Linear(in_features=4096, out_features=4096, bias=False)
        (w_out): Linear(in_features=4096, out_features=4096, bias=False)
        (q_norm): RMSNorm((4096,), eps=1e-06)
        (k_norm): RMSNorm((4096,), eps=1e-06)
        (rope): RotaryEmbedding()
        (backend): FlashAttention2Backend()
      )
      (attention_norm): RMSNorm((4096,), eps=1e-06)
      (attention_residual_stream): ResidualStream(
        (dropout): Identity()
      )
      (feed_forward): FeedForward(
        (w1): Linear(in_features=4096, out_features=11008, bias=False)
        (w2): Linear(in_features=11008, out_features=4096, bias=False)
        (w3): Linear(in_features=4096, out_features=11008, bias=False)
      )
      (feed_forward_norm): RMSNorm((4096,), eps=1e-06)
      (feed_forward_residual_stream): ResidualStream(
        (dropout): Identity()
      )
    )
    (13): ReorderedNormTransformerBlock(
      (attention): Attention(
        (w_q): Linear(in_features=4096, out_features=4096, bias=False)
        (w_k): Linear(in_features=4096, out_features=4096, bias=False)
        (w_v): Linear(in_features=4096, out_features=4096, bias=False)
        (w_out): Linear(in_features=4096, out_features=4096, bias=False)
        (q_norm): RMSNorm((4096,), eps=1e-06)
        (k_norm): RMSNorm((4096,), eps=1e-06)
        (rope): RotaryEmbedding()
        (backend): FlashAttention2Backend()
      )
      (attention_norm): RMSNorm((4096,), eps=1e-06)
      (attention_residual_stream): ResidualStream(
        (dropout): Identity()
      )
      (feed_forward): FeedForward(
        (w1): Linear(in_features=4096, out_features=11008, bias=False)
        (w2): Linear(in_features=11008, out_features=4096, bias=False)
        (w3): Linear(in_features=4096, out_features=11008, bias=False)
      )
      (feed_forward_norm): RMSNorm((4096,), eps=1e-06)
      (feed_forward_residual_stream): ResidualStream(
        (dropout): Identity()
      )
    )
    (14): ReorderedNormTransformerBlock(
      (attention): Attention(
        (w_q): Linear(in_features=4096, out_features=4096, bias=False)
        (w_k): Linear(in_features=4096, out_features=4096, bias=False)
        (w_v): Linear(in_features=4096, out_features=4096, bias=False)
        (w_out): Linear(in_features=4096, out_features=4096, bias=False)
        (q_norm): RMSNorm((4096,), eps=1e-06)
        (k_norm): RMSNorm((4096,), eps=1e-06)
        (rope): RotaryEmbedding()
        (backend): FlashAttention2Backend()
      )
      (attention_norm): RMSNorm((4096,), eps=1e-06)
      (attention_residual_stream): ResidualStream(
        (dropout): Identity()
      )
      (feed_forward): FeedForward(
        (w1): Linear(in_features=4096, out_features=11008, bias=False)
        (w2): Linear(in_features=11008, out_features=4096, bias=False)
        (w3): Linear(in_features=4096, out_features=11008, bias=False)
      )
      (feed_forward_norm): RMSNorm((4096,), eps=1e-06)
      (feed_forward_residual_stream): ResidualStream(
        (dropout): Identity()
      )
    )
    (15): ReorderedNormTransformerBlock(
      (attention): Attention(
        (w_q): Linear(in_features=4096, out_features=4096, bias=False)
        (w_k): Linear(in_features=4096, out_features=4096, bias=False)
        (w_v): Linear(in_features=4096, out_features=4096, bias=False)
        (w_out): Linear(in_features=4096, out_features=4096, bias=False)
        (q_norm): RMSNorm((4096,), eps=1e-06)
        (k_norm): RMSNorm((4096,), eps=1e-06)
        (rope): RotaryEmbedding()
        (backend): FlashAttention2Backend()
      )
      (attention_norm): RMSNorm((4096,), eps=1e-06)
      (attention_residual_stream): ResidualStream(
        (dropout): Identity()
      )
      (feed_forward): FeedForward(
        (w1): Linear(in_features=4096, out_features=11008, bias=False)
        (w2): Linear(in_features=11008, out_features=4096, bias=False)
        (w3): Linear(in_features=4096, out_features=11008, bias=False)
      )
      (feed_forward_norm): RMSNorm((4096,), eps=1e-06)
      (feed_forward_residual_stream): ResidualStream(
        (dropout): Identity()
      )
    )
    (16): ReorderedNormTransformerBlock(
      (attention): Attention(
        (w_q): Linear(in_features=4096, out_features=4096, bias=False)
        (w_k): Linear(in_features=4096, out_features=4096, bias=False)
        (w_v): Linear(in_features=4096, out_features=4096, bias=False)
        (w_out): Linear(in_features=4096, out_features=4096, bias=False)
        (q_norm): RMSNorm((4096,), eps=1e-06)
        (k_norm): RMSNorm((4096,), eps=1e-06)
        (rope): RotaryEmbedding()
        (backend): FlashAttention2Backend()
      )
      (attention_norm): RMSNorm((4096,), eps=1e-06)
      (attention_residual_stream): ResidualStream(
        (dropout): Identity()
      )
      (feed_forward): FeedForward(
        (w1): Linear(in_features=4096, out_features=11008, bias=False)
        (w2): Linear(in_features=11008, out_features=4096, bias=False)
        (w3): Linear(in_features=4096, out_features=11008, bias=False)
      )
      (feed_forward_norm): RMSNorm((4096,), eps=1e-06)
      (feed_forward_residual_stream): ResidualStream(
        (dropout): Identity()
      )
    )
    (17): ReorderedNormTransformerBlock(
      (attention): Attention(
        (w_q): Linear(in_features=4096, out_features=4096, bias=False)
        (w_k): Linear(in_features=4096, out_features=4096, bias=False)
        (w_v): Linear(in_features=4096, out_features=4096, bias=False)
        (w_out): Linear(in_features=4096, out_features=4096, bias=False)
        (q_norm): RMSNorm((4096,), eps=1e-06)
        (k_norm): RMSNorm((4096,), eps=1e-06)
        (rope): RotaryEmbedding()
        (backend): FlashAttention2Backend()
      )
      (attention_norm): RMSNorm((4096,), eps=1e-06)
      (attention_residual_stream): ResidualStream(
        (dropout): Identity()
      )
      (feed_forward): FeedForward(
        (w1): Linear(in_features=4096, out_features=11008, bias=False)
        (w2): Linear(in_features=11008, out_features=4096, bias=False)
        (w3): Linear(in_features=4096, out_features=11008, bias=False)
      )
      (feed_forward_norm): RMSNorm((4096,), eps=1e-06)
      (feed_forward_residual_stream): ResidualStream(
        (dropout): Identity()
      )
    )
    (18): ReorderedNormTransformerBlock(
      (attention): Attention(
        (w_q): Linear(in_features=4096, out_features=4096, bias=False)
        (w_k): Linear(in_features=4096, out_features=4096, bias=False)
        (w_v): Linear(in_features=4096, out_features=4096, bias=False)
        (w_out): Linear(in_features=4096, out_features=4096, bias=False)
        (q_norm): RMSNorm((4096,), eps=1e-06)
        (k_norm): RMSNorm((4096,), eps=1e-06)
        (rope): RotaryEmbedding()
        (backend): FlashAttention2Backend()
      )
      (attention_norm): RMSNorm((4096,), eps=1e-06)
      (attention_residual_stream): ResidualStream(
        (dropout): Identity()
      )
      (feed_forward): FeedForward(
        (w1): Linear(in_features=4096, out_features=11008, bias=False)
        (w2): Linear(in_features=11008, out_features=4096, bias=False)
        (w3): Linear(in_features=4096, out_features=11008, bias=False)
      )
      (feed_forward_norm): RMSNorm((4096,), eps=1e-06)
      (feed_forward_residual_stream): ResidualStream(
        (dropout): Identity()
      )
    )
    (19): ReorderedNormTransformerBlock(
      (attention): Attention(
        (w_q): Linear(in_features=4096, out_features=4096, bias=False)
        (w_k): Linear(in_features=4096, out_features=4096, bias=False)
        (w_v): Linear(in_features=4096, out_features=4096, bias=False)
        (w_out): Linear(in_features=4096, out_features=4096, bias=False)
        (q_norm): RMSNorm((4096,), eps=1e-06)
        (k_norm): RMSNorm((4096,), eps=1e-06)
        (rope): RotaryEmbedding()
        (backend): FlashAttention2Backend()
      )
      (attention_norm): RMSNorm((4096,), eps=1e-06)
      (attention_residual_stream): ResidualStream(
        (dropout): Identity()
      )
      (feed_forward): FeedForward(
        (w1): Linear(in_features=4096, out_features=11008, bias=False)
        (w2): Linear(in_features=11008, out_features=4096, bias=False)
        (w3): Linear(in_features=4096, out_features=11008, bias=False)
      )
      (feed_forward_norm): RMSNorm((4096,), eps=1e-06)
      (feed_forward_residual_stream): ResidualStream(
        (dropout): Identity()
      )
    )
    (20): ReorderedNormTransformerBlock(
      (attention): Attention(
        (w_q): Linear(in_features=4096, out_features=4096, bias=False)
        (w_k): Linear(in_features=4096, out_features=4096, bias=False)
        (w_v): Linear(in_features=4096, out_features=4096, bias=False)
        (w_out): Linear(in_features=4096, out_features=4096, bias=False)
        (q_norm): RMSNorm((4096,), eps=1e-06)
        (k_norm): RMSNorm((4096,), eps=1e-06)
        (rope): RotaryEmbedding()
        (backend): FlashAttention2Backend()
      )
      (attention_norm): RMSNorm((4096,), eps=1e-06)
      (attention_residual_stream): ResidualStream(
        (dropout): Identity()
      )
      (feed_forward): FeedForward(
        (w1): Linear(in_features=4096, out_features=11008, bias=False)
        (w2): Linear(in_features=11008, out_features=4096, bias=False)
        (w3): Linear(in_features=4096, out_features=11008, bias=False)
      )
      (feed_forward_norm): RMSNorm((4096,), eps=1e-06)
      (feed_forward_residual_stream): ResidualStream(
        (dropout): Identity()
      )
    )
    (21): ReorderedNormTransformerBlock(
      (attention): Attention(
        (w_q): Linear(in_features=4096, out_features=4096, bias=False)
        (w_k): Linear(in_features=4096, out_features=4096, bias=False)
        (w_v): Linear(in_features=4096, out_features=4096, bias=False)
        (w_out): Linear(in_features=4096, out_features=4096, bias=False)
        (q_norm): RMSNorm((4096,), eps=1e-06)
        (k_norm): RMSNorm((4096,), eps=1e-06)
        (rope): RotaryEmbedding()
        (backend): FlashAttention2Backend()
      )
      (attention_norm): RMSNorm((4096,), eps=1e-06)
      (attention_residual_stream): ResidualStream(
        (dropout): Identity()
      )
      (feed_forward): FeedForward(
        (w1): Linear(in_features=4096, out_features=11008, bias=False)
        (w2): Linear(in_features=11008, out_features=4096, bias=False)
        (w3): Linear(in_features=4096, out_features=11008, bias=False)
      )
      (feed_forward_norm): RMSNorm((4096,), eps=1e-06)
      (feed_forward_residual_stream): ResidualStream(
        (dropout): Identity()
      )
    )
    (22): ReorderedNormTransformerBlock(
      (attention): Attention(
        (w_q): Linear(in_features=4096, out_features=4096, bias=False)
        (w_k): Linear(in_features=4096, out_features=4096, bias=False)
        (w_v): Linear(in_features=4096, out_features=4096, bias=False)
        (w_out): Linear(in_features=4096, out_features=4096, bias=False)
        (q_norm): RMSNorm((4096,), eps=1e-06)
        (k_norm): RMSNorm((4096,), eps=1e-06)
        (rope): RotaryEmbedding()
        (backend): FlashAttention2Backend()
      )
      (attention_norm): RMSNorm((4096,), eps=1e-06)
      (attention_residual_stream): ResidualStream(
        (dropout): Identity()
      )
      (feed_forward): FeedForward(
        (w1): Linear(in_features=4096, out_features=11008, bias=False)
        (w2): Linear(in_features=11008, out_features=4096, bias=False)
        (w3): Linear(in_features=4096, out_features=11008, bias=False)
      )
      (feed_forward_norm): RMSNorm((4096,), eps=1e-06)
      (feed_forward_residual_stream): ResidualStream(
        (dropout): Identity()
      )
    )
    (23): ReorderedNormTransformerBlock(
      (attention): Attention(
        (w_q): Linear(in_features=4096, out_features=4096, bias=False)
        (w_k): Linear(in_features=4096, out_features=4096, bias=False)
        (w_v): Linear(in_features=4096, out_features=4096, bias=False)
        (w_out): Linear(in_features=4096, out_features=4096, bias=False)
        (q_norm): RMSNorm((4096,), eps=1e-06)
        (k_norm): RMSNorm((4096,), eps=1e-06)
        (rope): RotaryEmbedding()
        (backend): FlashAttention2Backend()
      )
      (attention_norm): RMSNorm((4096,), eps=1e-06)
      (attention_residual_stream): ResidualStream(
        (dropout): Identity()
      )
      (feed_forward): FeedForward(
        (w1): Linear(in_features=4096, out_features=11008, bias=False)
        (w2): Linear(in_features=11008, out_features=4096, bias=False)
        (w3): Linear(in_features=4096, out_features=11008, bias=False)
      )
      (feed_forward_norm): RMSNorm((4096,), eps=1e-06)
      (feed_forward_residual_stream): ResidualStream(
        (dropout): Identity()
      )
    )
    (24): ReorderedNormTransformerBlock(
      (attention): Attention(
        (w_q): Linear(in_features=4096, out_features=4096, bias=False)
        (w_k): Linear(in_features=4096, out_features=4096, bias=False)
        (w_v): Linear(in_features=4096, out_features=4096, bias=False)
        (w_out): Linear(in_features=4096, out_features=4096, bias=False)
        (q_norm): RMSNorm((4096,), eps=1e-06)
        (k_norm): RMSNorm((4096,), eps=1e-06)
        (rope): RotaryEmbedding()
        (backend): FlashAttention2Backend()
      )
      (attention_norm): RMSNorm((4096,), eps=1e-06)
      (attention_residual_stream): ResidualStream(
        (dropout): Identity()
      )
      (feed_forward): FeedForward(
        (w1): Linear(in_features=4096, out_features=11008, bias=False)
        (w2): Linear(in_features=11008, out_features=4096, bias=False)
        (w3): Linear(in_features=4096, out_features=11008, bias=False)
      )
      (feed_forward_norm): RMSNorm((4096,), eps=1e-06)
      (feed_forward_residual_stream): ResidualStream(
        (dropout): Identity()
      )
    )
    (25): ReorderedNormTransformerBlock(
      (attention): Attention(
        (w_q): Linear(in_features=4096, out_features=4096, bias=False)
        (w_k): Linear(in_features=4096, out_features=4096, bias=False)
        (w_v): Linear(in_features=4096, out_features=4096, bias=False)
        (w_out): Linear(in_features=4096, out_features=4096, bias=False)
        (q_norm): RMSNorm((4096,), eps=1e-06)
        (k_norm): RMSNorm((4096,), eps=1e-06)
        (rope): RotaryEmbedding()
        (backend): FlashAttention2Backend()
      )
      (attention_norm): RMSNorm((4096,), eps=1e-06)
      (attention_residual_stream): ResidualStream(
        (dropout): Identity()
      )
      (feed_forward): FeedForward(
        (w1): Linear(in_features=4096, out_features=11008, bias=False)
        (w2): Linear(in_features=11008, out_features=4096, bias=False)
        (w3): Linear(in_features=4096, out_features=11008, bias=False)
      )
      (feed_forward_norm): RMSNorm((4096,), eps=1e-06)
      (feed_forward_residual_stream): ResidualStream(
        (dropout): Identity()
      )
    )
    (26): ReorderedNormTransformerBlock(
      (attention): Attention(
        (w_q): Linear(in_features=4096, out_features=4096, bias=False)
        (w_k): Linear(in_features=4096, out_features=4096, bias=False)
        (w_v): Linear(in_features=4096, out_features=4096, bias=False)
        (w_out): Linear(in_features=4096, out_features=4096, bias=False)
        (q_norm): RMSNorm((4096,), eps=1e-06)
        (k_norm): RMSNorm((4096,), eps=1e-06)
        (rope): RotaryEmbedding()
        (backend): FlashAttention2Backend()
      )
      (attention_norm): RMSNorm((4096,), eps=1e-06)
      (attention_residual_stream): ResidualStream(
        (dropout): Identity()
      )
      (feed_forward): FeedForward(
        (w1): Linear(in_features=4096, out_features=11008, bias=False)
        (w2): Linear(in_features=11008, out_features=4096, bias=False)
        (w3): Linear(in_features=4096, out_features=11008, bias=False)
      )
      (feed_forward_norm): RMSNorm((4096,), eps=1e-06)
      (feed_forward_residual_stream): ResidualStream(
        (dropout): Identity()
      )
    )
    (27): ReorderedNormTransformerBlock(
      (attention): Attention(
        (w_q): Linear(in_features=4096, out_features=4096, bias=False)
        (w_k): Linear(in_features=4096, out_features=4096, bias=False)
        (w_v): Linear(in_features=4096, out_features=4096, bias=False)
        (w_out): Linear(in_features=4096, out_features=4096, bias=False)
        (q_norm): RMSNorm((4096,), eps=1e-06)
        (k_norm): RMSNorm((4096,), eps=1e-06)
        (rope): RotaryEmbedding()
        (backend): FlashAttention2Backend()
      )
      (attention_norm): RMSNorm((4096,), eps=1e-06)
      (attention_residual_stream): ResidualStream(
        (dropout): Identity()
      )
      (feed_forward): FeedForward(
        (w1): Linear(in_features=4096, out_features=11008, bias=False)
        (w2): Linear(in_features=11008, out_features=4096, bias=False)
        (w3): Linear(in_features=4096, out_features=11008, bias=False)
      )
      (feed_forward_norm): RMSNorm((4096,), eps=1e-06)
      (feed_forward_residual_stream): ResidualStream(
        (dropout): Identity()
      )
    )
    (28): ReorderedNormTransformerBlock(
      (attention): Attention(
        (w_q): Linear(in_features=4096, out_features=4096, bias=False)
        (w_k): Linear(in_features=4096, out_features=4096, bias=False)
        (w_v): Linear(in_features=4096, out_features=4096, bias=False)
        (w_out): Linear(in_features=4096, out_features=4096, bias=False)
        (q_norm): RMSNorm((4096,), eps=1e-06)
        (k_norm): RMSNorm((4096,), eps=1e-06)
        (rope): RotaryEmbedding()
        (backend): FlashAttention2Backend()
      )
      (attention_norm): RMSNorm((4096,), eps=1e-06)
      (attention_residual_stream): ResidualStream(
        (dropout): Identity()
      )
      (feed_forward): FeedForward(
        (w1): Linear(in_features=4096, out_features=11008, bias=False)
        (w2): Linear(in_features=11008, out_features=4096, bias=False)
        (w3): Linear(in_features=4096, out_features=11008, bias=False)
      )
      (feed_forward_norm): RMSNorm((4096,), eps=1e-06)
      (feed_forward_residual_stream): ResidualStream(
        (dropout): Identity()
      )
    )
    (29): ReorderedNormTransformerBlock(
      (attention): Attention(
        (w_q): Linear(in_features=4096, out_features=4096, bias=False)
        (w_k): Linear(in_features=4096, out_features=4096, bias=False)
        (w_v): Linear(in_features=4096, out_features=4096, bias=False)
        (w_out): Linear(in_features=4096, out_features=4096, bias=False)
        (q_norm): RMSNorm((4096,), eps=1e-06)
        (k_norm): RMSNorm((4096,), eps=1e-06)
        (rope): RotaryEmbedding()
        (backend): FlashAttention2Backend()
      )
      (attention_norm): RMSNorm((4096,), eps=1e-06)
      (attention_residual_stream): ResidualStream(
        (dropout): Identity()
      )
      (feed_forward): FeedForward(
        (w1): Linear(in_features=4096, out_features=11008, bias=False)
        (w2): Linear(in_features=11008, out_features=4096, bias=False)
        (w3): Linear(in_features=4096, out_features=11008, bias=False)
      )
      (feed_forward_norm): RMSNorm((4096,), eps=1e-06)
      (feed_forward_residual_stream): ResidualStream(
        (dropout): Identity()
      )
    )
    (30): ReorderedNormTransformerBlock(
      (attention): Attention(
        (w_q): Linear(in_features=4096, out_features=4096, bias=False)
        (w_k): Linear(in_features=4096, out_features=4096, bias=False)
        (w_v): Linear(in_features=4096, out_features=4096, bias=False)
        (w_out): Linear(in_features=4096, out_features=4096, bias=False)
        (q_norm): RMSNorm((4096,), eps=1e-06)
        (k_norm): RMSNorm((4096,), eps=1e-06)
        (rope): RotaryEmbedding()
        (backend): FlashAttention2Backend()
      )
      (attention_norm): RMSNorm((4096,), eps=1e-06)
      (attention_residual_stream): ResidualStream(
        (dropout): Identity()
      )
      (feed_forward): FeedForward(
        (w1): Linear(in_features=4096, out_features=11008, bias=False)
        (w2): Linear(in_features=11008, out_features=4096, bias=False)
        (w3): Linear(in_features=4096, out_features=11008, bias=False)
      )
      (feed_forward_norm): RMSNorm((4096,), eps=1e-06)
      (feed_forward_residual_stream): ResidualStream(
        (dropout): Identity()
      )
    )
    (31): ReorderedNormTransformerBlock(
      (attention): Attention(
        (w_q): Linear(in_features=4096, out_features=4096, bias=False)
        (w_k): Linear(in_features=4096, out_features=4096, bias=False)
        (w_v): Linear(in_features=4096, out_features=4096, bias=False)
        (w_out): Linear(in_features=4096, out_features=4096, bias=False)
        (q_norm): RMSNorm((4096,), eps=1e-06)
        (k_norm): RMSNorm((4096,), eps=1e-06)
        (rope): RotaryEmbedding()
        (backend): FlashAttention2Backend()
      )
      (attention_norm): RMSNorm((4096,), eps=1e-06)
      (attention_residual_stream): ResidualStream(
        (dropout): Identity()
      )
      (feed_forward): FeedForward(
        (w1): Linear(in_features=4096, out_features=11008, bias=False)
        (w2): Linear(in_features=11008, out_features=4096, bias=False)
        (w3): Linear(in_features=4096, out_features=11008, bias=False)
      )
      (feed_forward_norm): RMSNorm((4096,), eps=1e-06)
      (feed_forward_residual_stream): ResidualStream(
        (dropout): Identity()
      )
    )
  )
  (lm_head): LMHead(
    (norm): RMSNorm((4096,), eps=1e-06)
    (w_out): Linear(in_features=4096, out_features=100352, bias=False)
  )
)
2026-06-07 12:22:02.006	hnode011:0	olmo_core.nn.transformer.config:432	INFO	Built model with:
- 7,298,617,344 total params
- 6,887,575,552 non-embedding params
- 7,298,617,344 trainable params
SFTConfig(
    run_name='olmo3-7b-sft-fp8-niicluster',
    launch=None,
    model=TransformerConfig(
        d_model=4096,
        vocab_size=100352,
        n_layers=32,
        block=TransformerBlockConfig(
            sequence_mixer=AttentionConfig(
                name='default',
                n_heads=32,
                n_kv_heads=None,
                head_dim=None,
                bias=False,
                gate=None,
                rope=RoPEConfig(name='default', theta=500000, full_precision=True, no_global_rope=False, scaling=None),
                clip_qkv=None,
                qk_norm=LayerNormConfig(name='rms', eps=1e-06, elementwise_affine=None, bias=False, full_precision=None, dtype='float32'),
                dropout=None,
                use_flash=None,
                backend='flash_2',
                dtype='float32',
                sliding_window=SlidingWindowAttentionConfig(pattern=[4096, 4096, 4096, -1], force_full_attention_on_first_layer=False, force_full_attention_on_last_layer=True),
                use_head_qk_norm=False
            ),
            layer_norm=LayerNormConfig(name='rms', eps=1e-06, elementwise_affine=None, bias=False, full_precision=None, dtype='float32'),
            feed_forward=FeedForwardConfig(hidden_size=11008, name='default', bias=False, dtype='float32', activation='silu'),
            feed_forward_moe=None,
            name='reordered_norm',
            dropout=None,
            attention_residual_alpha=None,
            feed_forward_residual_alpha=None
        ),
        lm_head=LMHeadConfig(
            name='default',
            layer_norm=LayerNormConfig(name='rms', eps=1e-06, elementwise_affine=None, bias=False, full_precision=None, dtype='float32'),
            bias=False,
            dtype='float32',
            loss_implementation='fused_linear'
        ),
        embedding_norm=None,
        name='default',
        dtype='float32',
        init_method='normal',
        init_seed=0,
        init_std=0.02,
        embedding_init_std=None,
        freeze_params=None,
        block_pattern=None,
        block_overrides={
            3: TransformerBlockConfig(
                sequence_mixer=AttentionConfig(
                    name='default',
                    n_heads=32,
                    n_kv_heads=None,
                    head_dim=None,
                    bias=False,
                    gate=None,
                    rope=RoPEConfig(
                        name='default',
                        theta=500000,
                        full_precision=True,
                        no_global_rope=False,
                        scaling=YaRNRoPEScalingConfig(factor=8.0, beta_fast=32, beta_slow=1, old_context_len=8192)
                    ),
                    clip_qkv=None,
                    qk_norm=LayerNormConfig(name='rms', eps=1e-06, elementwise_affine=None, bias=False, full_precision=None, dtype='float32'),
                    dropout=None,
                    use_flash=None,
                    backend='flash_2',
                    dtype='float32',
                    sliding_window=SlidingWindowAttentionConfig(
                        pattern=[4096, 4096, 4096, -1],
                        force_full_attention_on_first_layer=False,
                        force_full_attention_on_last_layer=True
                    ),
                    use_head_qk_norm=False
                ),
                layer_norm=LayerNormConfig(name='rms', eps=1e-06, elementwise_affine=None, bias=False, full_precision=None, dtype='float32'),
                feed_forward=FeedForwardConfig(hidden_size=11008, name='default', bias=False, dtype='float32', activation='silu'),
                feed_forward_moe=None,
                name='reordered_norm',
                dropout=None,
                attention_residual_alpha=None,
                feed_forward_residual_alpha=None
            ),
            7: TransformerBlockConfig(
                sequence_mixer=AttentionConfig(
                    name='default',
                    n_heads=32,
                    n_kv_heads=None,
                    head_dim=None,
                    bias=False,
                    gate=None,
                    rope=RoPEConfig(
                        name='default',
                        theta=500000,
                        full_precision=True,
                        no_global_rope=False,
                        scaling=YaRNRoPEScalingConfig(factor=8.0, beta_fast=32, beta_slow=1, old_context_len=8192)
                    ),
                    clip_qkv=None,
                    qk_norm=LayerNormConfig(name='rms', eps=1e-06, elementwise_affine=None, bias=False, full_precision=None, dtype='float32'),
                    dropout=None,
                    use_flash=None,
                    backend='flash_2',
                    dtype='float32',
                    sliding_window=SlidingWindowAttentionConfig(
                        pattern=[4096, 4096, 4096, -1],
                        force_full_attention_on_first_layer=False,
                        force_full_attention_on_last_layer=True
                    ),
                    use_head_qk_norm=False
                ),
                layer_norm=LayerNormConfig(name='rms', eps=1e-06, elementwise_affine=None, bias=False, full_precision=None, dtype='float32'),
                feed_forward=FeedForwardConfig(hidden_size=11008, name='default', bias=False, dtype='float32', activation='silu'),
                feed_forward_moe=None,
                name='reordered_norm',
                dropout=None,
                attention_residual_alpha=None,
                feed_forward_residual_alpha=None
            ),
            11: TransformerBlockConfig(
                sequence_mixer=AttentionConfig(
                    name='default',
                    n_heads=32,
                    n_kv_heads=None,
                    head_dim=None,
                    bias=False,
                    gate=None,
                    rope=RoPEConfig(
                        name='default',
                        theta=500000,
                        full_precision=True,
                        no_global_rope=False,
                        scaling=YaRNRoPEScalingConfig(factor=8.0, beta_fast=32, beta_slow=1, old_context_len=8192)
                    ),
                    clip_qkv=None,
                    qk_norm=LayerNormConfig(name='rms', eps=1e-06, elementwise_affine=None, bias=False, full_precision=None, dtype='float32'),
                    dropout=None,
                    use_flash=None,
                    backend='flash_2',
                    dtype='float32',
                    sliding_window=SlidingWindowAttentionConfig(
                        pattern=[4096, 4096, 4096, -1],
                        force_full_attention_on_first_layer=False,
                        force_full_attention_on_last_layer=True
                    ),
                    use_head_qk_norm=False
                ),
                layer_norm=LayerNormConfig(name='rms', eps=1e-06, elementwise_affine=None, bias=False, full_precision=None, dtype='float32'),
                feed_forward=FeedForwardConfig(hidden_size=11008, name='default', bias=False, dtype='float32', activation='silu'),
                feed_forward_moe=None,
                name='reordered_norm',
                dropout=None,
                attention_residual_alpha=None,
                feed_forward_residual_alpha=None
            ),
            15: TransformerBlockConfig(
                sequence_mixer=AttentionConfig(
                    name='default',
                    n_heads=32,
                    n_kv_heads=None,
                    head_dim=None,
                    bias=False,
                    gate=None,
                    rope=RoPEConfig(
                        name='default',
                        theta=500000,
                        full_precision=True,
                        no_global_rope=False,
                        scaling=YaRNRoPEScalingConfig(factor=8.0, beta_fast=32, beta_slow=1, old_context_len=8192)
                    ),
                    clip_qkv=None,
                    qk_norm=LayerNormConfig(name='rms', eps=1e-06, elementwise_affine=None, bias=False, full_precision=None, dtype='float32'),
                    dropout=None,
                    use_flash=None,
                    backend='flash_2',
                    dtype='float32',
                    sliding_window=SlidingWindowAttentionConfig(
                        pattern=[4096, 4096, 4096, -1],
                        force_full_attention_on_first_layer=False,
                        force_full_attention_on_last_layer=True
                    ),
                    use_head_qk_norm=False
                ),
                layer_norm=LayerNormConfig(name='rms', eps=1e-06, elementwise_affine=None, bias=False, full_precision=None, dtype='float32'),
                feed_forward=FeedForwardConfig(hidden_size=11008, name='default', bias=False, dtype='float32', activation='silu'),
                feed_forward_moe=None,
                name='reordered_norm',
                dropout=None,
                attention_residual_alpha=None,
                feed_forward_residual_alpha=None
            ),
            19: TransformerBlockConfig(
                sequence_mixer=AttentionConfig(
                    name='default',
                    n_heads=32,
                    n_kv_heads=None,
                    head_dim=None,
                    bias=False,
                    gate=None,
                    rope=RoPEConfig(
                        name='default',
                        theta=500000,
                        full_precision=True,
                        no_global_rope=False,
                        scaling=YaRNRoPEScalingConfig(factor=8.0, beta_fast=32, beta_slow=1, old_context_len=8192)
                    ),
                    clip_qkv=None,
                    qk_norm=LayerNormConfig(name='rms', eps=1e-06, elementwise_affine=None, bias=False, full_precision=None, dtype='float32'),
                    dropout=None,
                    use_flash=None,
                    backend='flash_2',
                    dtype='float32',
                    sliding_window=SlidingWindowAttentionConfig(
                        pattern=[4096, 4096, 4096, -1],
                        force_full_attention_on_first_layer=False,
                        force_full_attention_on_last_layer=True
                    ),
                    use_head_qk_norm=False
                ),
                layer_norm=LayerNormConfig(name='rms', eps=1e-06, elementwise_affine=None, bias=False, full_precision=None, dtype='float32'),
                feed_forward=FeedForwardConfig(hidden_size=11008, name='default', bias=False, dtype='float32', activation='silu'),
                feed_forward_moe=None,
                name='reordered_norm',
                dropout=None,
                attention_residual_alpha=None,
                feed_forward_residual_alpha=None
            ),
            23: TransformerBlockConfig(
                sequence_mixer=AttentionConfig(
                    name='default',
                    n_heads=32,
                    n_kv_heads=None,
                    head_dim=None,
                    bias=False,
                    gate=None,
                    rope=RoPEConfig(
                        name='default',
                        theta=500000,
                        full_precision=True,
                        no_global_rope=False,
                        scaling=YaRNRoPEScalingConfig(factor=8.0, beta_fast=32, beta_slow=1, old_context_len=8192)
                    ),
                    clip_qkv=None,
                    qk_norm=LayerNormConfig(name='rms', eps=1e-06, elementwise_affine=None, bias=False, full_precision=None, dtype='float32'),
                    dropout=None,
                    use_flash=None,
                    backend='flash_2',
                    dtype='float32',
                    sliding_window=SlidingWindowAttentionConfig(
                        pattern=[4096, 4096, 4096, -1],
                        force_full_attention_on_first_layer=False,
                        force_full_attention_on_last_layer=True
                    ),
                    use_head_qk_norm=False
                ),
                layer_norm=LayerNormConfig(name='rms', eps=1e-06, elementwise_affine=None, bias=False, full_precision=None, dtype='float32'),
                feed_forward=FeedForwardConfig(hidden_size=11008, name='default', bias=False, dtype='float32', activation='silu'),
                feed_forward_moe=None,
                name='reordered_norm',
                dropout=None,
                attention_residual_alpha=None,
                feed_forward_residual_alpha=None
            ),
            27: TransformerBlockConfig(
                sequence_mixer=AttentionConfig(
                    name='default',
                    n_heads=32,
                    n_kv_heads=None,
                    head_dim=None,
                    bias=False,
                    gate=None,
                    rope=RoPEConfig(
                        name='default',
                        theta=500000,
                        full_precision=True,
                        no_global_rope=False,
                        scaling=YaRNRoPEScalingConfig(factor=8.0, beta_fast=32, beta_slow=1, old_context_len=8192)
                    ),
                    clip_qkv=None,
                    qk_norm=LayerNormConfig(name='rms', eps=1e-06, elementwise_affine=None, bias=False, full_precision=None, dtype='float32'),
                    dropout=None,
                    use_flash=None,
                    backend='flash_2',
                    dtype='float32',
                    sliding_window=SlidingWindowAttentionConfig(
                        pattern=[4096, 4096, 4096, -1],
                        force_full_attention_on_first_layer=False,
                        force_full_attention_on_last_layer=True
                    ),
                    use_head_qk_norm=False
                ),
                layer_norm=LayerNormConfig(name='rms', eps=1e-06, elementwise_affine=None, bias=False, full_precision=None, dtype='float32'),
                feed_forward=FeedForwardConfig(hidden_size=11008, name='default', bias=False, dtype='float32', activation='silu'),
                feed_forward_moe=None,
                name='reordered_norm',
                dropout=None,
                attention_residual_alpha=None,
                feed_forward_residual_alpha=None
            ),
            31: TransformerBlockConfig(
                sequence_mixer=AttentionConfig(
                    name='default',
                    n_heads=32,
                    n_kv_heads=None,
                    head_dim=None,
                    bias=False,
                    gate=None,
                    rope=RoPEConfig(
                        name='default',
                        theta=500000,
                        full_precision=True,
                        no_global_rope=False,
                        scaling=YaRNRoPEScalingConfig(factor=8.0, beta_fast=32, beta_slow=1, old_context_len=8192)
                    ),
                    clip_qkv=None,
                    qk_norm=LayerNormConfig(name='rms', eps=1e-06, elementwise_affine=None, bias=False, full_precision=None, dtype='float32'),
                    dropout=None,
                    use_flash=None,
                    backend='flash_2',
                    dtype='float32',
                    sliding_window=SlidingWindowAttentionConfig(
                        pattern=[4096, 4096, 4096, -1],
                        force_full_attention_on_first_layer=False,
                        force_full_attention_on_last_layer=True
                    ),
                    use_head_qk_norm=False
                ),
                layer_norm=LayerNormConfig(name='rms', eps=1e-06, elementwise_affine=None, bias=False, full_precision=None, dtype='float32'),
                feed_forward=FeedForwardConfig(hidden_size=11008, name='default', bias=False, dtype='float32', activation='silu'),
                feed_forward_moe=None,
                name='reordered_norm',
                dropout=None,
                attention_residual_alpha=None,
                feed_forward_residual_alpha=None
            )
        },
        embed_scale=None
    ),
    dataset=NumpyPackedFSLDatasetConfig(
        tokenizer=TokenizerConfig(vocab_size=100278, eos_token_id=100257, pad_token_id=100277, bos_token_id=None, identifier='allenai/dolma2-tokenizer'),
        paths=['/tmp/olmo-sft/work/datasets/fields/olmocore/token_ids_part_*.npy'],
        mix=None,
        mix_base_dir=None,
        expand_glob=True,
        dtype=None,
        metadata=None,
        include_instance_metadata=True,
        instance_filter_config=None,
        source_permutation_seed=None,
        work_dir='/tmp/olmo-sft/output/internal/_work',
        ignore_fingerprint_mismatch=False,
        sequence_length=65536,
        generate_doc_lengths=True,
        label_mask_paths=['/tmp/olmo-sft/work/datasets/fields/olmocore/labels_mask_*.npy'],
        long_doc_strategy='truncate',
        source_group_size=1
    ),
    data_loader=NumpyDataLoaderConfig(
        global_batch_size=1048576,
        seed=34521,
        work_dir=None,
        num_threads=None,
        num_workers=4,
        prefetch_factor=None,
        target_device_type=None,
        ignore_fingerprint_mismatch=False
    ),
    train_module=TransformerTrainModuleConfig(
        rank_microbatch_size=65536,
        max_sequence_length=65536,
        optim=SkipStepAdamWConfig(
            group_overrides=None,
            compile=False,
            fixed_fields=('initial_lr',),
            lr=5e-05,
            betas=(0.9, 0.95),
            eps=1e-08,
            weight_decay=0.0,
            dtype='bfloat16',
            foreach=True,
            step_increment_bugfix=True,
            rolling_interval_length=128,
            sigma_factor=6
        ),
        max_grad_norm=1.0,
        scheduler=LinearWithWarmup(
            lr_field='lr',
            initial_lr_field='initial_lr',
            units='steps',
            alpha_f=0.0,
            t_max=None,
            warmup=None,
            warmup_steps=None,
            warmup_fraction=0.03,
            warmup_min_lr=0.0
        ),
        compile_model=True,
        float8_config=Float8Config(
            ao=None,
            ao_recipe='rowwise',
            ao_mx=None,
            modules_to_ignore=[
                'blocks.0.attention.w_q',
                'blocks.0.attention.w_k',
                'blocks.0.attention.w_v',
                'blocks.0.attention.w_out',
                'blocks.1.attention.w_q',
                'blocks.1.attention.w_k',
                'blocks.1.attention.w_v',
                'blocks.1.attention.w_out',
                'blocks.2.attention.w_q',
                'blocks.2.attention.w_k',
                'blocks.2.attention.w_v',
                'blocks.2.attention.w_out',
                'blocks.3.attention.w_q',
                'blocks.3.attention.w_k',
                'blocks.3.attention.w_v',
                'blocks.3.attention.w_out',
                'blocks.4.attention.w_q',
                'blocks.4.attention.w_k',
                'blocks.4.attention.w_v',
                'blocks.4.attention.w_out',
                'blocks.5.attention.w_q',
                'blocks.5.attention.w_k',
                'blocks.5.attention.w_v',
                'blocks.5.attention.w_out',
                'blocks.6.attention.w_q',
                'blocks.6.attention.w_k',
                'blocks.6.attention.w_v',
                'blocks.6.attention.w_out',
                'blocks.7.attention.w_q',
                'blocks.7.attention.w_k',
                'blocks.7.attention.w_v',
                'blocks.7.attention.w_out',
                'blocks.8.attention.w_q',
                'blocks.8.attention.w_k',
                'blocks.8.attention.w_v',
                'blocks.8.attention.w_out',
                'blocks.9.attention.w_q',
                'blocks.9.attention.w_k',
                'blocks.9.attention.w_v',
                'blocks.9.attention.w_out',
                'blocks.10.attention.w_q',
                'blocks.10.attention.w_k',
                'blocks.10.attention.w_v',
                'blocks.10.attention.w_out',
                'blocks.11.attention.w_q',
                'blocks.11.attention.w_k',
                'blocks.11.attention.w_v',
                'blocks.11.attention.w_out',
                'blocks.12.attention.w_q',
                'blocks.12.attention.w_k',
                'blocks.12.attention.w_v',
                'blocks.12.attention.w_out',
                'blocks.13.attention.w_q',
                'blocks.13.attention.w_k',
                'blocks.13.attention.w_v',
                'blocks.13.attention.w_out',
                'blocks.14.attention.w_q',
                'blocks.14.attention.w_k',
                'blocks.14.attention.w_v',
                'blocks.14.attention.w_out',
                'blocks.15.attention.w_q',
                'blocks.15.attention.w_k',
                'blocks.15.attention.w_v',
                'blocks.15.attention.w_out',
                'blocks.16.attention.w_q',
                'blocks.16.attention.w_k',
                'blocks.16.attention.w_v',
                'blocks.16.attention.w_out',
                'blocks.17.attention.w_q',
                'blocks.17.attention.w_k',
                'blocks.17.attention.w_v',
                'blocks.17.attention.w_out',
                'blocks.18.attention.w_q',
                'blocks.18.attention.w_k',
                'blocks.18.attention.w_v',
                'blocks.18.attention.w_out',
                'blocks.19.attention.w_q',
                'blocks.19.attention.w_k',
                'blocks.19.attention.w_v',
                'blocks.19.attention.w_out',
                'blocks.20.attention.w_q',
                'blocks.20.attention.w_k',
                'blocks.20.attention.w_v',
                'blocks.20.attention.w_out',
                'blocks.21.attention.w_q',
                'blocks.21.attention.w_k',
                'blocks.21.attention.w_v',
                'blocks.21.attention.w_out',
                'blocks.22.attention.w_q',
                'blocks.22.attention.w_k',
                'blocks.22.attention.w_v',
                'blocks.22.attention.w_out',
                'blocks.23.attention.w_q',
                'blocks.23.attention.w_k',
                'blocks.23.attention.w_v',
                'blocks.23.attention.w_out',
                'blocks.24.attention.w_q',
                'blocks.24.attention.w_k',
                'blocks.24.attention.w_v',
                'blocks.24.attention.w_out',
                'blocks.25.attention.w_q',
                'blocks.25.attention.w_k',
                'blocks.25.attention.w_v',
                'blocks.25.attention.w_out',
                'blocks.26.attention.w_q',
                'blocks.26.attention.w_k',
                'blocks.26.attention.w_v',
                'blocks.26.attention.w_out',
                'blocks.27.attention.w_q',
                'blocks.27.attention.w_k',
                'blocks.27.attention.w_v',
                'blocks.27.attention.w_out',
                'blocks.28.attention.w_q',
                'blocks.28.attention.w_k',
                'blocks.28.attention.w_v',
                'blocks.28.attention.w_out',
                'blocks.29.attention.w_q',
                'blocks.29.attention.w_k',
                'blocks.29.attention.w_v',
                'blocks.29.attention.w_out',
                'blocks.30.attention.w_q',
                'blocks.30.attention.w_k',
                'blocks.30.attention.w_v',
                'blocks.30.attention.w_out',
                'blocks.31.attention.w_q',
                'blocks.31.attention.w_k',
                'blocks.31.attention.w_v',
                'blocks.31.attention.w_out'
            ],
            enabled=True
        ),
        pp_config=None,
        dp_config=TransformerDataParallelConfig(
            name='hsdp',
            param_dtype='bfloat16',
            reduce_dtype='float32',
            num_replicas=None,
            shard_degree=4,
            wrapping_strategy='full',
            prefetch_factor=0
        ),
        tp_config=None,
        cp_config=TransformerContextParallelConfig(degree=2, ring=RingContextParallelStyle(load_balancer='llama3', head_stride=1), uly=None),
        ep_config=None,
        ac_config=TransformerActivationCheckpointingConfig(mode='budget', block_interval=None, modules=None, activation_memory_budget=0.8),
        z_loss_multiplier=None,
        state_dict_save_opts=None,
        state_dict_load_opts=None,
        load_key_mapping=None,
        autocast_precision=None,
        label_ignore_index=-100
    ),
    trainer=TrainerConfig(
        save_folder='/tmp/olmo-sft/output/internal/checkpoints/fields/olmo-sft/olmo3-7b-sft-fp8-niicluster',
        work_dir=None,
        load_path=None,
        load_strategy='never',
        load_optim_state=None,
        load_trainer_state=None,
        checkpointer=CheckpointerConfig(work_dir=None, save_overwrite=None, pre_download=False, save_thread_count=1, load_thread_count=32, throttle_uploads=True),
        device=None,
        save_overwrite=True,
        max_duration=Duration(value=1, unit='epochs'),
        cancel_check_interval=10,
        hard_stop=None,
        metrics_collect_interval=10,
        callbacks={
            'gpu_monitor': GPUMemoryMonitorCallback(device_id=None, _num_alloc_retries=0),
            'config_saver': ConfigSaverCallback(fname='config.json', save_data_paths=None, data_paths_fname=None, _config=None),
            'garbage_collector': GarbageCollectorCallback(gc_interval=1000, enabled=True, _start_state=None),
            'checkpointer': CheckpointerCallback(
                save_interval=1000,
                ephemeral_save_interval=250,
                pre_train_checkpoint=None,
                save_async=True,
                remove='ephemeral_only',
                ephemeral_cooldown=None,
                fixed_steps=None,
                enabled=True,
                _latest_checkpoint_step=-1,
                _latest_checkpoint_path='',
                _checkpoints=[],
                _ephemeral_checkpoints=[],
                _checkpoints_to_remove=[]
            ),
            'checkpoint_retention': KeepLastNCheckpoints(keep_last=2, save_interval=1000, _persistent=[]),
            'wandb': WandBCallback(
                enabled=True,
                name='olmo3-7b-sft-fp8-niicluster',
                project='olmo3-7b-sft',
                entity=None,
                group=None,
                tags=None,
                notes=None,
                config=None,
                cancel_tags=['cancel', 'canceled', 'cancelled'],
                cancel_check_interval=10,
                _finalized=False
            )
        },
        async_bookkeeping=None,
        bookkeeping_soft_timeout=30,
        no_checkpoints=False,
        no_evals=False,
        steps_to_skip=None
    ),
    init_seed=33333
)
SFTConfig(
    run_name='olmo3-7b-sft-fp8-niicluster',
    launch=None,
    model=TransformerConfig(
        d_model=4096,
        vocab_size=100352,
        n_layers=32,
        block=TransformerBlockConfig(
            sequence_mixer=AttentionConfig(
                name='default',
                n_heads=32,
                n_kv_heads=None,
                head_dim=None,
                bias=False,
                gate=None,
                rope=RoPEConfig(name='default', theta=500000, full_precision=True, no_global_rope=False, scaling=None),
                clip_qkv=None,
                qk_norm=LayerNormConfig(name='rms', eps=1e-06, elementwise_affine=None, bias=False, full_precision=None, dtype='float32'),
                dropout=None,
                use_flash=None,
                backend='flash_2',
                dtype='float32',
                sliding_window=SlidingWindowAttentionConfig(pattern=[4096, 4096, 4096, -1], force_full_attention_on_first_layer=False, force_full_attention_on_last_layer=True),
                use_head_qk_norm=False
            ),
            layer_norm=LayerNormConfig(name='rms', eps=1e-06, elementwise_affine=None, bias=False, full_precision=None, dtype='float32'),
            feed_forward=FeedForwardConfig(hidden_size=11008, name='default', bias=False, dtype='float32', activation='silu'),
            feed_forward_moe=None,
            name='reordered_norm',
            dropout=None,
            attention_residual_alpha=None,
            feed_forward_residual_alpha=None
        ),
        lm_head=LMHeadConfig(
            name='default',
            layer_norm=LayerNormConfig(name='rms', eps=1e-06, elementwise_affine=None, bias=False, full_precision=None, dtype='float32'),
            bias=False,
            dtype='float32',
            loss_implementation='fused_linear'
        ),
        embedding_norm=None,
        name='default',
        dtype='float32',
        init_method='normal',
        init_seed=0,
        init_std=0.02,
        embedding_init_std=None,
        freeze_params=None,
        block_pattern=None,
        block_overrides={
            3: TransformerBlockConfig(
                sequence_mixer=AttentionConfig(
                    name='default',
                    n_heads=32,
                    n_kv_heads=None,
                    head_dim=None,
                    bias=False,
                    gate=None,
                    rope=RoPEConfig(
                        name='default',
                        theta=500000,
                        full_precision=True,
                        no_global_rope=False,
                        scaling=YaRNRoPEScalingConfig(factor=8.0, beta_fast=32, beta_slow=1, old_context_len=8192)
                    ),
                    clip_qkv=None,
                    qk_norm=LayerNormConfig(name='rms', eps=1e-06, elementwise_affine=None, bias=False, full_precision=None, dtype='float32'),
                    dropout=None,
                    use_flash=None,
                    backend='flash_2',
                    dtype='float32',
                    sliding_window=SlidingWindowAttentionConfig(
                        pattern=[4096, 4096, 4096, -1],
                        force_full_attention_on_first_layer=False,
                        force_full_attention_on_last_layer=True
                    ),
                    use_head_qk_norm=False
                ),
                layer_norm=LayerNormConfig(name='rms', eps=1e-06, elementwise_affine=None, bias=False, full_precision=None, dtype='float32'),
                feed_forward=FeedForwardConfig(hidden_size=11008, name='default', bias=False, dtype='float32', activation='silu'),
                feed_forward_moe=None,
                name='reordered_norm',
                dropout=None,
                attention_residual_alpha=None,
                feed_forward_residual_alpha=None
            ),
            7: TransformerBlockConfig(
                sequence_mixer=AttentionConfig(
                    name='default',
                    n_heads=32,
                    n_kv_heads=None,
                    head_dim=None,
                    bias=False,
                    gate=None,
                    rope=RoPEConfig(
                        name='default',
                        theta=500000,
                        full_precision=True,
                        no_global_rope=False,
                        scaling=YaRNRoPEScalingConfig(factor=8.0, beta_fast=32, beta_slow=1, old_context_len=8192)
                    ),
                    clip_qkv=None,
                    qk_norm=LayerNormConfig(name='rms', eps=1e-06, elementwise_affine=None, bias=False, full_precision=None, dtype='float32'),
                    dropout=None,
                    use_flash=None,
                    backend='flash_2',
                    dtype='float32',
                    sliding_window=SlidingWindowAttentionConfig(
                        pattern=[4096, 4096, 4096, -1],
                        force_full_attention_on_first_layer=False,
                        force_full_attention_on_last_layer=True
                    ),
                    use_head_qk_norm=False
                ),
                layer_norm=LayerNormConfig(name='rms', eps=1e-06, elementwise_affine=None, bias=False, full_precision=None, dtype='float32'),
                feed_forward=FeedForwardConfig(hidden_size=11008, name='default', bias=False, dtype='float32', activation='silu'),
                feed_forward_moe=None,
                name='reordered_norm',
                dropout=None,
                attention_residual_alpha=None,
                feed_forward_residual_alpha=None
            ),
            11: TransformerBlockConfig(
                sequence_mixer=AttentionConfig(
                    name='default',
                    n_heads=32,
                    n_kv_heads=None,
                    head_dim=None,
                    bias=False,
                    gate=None,
                    rope=RoPEConfig(
                        name='default',
                        theta=500000,
                        full_precision=True,
                        no_global_rope=False,
                        scaling=YaRNRoPEScalingConfig(factor=8.0, beta_fast=32, beta_slow=1, old_context_len=8192)
                    ),
                    clip_qkv=None,
                    qk_norm=LayerNormConfig(name='rms', eps=1e-06, elementwise_affine=None, bias=False, full_precision=None, dtype='float32'),
                    dropout=None,
                    use_flash=None,
                    backend='flash_2',
                    dtype='float32',
                    sliding_window=SlidingWindowAttentionConfig(
                        pattern=[4096, 4096, 4096, -1],
                        force_full_attention_on_first_layer=False,
                        force_full_attention_on_last_layer=True
                    ),
                    use_head_qk_norm=False
                ),
                layer_norm=LayerNormConfig(name='rms', eps=1e-06, elementwise_affine=None, bias=False, full_precision=None, dtype='float32'),
                feed_forward=FeedForwardConfig(hidden_size=11008, name='default', bias=False, dtype='float32', activation='silu'),
                feed_forward_moe=None,
                name='reordered_norm',
                dropout=None,
                attention_residual_alpha=None,
                feed_forward_residual_alpha=None
            ),
            15: TransformerBlockConfig(
                sequence_mixer=AttentionConfig(
                    name='default',
                    n_heads=32,
                    n_kv_heads=None,
                    head_dim=None,
                    bias=False,
                    gate=None,
                    rope=RoPEConfig(
                        name='default',
                        theta=500000,
                        full_precision=True,
                        no_global_rope=False,
                        scaling=YaRNRoPEScalingConfig(factor=8.0, beta_fast=32, beta_slow=1, old_context_len=8192)
                    ),
                    clip_qkv=None,
                    qk_norm=LayerNormConfig(name='rms', eps=1e-06, elementwise_affine=None, bias=False, full_precision=None, dtype='float32'),
                    dropout=None,
                    use_flash=None,
                    backend='flash_2',
                    dtype='float32',
                    sliding_window=SlidingWindowAttentionConfig(
                        pattern=[4096, 4096, 4096, -1],
                        force_full_attention_on_first_layer=False,
                        force_full_attention_on_last_layer=True
                    ),
                    use_head_qk_norm=False
                ),
                layer_norm=LayerNormConfig(name='rms', eps=1e-06, elementwise_affine=None, bias=False, full_precision=None, dtype='float32'),
                feed_forward=FeedForwardConfig(hidden_size=11008, name='default', bias=False, dtype='float32', activation='silu'),
                feed_forward_moe=None,
                name='reordered_norm',
                dropout=None,
                attention_residual_alpha=None,
                feed_forward_residual_alpha=None
            ),
            19: TransformerBlockConfig(
                sequence_mixer=AttentionConfig(
                    name='default',
                    n_heads=32,
                    n_kv_heads=None,
                    head_dim=None,
                    bias=False,
                    gate=None,
                    rope=RoPEConfig(
                        name='default',
                        theta=500000,
                        full_precision=True,
                        no_global_rope=False,
                        scaling=YaRNRoPEScalingConfig(factor=8.0, beta_fast=32, beta_slow=1, old_context_len=8192)
                    ),
                    clip_qkv=None,
                    qk_norm=LayerNormConfig(name='rms', eps=1e-06, elementwise_affine=None, bias=False, full_precision=None, dtype='float32'),
                    dropout=None,
                    use_flash=None,
                    backend='flash_2',
                    dtype='float32',
                    sliding_window=SlidingWindowAttentionConfig(
                        pattern=[4096, 4096, 4096, -1],
                        force_full_attention_on_first_layer=False,
                        force_full_attention_on_last_layer=True
                    ),
                    use_head_qk_norm=False
                ),
                layer_norm=LayerNormConfig(name='rms', eps=1e-06, elementwise_affine=None, bias=False, full_precision=None, dtype='float32'),
                feed_forward=FeedForwardConfig(hidden_size=11008, name='default', bias=False, dtype='float32', activation='silu'),
                feed_forward_moe=None,
                name='reordered_norm',
                dropout=None,
                attention_residual_alpha=None,
                feed_forward_residual_alpha=None
            ),
            23: TransformerBlockConfig(
                sequence_mixer=AttentionConfig(
                    name='default',
                    n_heads=32,
                    n_kv_heads=None,
                    head_dim=None,
                    bias=False,
                    gate=None,
                    rope=RoPEConfig(
                        name='default',
                        theta=500000,
                        full_precision=True,
                        no_global_rope=False,
                        scaling=YaRNRoPEScalingConfig(factor=8.0, beta_fast=32, beta_slow=1, old_context_len=8192)
                    ),
                    clip_qkv=None,
                    qk_norm=LayerNormConfig(name='rms', eps=1e-06, elementwise_affine=None, bias=False, full_precision=None, dtype='float32'),
                    dropout=None,
                    use_flash=None,
                    backend='flash_2',
                    dtype='float32',
                    sliding_window=SlidingWindowAttentionConfig(
                        pattern=[4096, 4096, 4096, -1],
                        force_full_attention_on_first_layer=False,
                        force_full_attention_on_last_layer=True
                    ),
                    use_head_qk_norm=False
                ),
                layer_norm=LayerNormConfig(name='rms', eps=1e-06, elementwise_affine=None, bias=False, full_precision=None, dtype='float32'),
                feed_forward=FeedForwardConfig(hidden_size=11008, name='default', bias=False, dtype='float32', activation='silu'),
                feed_forward_moe=None,
                name='reordered_norm',
                dropout=None,
                attention_residual_alpha=None,
                feed_forward_residual_alpha=None
            ),
            27: TransformerBlockConfig(
                sequence_mixer=AttentionConfig(
                    name='default',
                    n_heads=32,
                    n_kv_heads=None,
                    head_dim=None,
                    bias=False,
                    gate=None,
                    rope=RoPEConfig(
                        name='default',
                        theta=500000,
                        full_precision=True,
                        no_global_rope=False,
                        scaling=YaRNRoPEScalingConfig(factor=8.0, beta_fast=32, beta_slow=1, old_context_len=8192)
                    ),
                    clip_qkv=None,
                    qk_norm=LayerNormConfig(name='rms', eps=1e-06, elementwise_affine=None, bias=False, full_precision=None, dtype='float32'),
                    dropout=None,
                    use_flash=None,
                    backend='flash_2',
                    dtype='float32',
                    sliding_window=SlidingWindowAttentionConfig(
                        pattern=[4096, 4096, 4096, -1],
                        force_full_attention_on_first_layer=False,
                        force_full_attention_on_last_layer=True
                    ),
                    use_head_qk_norm=False
                ),
                layer_norm=LayerNormConfig(name='rms', eps=1e-06, elementwise_affine=None, bias=False, full_precision=None, dtype='float32'),
                feed_forward=FeedForwardConfig(hidden_size=11008, name='default', bias=False, dtype='float32', activation='silu'),
                feed_forward_moe=None,
                name='reordered_norm',
                dropout=None,
                attention_residual_alpha=None,
                feed_forward_residual_alpha=None
            ),
            31: TransformerBlockConfig(
                sequence_mixer=AttentionConfig(
                    name='default',
                    n_heads=32,
                    n_kv_heads=None,
                    head_dim=None,
                    bias=False,
                    gate=None,
                    rope=RoPEConfig(
                        name='default',
                        theta=500000,
                        full_precision=True,
                        no_global_rope=False,
                        scaling=YaRNRoPEScalingConfig(factor=8.0, beta_fast=32, beta_slow=1, old_context_len=8192)
                    ),
                    clip_qkv=None,
                    qk_norm=LayerNormConfig(name='rms', eps=1e-06, elementwise_affine=None, bias=False, full_precision=None, dtype='float32'),
                    dropout=None,
                    use_flash=None,
                    backend='flash_2',
                    dtype='float32',
                    sliding_window=SlidingWindowAttentionConfig(
                        pattern=[4096, 4096, 4096, -1],
                        force_full_attention_on_first_layer=False,
                        force_full_attention_on_last_layer=True
                    ),
                    use_head_qk_norm=False
                ),
                layer_norm=LayerNormConfig(name='rms', eps=1e-06, elementwise_affine=None, bias=False, full_precision=None, dtype='float32'),
                feed_forward=FeedForwardConfig(hidden_size=11008, name='default', bias=False, dtype='float32', activation='silu'),
                feed_forward_moe=None,
                name='reordered_norm',
                dropout=None,
                attention_residual_alpha=None,
                feed_forward_residual_alpha=None
            )
        },
        embed_scale=None
    ),
    dataset=NumpyPackedFSLDatasetConfig(
        tokenizer=TokenizerConfig(vocab_size=100278, eos_token_id=100257, pad_token_id=100277, bos_token_id=None, identifier='allenai/dolma2-tokenizer'),
        paths=['/tmp/olmo-sft/work/datasets/fields/olmocore/token_ids_part_*.npy'],
        mix=None,
        mix_base_dir=None,
        expand_glob=True,
        dtype=None,
        metadata=None,
        include_instance_metadata=True,
        instance_filter_config=None,
        source_permutation_seed=None,
        work_dir='/tmp/olmo-sft/output/internal/_work',
        ignore_fingerprint_mismatch=False,
        sequence_length=65536,
        generate_doc_lengths=True,
        label_mask_paths=['/tmp/olmo-sft/work/datasets/fields/olmocore/labels_mask_*.npy'],
        long_doc_strategy='truncate',
        source_group_size=1
    ),
    data_loader=NumpyDataLoaderConfig(
        global_batch_size=1048576,
        seed=34521,
        work_dir=None,
        num_threads=None,
        num_workers=4,
        prefetch_factor=None,
        target_device_type=None,
        ignore_fingerprint_mismatch=False
    ),
    train_module=TransformerTrainModuleConfig(
        rank_microbatch_size=65536,
        max_sequence_length=65536,
        optim=SkipStepAdamWConfig(
            group_overrides=None,
            compile=False,
            fixed_fields=('initial_lr',),
            lr=5e-05,
            betas=(0.9, 0.95),
            eps=1e-08,
            weight_decay=0.0,
            dtype='bfloat16',
            foreach=True,
            step_increment_bugfix=True,
            rolling_interval_length=128,
            sigma_factor=6
        ),
        max_grad_norm=1.0,
        scheduler=LinearWithWarmup(
            lr_field='lr',
            initial_lr_field='initial_lr',
            units='steps',
            alpha_f=0.0,
            t_max=None,
            warmup=None,
            warmup_steps=None,
            warmup_fraction=0.03,
            warmup_min_lr=0.0
        ),
        compile_model=True,
        float8_config=Float8Config(
            ao=None,
            ao_recipe='rowwise',
            ao_mx=None,
            modules_to_ignore=[
                'blocks.0.attention.w_q',
                'blocks.0.attention.w_k',
                'blocks.0.attention.w_v',
                'blocks.0.attention.w_out',
                'blocks.1.attention.w_q',
                'blocks.1.attention.w_k',
                'blocks.1.attention.w_v',
                'blocks.1.attention.w_out',
                'blocks.2.attention.w_q',
                'blocks.2.attention.w_k',
                'blocks.2.attention.w_v',
                'blocks.2.attention.w_out',
                'blocks.3.attention.w_q',
                'blocks.3.attention.w_k',
                'blocks.3.attention.w_v',
                'blocks.3.attention.w_out',
                'blocks.4.attention.w_q',
                'blocks.4.attention.w_k',
                'blocks.4.attention.w_v',
                'blocks.4.attention.w_out',
                'blocks.5.attention.w_q',
                'blocks.5.attention.w_k',
                'blocks.5.attention.w_v',
                'blocks.5.attention.w_out',
                'blocks.6.attention.w_q',
                'blocks.6.attention.w_k',
                'blocks.6.attention.w_v',
                'blocks.6.attention.w_out',
                'blocks.7.attention.w_q',
                'blocks.7.attention.w_k',
                'blocks.7.attention.w_v',
                'blocks.7.attention.w_out',
                'blocks.8.attention.w_q',
                'blocks.8.attention.w_k',
                'blocks.8.attention.w_v',
                'blocks.8.attention.w_out',
                'blocks.9.attention.w_q',
                'blocks.9.attention.w_k',
                'blocks.9.attention.w_v',
                'blocks.9.attention.w_out',
                'blocks.10.attention.w_q',
                'blocks.10.attention.w_k',
                'blocks.10.attention.w_v',
                'blocks.10.attention.w_out',
                'blocks.11.attention.w_q',
                'blocks.11.attention.w_k',
                'blocks.11.attention.w_v',
                'blocks.11.attention.w_out',
                'blocks.12.attention.w_q',
                'blocks.12.attention.w_k',
                'blocks.12.attention.w_v',
                'blocks.12.attention.w_out',
                'blocks.13.attention.w_q',
                'blocks.13.attention.w_k',
                'blocks.13.attention.w_v',
                'blocks.13.attention.w_out',
                'blocks.14.attention.w_q',
                'blocks.14.attention.w_k',
                'blocks.14.attention.w_v',
                'blocks.14.attention.w_out',
                'blocks.15.attention.w_q',
                'blocks.15.attention.w_k',
                'blocks.15.attention.w_v',
                'blocks.15.attention.w_out',
                'blocks.16.attention.w_q',
                'blocks.16.attention.w_k',
                'blocks.16.attention.w_v',
                'blocks.16.attention.w_out',
                'blocks.17.attention.w_q',
                'blocks.17.attention.w_k',
                'blocks.17.attention.w_v',
                'blocks.17.attention.w_out',
                'blocks.18.attention.w_q',
                'blocks.18.attention.w_k',
                'blocks.18.attention.w_v',
                'blocks.18.attention.w_out',
                'blocks.19.attention.w_q',
                'blocks.19.attention.w_k',
                'blocks.19.attention.w_v',
                'blocks.19.attention.w_out',
                'blocks.20.attention.w_q',
                'blocks.20.attention.w_k',
                'blocks.20.attention.w_v',
                'blocks.20.attention.w_out',
                'blocks.21.attention.w_q',
                'blocks.21.attention.w_k',
                'blocks.21.attention.w_v',
                'blocks.21.attention.w_out',
                'blocks.22.attention.w_q',
                'blocks.22.attention.w_k',
                'blocks.22.attention.w_v',
                'blocks.22.attention.w_out',
                'blocks.23.attention.w_q',
                'blocks.23.attention.w_k',
                'blocks.23.attention.w_v',
                'blocks.23.attention.w_out',
                'blocks.24.attention.w_q',
                'blocks.24.attention.w_k',
                'blocks.24.attention.w_v',
                'blocks.24.attention.w_out',
                'blocks.25.attention.w_q',
                'blocks.25.attention.w_k',
                'blocks.25.attention.w_v',
                'blocks.25.attention.w_out',
                'blocks.26.attention.w_q',
                'blocks.26.attention.w_k',
                'blocks.26.attention.w_v',
                'blocks.26.attention.w_out',
                'blocks.27.attention.w_q',
                'blocks.27.attention.w_k',
                'blocks.27.attention.w_v',
                'blocks.27.attention.w_out',
                'blocks.28.attention.w_q',
                'blocks.28.attention.w_k',
                'blocks.28.attention.w_v',
                'blocks.28.attention.w_out',
                'blocks.29.attention.w_q',
                'blocks.29.attention.w_k',
                'blocks.29.attention.w_v',
                'blocks.29.attention.w_out',
                'blocks.30.attention.w_q',
                'blocks.30.attention.w_k',
                'blocks.30.attention.w_v',
                'blocks.30.attention.w_out',
                'blocks.31.attention.w_q',
                'blocks.31.attention.w_k',
                'blocks.31.attention.w_v',
                'blocks.31.attention.w_out'
            ],
            enabled=True
        ),
        pp_config=None,
        dp_config=TransformerDataParallelConfig(
            name='hsdp',
            param_dtype='bfloat16',
            reduce_dtype='float32',
            num_replicas=None,
            shard_degree=4,
            wrapping_strategy='full',
            prefetch_factor=0
        ),
        tp_config=None,
        cp_config=TransformerContextParallelConfig(degree=2, ring=RingContextParallelStyle(load_balancer='llama3', head_stride=1), uly=None),
        ep_config=None,
        ac_config=TransformerActivationCheckpointingConfig(mode='budget', block_interval=None, modules=None, activation_memory_budget=0.8),
        z_loss_multiplier=None,
        state_dict_save_opts=None,
        state_dict_load_opts=None,
        load_key_mapping=None,
        autocast_precision=None,
        label_ignore_index=-100
    ),
    trainer=TrainerConfig(
        save_folder='/tmp/olmo-sft/output/internal/checkpoints/fields/olmo-sft/olmo3-7b-sft-fp8-niicluster',
        work_dir=None,
        load_path=None,
        load_strategy='never',
        load_optim_state=None,
        load_trainer_state=None,
        checkpointer=CheckpointerConfig(work_dir=None, save_overwrite=None, pre_download=False, save_thread_count=1, load_thread_count=32, throttle_uploads=True),
        device=None,
        save_overwrite=True,
        max_duration=Duration(value=1, unit='epochs'),
        cancel_check_interval=10,
        hard_stop=None,
        metrics_collect_interval=10,
        callbacks={
            'gpu_monitor': GPUMemoryMonitorCallback(device_id=None, _num_alloc_retries=0),
            'config_saver': ConfigSaverCallback(fname='config.json', save_data_paths=None, data_paths_fname=None, _config=None),
            'garbage_collector': GarbageCollectorCallback(gc_interval=1000, enabled=True, _start_state=None),
            'checkpointer': CheckpointerCallback(
                save_interval=1000,
                ephemeral_save_interval=250,
                pre_train_checkpoint=None,
                save_async=True,
                remove='ephemeral_only',
                ephemeral_cooldown=None,
                fixed_steps=None,
                enabled=True,
                _latest_checkpoint_step=-1,
                _latest_checkpoint_path='',
                _checkpoints=[],
                _ephemeral_checkpoints=[],
                _checkpoints_to_remove=[]
            ),
            'checkpoint_retention': KeepLastNCheckpoints(keep_last=2, save_interval=1000, _persistent=[]),
            'wandb': WandBCallback(
                enabled=True,
                name='olmo3-7b-sft-fp8-niicluster',
                project='olmo3-7b-sft',
                entity=None,
                group=None,
                tags=None,
                notes=None,
                config=None,
                cancel_tags=['cancel', 'canceled', 'cancelled'],
                cancel_check_interval=10,
                _finalized=False
            )
        },
        async_bookkeeping=None,
        bookkeeping_soft_timeout=30,
        no_checkpoints=False,
        no_evals=False,
        steps_to_skip=None
    ),
    init_seed=33333
)
SFTConfig(
    run_name='olmo3-7b-sft-fp8-niicluster',
    launch=None,
    model=TransformerConfig(
        d_model=4096,
        vocab_size=100352,
        n_layers=32,
        block=TransformerBlockConfig(
            sequence_mixer=AttentionConfig(
                name='default',
                n_heads=32,
                n_kv_heads=None,
                head_dim=None,
                bias=False,
                gate=None,
                rope=RoPEConfig(name='default', theta=500000, full_precision=True, no_global_rope=False, scaling=None),
                clip_qkv=None,
                qk_norm=LayerNormConfig(name='rms', eps=1e-06, elementwise_affine=None, bias=False, full_precision=None, dtype='float32'),
                dropout=None,
                use_flash=None,
                backend='flash_2',
                dtype='float32',
                sliding_window=SlidingWindowAttentionConfig(pattern=[4096, 4096, 4096, -1], force_full_attention_on_first_layer=False, force_full_attention_on_last_layer=True),
                use_head_qk_norm=False
            ),
            layer_norm=LayerNormConfig(name='rms', eps=1e-06, elementwise_affine=None, bias=False, full_precision=None, dtype='float32'),
            feed_forward=FeedForwardConfig(hidden_size=11008, name='default', bias=False, dtype='float32', activation='silu'),
            feed_forward_moe=None,
            name='reordered_norm',
            dropout=None,
            attention_residual_alpha=None,
            feed_forward_residual_alpha=None
        ),
        lm_head=LMHeadConfig(
            name='default',
            layer_norm=LayerNormConfig(name='rms', eps=1e-06, elementwise_affine=None, bias=False, full_precision=None, dtype='float32'),
            bias=False,
            dtype='float32',
            loss_implementation='fused_linear'
        ),
        embedding_norm=None,
        name='default',
        dtype='float32',
        init_method='normal',
        init_seed=0,
        init_std=0.02,
        embedding_init_std=None,
        freeze_params=None,
        block_pattern=None,
        block_overrides={
            3: TransformerBlockConfig(
                sequence_mixer=AttentionConfig(
                    name='default',
                    n_heads=32,
                    n_kv_heads=None,
                    head_dim=None,
                    bias=False,
                    gate=None,
                    rope=RoPEConfig(
                        name='default',
                        theta=500000,
                        full_precision=True,
                        no_global_rope=False,
                        scaling=YaRNRoPEScalingConfig(factor=8.0, beta_fast=32, beta_slow=1, old_context_len=8192)
                    ),
                    clip_qkv=None,
                    qk_norm=LayerNormConfig(name='rms', eps=1e-06, elementwise_affine=None, bias=False, full_precision=None, dtype='float32'),
                    dropout=None,
                    use_flash=None,
                    backend='flash_2',
                    dtype='float32',
                    sliding_window=SlidingWindowAttentionConfig(
                        pattern=[4096, 4096, 4096, -1],
                        force_full_attention_on_first_layer=False,
                        force_full_attention_on_last_layer=True
                    ),
                    use_head_qk_norm=False
                ),
                layer_norm=LayerNormConfig(name='rms', eps=1e-06, elementwise_affine=None, bias=False, full_precision=None, dtype='float32'),
                feed_forward=FeedForwardConfig(hidden_size=11008, name='default', bias=False, dtype='float32', activation='silu'),
                feed_forward_moe=None,
                name='reordered_norm',
                dropout=None,
                attention_residual_alpha=None,
                feed_forward_residual_alpha=None
            ),
            7: TransformerBlockConfig(
                sequence_mixer=AttentionConfig(
                    name='default',
                    n_heads=32,
                    n_kv_heads=None,
                    head_dim=None,
                    bias=False,
                    gate=None,
                    rope=RoPEConfig(
                        name='default',
                        theta=500000,
                        full_precision=True,
                        no_global_rope=False,
                        scaling=YaRNRoPEScalingConfig(factor=8.0, beta_fast=32, beta_slow=1, old_context_len=8192)
                    ),
                    clip_qkv=None,
                    qk_norm=LayerNormConfig(name='rms', eps=1e-06, elementwise_affine=None, bias=False, full_precision=None, dtype='float32'),
                    dropout=None,
                    use_flash=None,
                    backend='flash_2',
                    dtype='float32',
                    sliding_window=SlidingWindowAttentionConfig(
                        pattern=[4096, 4096, 4096, -1],
                        force_full_attention_on_first_layer=False,
                        force_full_attention_on_last_layer=True
                    ),
                    use_head_qk_norm=False
                ),
                layer_norm=LayerNormConfig(name='rms', eps=1e-06, elementwise_affine=None, bias=False, full_precision=None, dtype='float32'),
                feed_forward=FeedForwardConfig(hidden_size=11008, name='default', bias=False, dtype='float32', activation='silu'),
                feed_forward_moe=None,
                name='reordered_norm',
                dropout=None,
                attention_residual_alpha=None,
                feed_forward_residual_alpha=None
            ),
            11: TransformerBlockConfig(
                sequence_mixer=AttentionConfig(
                    name='default',
                    n_heads=32,
                    n_kv_heads=None,
                    head_dim=None,
                    bias=False,
                    gate=None,
                    rope=RoPEConfig(
                        name='default',
                        theta=500000,
                        full_precision=True,
                        no_global_rope=False,
                        scaling=YaRNRoPEScalingConfig(factor=8.0, beta_fast=32, beta_slow=1, old_context_len=8192)
                    ),
                    clip_qkv=None,
                    qk_norm=LayerNormConfig(name='rms', eps=1e-06, elementwise_affine=None, bias=False, full_precision=None, dtype='float32'),
                    dropout=None,
                    use_flash=None,
                    backend='flash_2',
                    dtype='float32',
                    sliding_window=SlidingWindowAttentionConfig(
                        pattern=[4096, 4096, 4096, -1],
                        force_full_attention_on_first_layer=False,
                        force_full_attention_on_last_layer=True
                    ),
                    use_head_qk_norm=False
                ),
                layer_norm=LayerNormConfig(name='rms', eps=1e-06, elementwise_affine=None, bias=False, full_precision=None, dtype='float32'),
                feed_forward=FeedForwardConfig(hidden_size=11008, name='default', bias=False, dtype='float32', activation='silu'),
                feed_forward_moe=None,
                name='reordered_norm',
                dropout=None,
                attention_residual_alpha=None,
                feed_forward_residual_alpha=None
            ),
            15: TransformerBlockConfig(
                sequence_mixer=AttentionConfig(
                    name='default',
                    n_heads=32,
                    n_kv_heads=None,
                    head_dim=None,
                    bias=False,
                    gate=None,
                    rope=RoPEConfig(
                        name='default',
                        theta=500000,
                        full_precision=True,
                        no_global_rope=False,
                        scaling=YaRNRoPEScalingConfig(factor=8.0, beta_fast=32, beta_slow=1, old_context_len=8192)
                    ),
                    clip_qkv=None,
                    qk_norm=LayerNormConfig(name='rms', eps=1e-06, elementwise_affine=None, bias=False, full_precision=None, dtype='float32'),
                    dropout=None,
                    use_flash=None,
                    backend='flash_2',
                    dtype='float32',
                    sliding_window=SlidingWindowAttentionConfig(
                        pattern=[4096, 4096, 4096, -1],
                        force_full_attention_on_first_layer=False,
                        force_full_attention_on_last_layer=True
                    ),
                    use_head_qk_norm=False
                ),
                layer_norm=LayerNormConfig(name='rms', eps=1e-06, elementwise_affine=None, bias=False, full_precision=None, dtype='float32'),
                feed_forward=FeedForwardConfig(hidden_size=11008, name='default', bias=False, dtype='float32', activation='silu'),
                feed_forward_moe=None,
                name='reordered_norm',
                dropout=None,
                attention_residual_alpha=None,
                feed_forward_residual_alpha=None
            ),
            19: TransformerBlockConfig(
                sequence_mixer=AttentionConfig(
                    name='default',
                    n_heads=32,
                    n_kv_heads=None,
                    head_dim=None,
                    bias=False,
                    gate=None,
                    rope=RoPEConfig(
                        name='default',
                        theta=500000,
                        full_precision=True,
                        no_global_rope=False,
                        scaling=YaRNRoPEScalingConfig(factor=8.0, beta_fast=32, beta_slow=1, old_context_len=8192)
                    ),
                    clip_qkv=None,
                    qk_norm=LayerNormConfig(name='rms', eps=1e-06, elementwise_affine=None, bias=False, full_precision=None, dtype='float32'),
                    dropout=None,
                    use_flash=None,
                    backend='flash_2',
                    dtype='float32',
                    sliding_window=SlidingWindowAttentionConfig(
                        pattern=[4096, 4096, 4096, -1],
                        force_full_attention_on_first_layer=False,
                        force_full_attention_on_last_layer=True
                    ),
                    use_head_qk_norm=False
                ),
                layer_norm=LayerNormConfig(name='rms', eps=1e-06, elementwise_affine=None, bias=False, full_precision=None, dtype='float32'),
                feed_forward=FeedForwardConfig(hidden_size=11008, name='default', bias=False, dtype='float32', activation='silu'),
                feed_forward_moe=None,
                name='reordered_norm',
                dropout=None,
                attention_residual_alpha=None,
                feed_forward_residual_alpha=None
            ),
            23: TransformerBlockConfig(
                sequence_mixer=AttentionConfig(
                    name='default',
                    n_heads=32,
                    n_kv_heads=None,
                    head_dim=None,
                    bias=False,
                    gate=None,
                    rope=RoPEConfig(
                        name='default',
                        theta=500000,
                        full_precision=True,
                        no_global_rope=False,
                        scaling=YaRNRoPEScalingConfig(factor=8.0, beta_fast=32, beta_slow=1, old_context_len=8192)
                    ),
                    clip_qkv=None,
                    qk_norm=LayerNormConfig(name='rms', eps=1e-06, elementwise_affine=None, bias=False, full_precision=None, dtype='float32'),
                    dropout=None,
                    use_flash=None,
                    backend='flash_2',
                    dtype='float32',
                    sliding_window=SlidingWindowAttentionConfig(
                        pattern=[4096, 4096, 4096, -1],
                        force_full_attention_on_first_layer=False,
                        force_full_attention_on_last_layer=True
                    ),
                    use_head_qk_norm=False
                ),
                layer_norm=LayerNormConfig(name='rms', eps=1e-06, elementwise_affine=None, bias=False, full_precision=None, dtype='float32'),
                feed_forward=FeedForwardConfig(hidden_size=11008, name='default', bias=False, dtype='float32', activation='silu'),
                feed_forward_moe=None,
                name='reordered_norm',
                dropout=None,
                attention_residual_alpha=None,
                feed_forward_residual_alpha=None
            ),
            27: TransformerBlockConfig(
                sequence_mixer=AttentionConfig(
                    name='default',
                    n_heads=32,
                    n_kv_heads=None,
                    head_dim=None,
                    bias=False,
                    gate=None,
                    rope=RoPEConfig(
                        name='default',
                        theta=500000,
                        full_precision=True,
                        no_global_rope=False,
                        scaling=YaRNRoPEScalingConfig(factor=8.0, beta_fast=32, beta_slow=1, old_context_len=8192)
                    ),
                    clip_qkv=None,
                    qk_norm=LayerNormConfig(name='rms', eps=1e-06, elementwise_affine=None, bias=False, full_precision=None, dtype='float32'),
                    dropout=None,
                    use_flash=None,
                    backend='flash_2',
                    dtype='float32',
                    sliding_window=SlidingWindowAttentionConfig(
                        pattern=[4096, 4096, 4096, -1],
                        force_full_attention_on_first_layer=False,
                        force_full_attention_on_last_layer=True
                    ),
                    use_head_qk_norm=False
                ),
                layer_norm=LayerNormConfig(name='rms', eps=1e-06, elementwise_affine=None, bias=False, full_precision=None, dtype='float32'),
                feed_forward=FeedForwardConfig(hidden_size=11008, name='default', bias=False, dtype='float32', activation='silu'),
                feed_forward_moe=None,
                name='reordered_norm',
                dropout=None,
                attention_residual_alpha=None,
                feed_forward_residual_alpha=None
            ),
            31: TransformerBlockConfig(
                sequence_mixer=AttentionConfig(
                    name='default',
                    n_heads=32,
                    n_kv_heads=None,
                    head_dim=None,
                    bias=False,
                    gate=None,
                    rope=RoPEConfig(
                        name='default',
                        theta=500000,
                        full_precision=True,
                        no_global_rope=False,
                        scaling=YaRNRoPEScalingConfig(factor=8.0, beta_fast=32, beta_slow=1, old_context_len=8192)
                    ),
                    clip_qkv=None,
                    qk_norm=LayerNormConfig(name='rms', eps=1e-06, elementwise_affine=None, bias=False, full_precision=None, dtype='float32'),
                    dropout=None,
                    use_flash=None,
                    backend='flash_2',
                    dtype='float32',
                    sliding_window=SlidingWindowAttentionConfig(
                        pattern=[4096, 4096, 4096, -1],
                        force_full_attention_on_first_layer=False,
                        force_full_attention_on_last_layer=True
                    ),
                    use_head_qk_norm=False
                ),
                layer_norm=LayerNormConfig(name='rms', eps=1e-06, elementwise_affine=None, bias=False, full_precision=None, dtype='float32'),
                feed_forward=FeedForwardConfig(hidden_size=11008, name='default', bias=False, dtype='float32', activation='silu'),
                feed_forward_moe=None,
                name='reordered_norm',
                dropout=None,
                attention_residual_alpha=None,
                feed_forward_SFTConfig(
    run_name='olmo3-7b-sft-fp8-niicluster',
    launch=None,
    model=TransformerConfig(
        d_model=4096,
        vocab_size=100352,
        n_layers=32,
        block=TransformerBlockConfig(
            sequence_mixer=AttentionConfig(
                name='default',
                n_heads=32,
                n_kv_heads=None,
                head_dim=None,
                bias=False,
                gate=None,
                rope=RoPEConfig(name='default', theta=500000, full_precision=True, no_global_rope=False, scaling=None),
                clip_qkv=None,
                qk_norm=LayerNormConfig(name='rms', eps=1e-06, elementwise_affine=None, bias=False, full_precision=None, dtype='float32'),
                dropout=None,
                use_flash=None,
                backend='flash_2',
                dtype='float32',
                sliding_window=SlidingWindowAttentionConfig(pattern=[4096, 4096, 4096, -1], force_full_attention_on_first_layer=False, force_full_attention_on_last_layer=True),
                use_head_qk_norm=False
            ),
            layer_norm=LayerNormConfig(name='rms', eps=1e-06, elementwise_affine=None, bias=False, full_precision=None, dtype='float32'),
            feed_forward=FeedForwardConfig(hidden_size=11008, name='default', bias=False, dtype='float32', activation='silu'),
            feed_forward_moe=None,
            name='reordered_norm',
            dropout=None,
            attention_residual_alpha=None,
            feed_forward_residual_alpha=None
        ),
        lm_head=LMHeadConfig(
            name='default',
            layer_norm=LayerNormConfig(name='rms', eps=1e-06, elementwise_affine=None, bias=False, full_precision=None, dtype='float32'),
            bias=False,
            dtype='float32',
            loss_implementation='fused_linear'
        ),
        embedding_norm=None,
        name='default',
        dtype='float32',
        init_method='normal',
        init_seed=0,
        init_std=0.02,
        embedding_init_std=None,
        freeze_params=None,
        block_pattern=None,
        block_overrides={
            3: TransformerBlockConfig(
                sequence_mixer=AttentionConfig(
                    name='default',
                    n_heads=32,
                    n_kv_heads=None,
                    head_dim=None,
                    bias=False,
                    gate=None,
                    rope=RoPEConfig(
                        name='default',
                        theta=500000,
                        full_precision=True,
                        no_global_rope=False,
                        scaling=YaRNRoPEScalingConfig(factor=8.0, beta_fast=32, beta_slow=1, old_context_len=8192)
                    ),
                    clip_qkv=None,
                    qk_norm=LayerNormConfig(name='rms', eps=1e-06, elementwise_affine=None, bias=False, full_precision=None, dtype='float32'),
                    dropout=None,
                    use_flash=None,
                    backend='flash_2',
                    dtype='float32',
                    sliding_window=SlidingWindowAttentionConfig(
                        pattern=[4096, 4096, 4096, -1],
                        force_full_attention_on_first_layer=False,
                        force_full_attention_on_last_layer=True
                    ),
                    use_head_qk_norm=False
                ),
                layer_norm=LayerNormConfig(name='rms', eps=1e-06, elementwise_affine=None, bias=False, full_precision=None, dtype='float32'),
                feed_forward=FeedForwardConfig(hidden_size=11008, name='default', bias=False, dtype='float32', activation='silu'),
                feed_forward_moe=None,
                name='reordered_norm',
                dropout=None,
                attention_residual_alpha=None,
                feed_forward_residual_alpha=None
            ),
            7: TransformerBlockConfig(
                sequence_mixer=AttentionConfig(
                    name='default',
                    n_heads=32,
                    n_kv_heads=None,
                    head_dim=None,
                    bias=False,
                    gate=None,
                    rope=RoPEConfig(
                        name='default',
                        theta=500000,
                        full_precision=True,
                        no_global_rope=False,
                        scaling=YaRNRoPEScalingConfig(factor=8.0, beta_fast=32, beta_slow=1, old_context_len=8192)
                    ),
                    clip_qkv=None,
                    qk_norm=LayerNormConfig(name='rms', eps=1e-06, elementwise_affine=None, bias=False, full_precision=None, dtype='float32'),
                    dropout=None,
                    use_flash=None,
                    backend='flash_2',
                    dtype='float32',
                    sliding_window=SlidingWindowAttentionConfig(
                        pattern=[4096, 4096, 4096, -1],
                        force_full_attention_on_first_layer=False,
                        force_full_attention_on_last_layer=True
                    ),
                    use_head_qk_norm=False
                ),
                layer_norm=LayerNormConfig(name='rms', eps=1e-06, elementwise_affine=None, bias=False, full_precision=None, dtype='float32'),
                feed_forward=FeedForwardConfig(hidden_size=11008, name='default', bias=False, dtype='float32', activation='silu'),
                feed_forward_moe=None,
                name='reordered_norm',
                dropout=None,
                attention_residual_alpha=None,
                feed_forward_residual_alpha=None
            ),
            11: TransformerBlockConfig(
                sequence_mixer=AttentionConfig(
                    name='default',
                    n_heads=32,
                    n_kv_heads=None,
                    head_dim=None,
                    bias=False,
                    gate=None,
                    rope=RoPEConfig(
                        name='default',
                        theta=500000,
                        full_precision=True,
                        no_global_rope=False,
                        scaling=YaRNRoPEScalingConfig(factor=8.0, beta_fast=32, beta_slow=1, old_context_len=8192)
                    ),
                    clip_qkv=None,
                    qk_norm=LayerNormConfig(name='rms', eps=1e-06, elementwise_affine=None, bias=False, full_precision=None, dtype='float32'),
                    dropout=None,
                    use_flash=None,
                    backend='flash_2',
                    dtype='float32',
                    sliding_window=SlidingWindowAttentionConfig(
                        pattern=[4096, 4096, 4096, -1],
                        force_full_attention_on_first_layer=False,
                        force_full_attention_on_last_layer=True
                    ),
                    use_head_qk_norm=False
                ),
                layer_norm=LayerNormConfig(name='rms', eps=1e-06, elementwise_affine=None, bias=False, full_precision=None, dtype='float32'),
                feed_forward=FeedForwardConfig(hidden_size=11008, name='default', bias=False, dtype='float32', activation='silu'),
                feed_forward_moe=None,
                name='reordered_norm',
                dropout=None,
                attention_residual_alpha=None,
                feed_forward_residual_alpha=None
            ),
            15: TransformerBlockConfig(
                sequence_mixer=AttentionConfig(
                    name='default',
                    n_heads=32,
                    n_kv_heads=None,
                    head_dim=None,
                    bias=False,
                    gate=None,
                    rope=RoPEConfig(
                        name='default',
                        theta=500000,
                        full_precision=True,
                        no_global_rope=False,
                        scaling=YaRNRoPEScalingConfig(factor=8.0, beta_fast=32, beta_slow=1, old_context_len=8192)
                    ),
                    clip_qkv=None,
                    qk_norm=LayerNormConfig(name='rms', eps=1e-06, elementwise_affine=None, bias=False, full_precision=None, dtype='float32'),
                    dropout=None,
                    use_flash=None,
                    backend='flash_2',
                    dtype='float32',
                    sliding_window=SlidingWindowAttentionConfig(
                        pattern=[4096, 4096, 4096, -1],
                        force_full_attention_on_first_layer=False,
                        force_full_attention_on_last_layer=True
                    ),
                    use_head_qk_norm=False
                ),
                layer_norm=LayerNormConfig(name='rms', eps=1e-06, elementwise_affine=None, bias=False, full_precision=None, dtype='float32'),
                feed_forward=FeedForwardConfig(hidden_size=11008, name='default', bias=False, dtype='float32', activation='silu'),
                feed_forward_moe=None,
                name='reordered_norm',
                dropout=None,
                attention_residual_alpha=None,
                feed_forward_residual_alpha=None
            ),
            19: TransformerBlockConfig(
                sequence_mixer=AttentionConfig(
                    name='default',
                    n_heads=32,
                    n_kv_heads=None,
                    head_dim=None,
                    bias=False,
                    gate=None,
                    rope=RoPEConfig(
                        name='default',
                        theta=500000,
                        full_precision=True,
                        no_global_rope=False,
                        scaling=YaRNRoPEScalingConfig(factor=8.0, beta_fast=32, beta_slow=1, old_context_len=8192)
                    ),
                    clip_qkv=None,
                    qk_norm=LayerNormConfig(name='rms', eps=1e-06, elementwise_affine=None, bias=False, full_precision=None, dtype='float32'),
                    dropout=None,
                    use_flash=None,
                    backend='flash_2',
                    dtype='float32',
                    sliding_window=SlidingWindowAttentionConfig(
                        pattern=[4096, 4096, 4096, -1],
                        force_full_attention_on_first_layer=False,
                        force_full_attention_on_last_layer=True
                    ),
                    use_head_qk_norm=False
                ),
                layer_norm=LayerNormConfig(name='rms', eps=1e-06, elementwise_affine=None, bias=False, full_precision=None, dtype='float32'),
                feed_forward=FeedForwardConfig(hidden_size=11008, name='default', bias=False, dtype='float32', activation='silu'),
                feed_forward_moe=None,
                name='reordered_norm',
                dropout=None,
                attention_residual_alpha=None,
                feed_forward_residual_alpha=None
            ),
            23: TransformerBlockConfig(
                sequence_mixer=AttentionConfig(
                    name='default',
                    n_heads=32,
                    n_kv_heads=None,
                    head_dim=None,
                    bias=False,
                    gate=None,
                    rope=RoPEConfig(
                        name='default',
                        theta=500000,
                        full_precision=True,
                        no_global_rope=False,
                        scaling=YaRNRoPEScalingConfig(factor=8.0, beta_fast=32, beta_slow=1, old_context_len=8192)
                    ),
                    clip_qkv=None,
                    qk_norm=LayerNormConfig(name='rms', eps=1e-06, elementwise_affine=None, bias=False, full_precision=None, dtype='float32'),
                    dropout=None,
                    use_flash=None,
                    backend='flash_2',
                    dtype='float32',
                    sliding_window=SlidingWindowAttentionConfig(
                        pattern=[4096, 4096, 4096, -1],
                        force_full_attention_on_first_layer=False,
                        force_full_attention_on_last_layer=True
                    ),
                    use_head_qk_norm=False
                ),
                layer_norm=LayerNormConfig(name='rms', eps=1e-06, elementwise_affine=None, bias=False, full_precision=None, dtype='float32'),
                feed_forward=FeedForwardConfig(hidden_size=11008, name='default', bias=False, dtype='float32', activation='silu'),
                feed_forward_moe=None,
                name='reordered_norm',
                dropout=None,
                attention_residual_alpha=None,
                feed_forward_residual_alpha=None
            ),
            27: TransformerBlockConfig(
                sequence_mixer=AttentionConfig(
                    name='default',
                    n_heads=32,
                    n_kv_heads=None,
                    head_dim=None,
                    bias=False,
                    gate=None,
                    rope=RoPEConfig(
                        name='default',
                        theta=500000,
                        full_precision=True,
                        no_global_rope=False,
                        scaling=YaRNRoPEScalingConfig(factor=8.0, beta_fast=32, beta_slow=1, old_context_len=8192)
                    ),
                    clip_qkv=None,
                    qk_norm=LayerNormConfig(name='rms', eps=1e-06, elementwise_affine=None, bias=False, full_precision=None, dtype='float32'),
                    dropout=None,
                    use_flash=None,
                    backend='flash_2',
                    dtype='float32',
                    sliding_window=SlidingWindowAttentionConfig(
                        pattern=[4096, 4096, 4096, -1],
                        force_full_attention_on_first_layer=False,
                        force_full_attention_on_last_layer=True
                    ),
                    use_head_qk_norm=False
                ),
                layer_norm=LayerNormConfig(name='rms', eps=1e-06, elementwise_affine=None, bias=False, full_precision=None, dtype='float32'),
                feed_forward=FeedForwardConfig(hidden_size=11008, name='default', bias=False, dtype='float32', activation='silu'),
                feed_forward_moe=None,
                name='reordered_norm',
                dropout=None,
                attention_residual_alpha=None,
                feed_forward_residual_alpha=None
            ),
            31: TransformerBlockConfig(
                sequence_mixer=AttentionConfig(
                    name='default',
                    n_heads=32,
                    n_kv_heads=None,
                    head_dim=None,
                    bias=False,
                    gate=None,
                    rope=RoPEConfig(
                        name='default',
                        theta=500000,
                        full_precision=True,
                        no_global_rope=False,
                        scaling=YaRNRoPEScalingConfig(factor=8.0, beta_fast=32, beta_slow=1, old_context_len=8192)
                    ),
                    clip_qkv=None,
                    qk_norm=LayerNormConfig(name='rms', eps=1e-06, elementwise_affine=None, bias=False, full_precision=None, dtype='float32'),
                    dropout=None,
                    use_flash=None,
                    backend='flash_2',
                    dtype='float32',
                    sliding_window=SlidingWindowAttentionConfig(
                        pattern=[4096, 4096, 4096, -1],
                        force_full_attention_on_first_layer=False,
                        force_full_attention_on_last_layer=True
                    ),
                    use_head_qk_norm=False
                ),
                layer_norm=LayerNormConfig(name='rms', eps=1e-06, elementwise_affine=None, bias=False, full_precision=None, dtype='float32'),
                feed_forward=FeedForwardConfig(hidden_size=11008, name='default', bias=False, dtype='float32', activation='silu'),
                feed_forward_moe=None,
                name='reordered_norm',
                dropout=None,
                attention_residual_alpha=None,
                feed_forward_residual_alpha=None
            )
        },
        embed_scale=None
    ),
    dataset=NumpyPackedFSLDatasetConfig(
        tokenizer=TokenizerConfig(vocab_size=100278, eos_token_id=100257, pad_token_id=100277, bos_token_id=None, identifier='allenai/dolma2-tokenizer'),
        paths=['/tmp/olmo-sft/work/datasets/fields/olmocore/token_ids_part_*.npy'],
        mix=None,
        mix_base_dir=None,
        expand_glob=True,
        dtype=None,
        metadata=None,
        include_instance_metadata=True,
        instance_filter_config=None,
        source_permutation_seed=None,
        work_dir='/tmp/olmo-sft/output/internal/_work',
        ignore_fingerprint_mismatch=False,
        sequence_length=65536,
        generate_doc_lengths=True,
        label_mask_paths=['/tmp/olmo-sft/work/datasets/fields/olmocore/labels_mask_*.npy'],
        long_doc_strategy='truncate',
        source_group_size=1
    ),
    data_loader=NumpyDataLoaderConfig(
        global_batch_size=1048576,
        seed=34521,
        work_dir=None,
        num_threads=None,
        num_workers=4,
        prefetch_factor=None,
        target_device_type=None,
        ignore_fingerprint_mismatch=False
    ),
    train_module=TransformerTrainModuleConfig(
        rank_microbatch_size=65536,
        max_sequence_length=65536,
        optim=SkipStepAdamWConfig(
            group_overrides=None,
            compile=False,
            fixed_fields=('initial_lr',),
            lr=5e-05,
            betas=(0.9, 0.95),
            eps=1e-08,
            weight_decay=0.0,
            dtype='bfloat16',
            foreach=True,
            step_increment_bugfix=True,
            rolling_interval_length=128,
            sigma_factor=6
        ),
        max_grad_norm=1.0,
        scheduler=LinearWithWarmup(
            lr_field='lr',
            initial_lr_field='initial_lr',
            units='steps',
            alpha_f=0.0,
            t_max=None,
            warmup=None,
            warmup_steps=None,
            warmup_fraction=0.03,
            warmup_min_lr=0.0
        ),
        compile_model=True,
        float8_config=Float8Config(
            ao=None,
            ao_recipe='rowwise',
            ao_mx=None,
            modules_to_ignore=[
                'blocks.0.attention.w_q',
                'blocks.0.attention.w_k',
                'blocks.0.attention.w_v',
                'blocks.0.attention.w_out',
                'blocks.1.attention.w_q',
                'blocks.1.attention.w_k',
                'blocks.1.attention.w_v',
                'blocks.1.attention.w_out',
                'blocks.2.attention.w_q',
                'blocks.2.attention.w_k',
                'blocks.2.attention.w_v',
                'blocks.2.attention.w_out',
                'blocks.3.attention.w_q',
                'blocks.3.attention.w_k',
                'blocks.3.attention.w_v',
                'blocks.3.attention.w_out',
                'blocks.4.attention.w_q',
                'blocks.4.attention.w_k',
                'blocks.4.attention.w_v',
                'blocks.4.attention.w_out',
                'blocks.5.attention.w_q',
                'blocks.5.attention.w_k',
                'blocks.5.attention.w_v',
                'blocks.5.attention.w_out',
                'blocks.6.attention.w_q',
                'blocks.6.attention.w_k',
                'blocks.6.attention.w_v',
                'blocks.6.attention.w_out',
                'blocks.7.attention.w_q',
                'blocks.7.attention.w_k',
                'blocks.7.attention.w_v',
                'blocks.7.attention.w_out',
                'blocks.8.attention.w_q',
                'blocks.8.attention.w_k',
                'blocks.8.attention.w_v',
                'blocks.8.attention.w_out',
                'blocks.9.attention.w_q',
                'blocks.9.attention.w_k',
                'blocks.9.attention.w_v',
                'blocks.9.attention.w_out',
                'blocks.10.attention.w_q',
                'blocks.10.attention.w_k',
                'blocks.10.attention.w_v',
                'blocks.10.attention.w_out',
                'blocks.11.attention.w_q',
                'blocks.11.attention.w_k',
                'blocks.11.attention.w_v',
                'blocks.11.attention.w_out',
                'blocks.12.attention.w_q',
                'blocks.12.attention.w_k',
                'blocks.12.attention.w_v',
                'blocks.12.attention.w_out',
                'blocks.13.attention.w_q',
                'blocks.13.attention.w_k',
                'blocks.13.attention.w_v',
                'blocks.13.attention.w_out',
                'blocks.14.attention.w_q',
                'blocks.14.attention.w_k',
                'blocks.14.attention.w_v',
                'blocks.14.attention.w_out',
                'blocks.15.attention.w_q',
                'blocks.15.attention.w_k',
                'blocks.15.attention.w_v',
                'blocks.15.attention.w_out',
                'blocks.16.attention.w_q',
                'blocks.16.attention.w_k',
                'blocks.16.attention.w_v',
                'blocks.16.attention.w_out',
                'blocks.17.attention.w_q',
                'blocks.17.attention.w_k',
                'blocks.17.attention.w_v',
                'blocks.17.attention.w_out',
                'blocks.18.attention.w_q',
                'blocks.18.attention.w_k',
                'blocks.18.attention.w_v',
                'blocks.18.attention.w_out',
                'blocks.19.attention.w_q',
                'blocks.19.attention.w_k',
                'blocks.19.attention.w_v',
                'blocks.19.attention.w_out',
                'blocks.20.attention.w_q',
                'blocks.20.attention.w_k',
                'blocks.20.attention.w_v',
                'blocks.20.attention.w_out',
                'blocks.21.attention.w_q',
                'blocks.21.attention.w_k',
                'blocks.21.attention.w_v',
                'blocks.21.attention.w_out',
                'blocks.22.attention.w_q',
                'blocks.22.attention.w_k',
                'blocks.22.attention.w_v',
                'blocks.22.attention.w_out',
                'blocks.23.attention.w_q',
                'blocks.23.attention.w_k',
                'blocks.23.attention.w_v',
                'blocks.23.attention.w_out',
                'blocks.24.attention.w_q',
                'blocks.24.attention.w_k',
                'blocks.24.attention.w_v',
                'blocks.24.attention.w_out',
                'blocks.25.attention.w_q',
                'blocks.25.attention.w_k',
                'blocks.25.attention.w_v',
                'blocks.25.attention.w_out',
                'blocks.26.attention.w_q',
                'blocks.26.attention.w_k',
                'blocks.26.attention.w_v',
                'blocks.26.attention.w_out',
                'blocks.27.attention.w_q',
                'blocks.27.attention.w_k',
                'blocks.27.attention.w_v',
                'blocks.27.attention.w_out',
                'blocks.28.attention.w_q',
                'blocks.28.attention.w_k',
                'blocks.28.attention.w_v',
                'blocks.28.attention.w_out',
                'blocks.29.attention.w_q',
                'blocks.29.attention.w_k',
                'blocks.29.attention.w_v',
                'blocks.29.attention.w_out',
                'blocks.30.attention.w_q',
                'blocks.30.attention.w_k',
                'blocks.30.attention.w_v',
                'blocks.30.attention.w_out',
                'blocks.31.attention.w_q',
                'blocks.31.attention.w_k',
                'blocks.31.attention.w_v',
                'blocks.31.attention.w_out'
            ],
            enabled=True
        ),
        pp_config=None,
        dp_config=TransformerDataParallelConfig(
            name='hsdp',
            param_dtype='bfloat16',
            reduce_dtype='float32',
            num_replicas=None,
            shard_degree=4,
            wrapping_strategy='full',
            prefetch_factor=0
        ),
        tp_config=None,
        cp_config=TransformerContextPaSFTConfig(
    run_name='olmo3-7b-sft-fp8-niicluster',
    launch=None,
    model=TransformerConfig(
        d_model=4096,
        vocab_size=100352,
        n_layers=32,
        block=TransformerBlockConfig(
            sequence_mixer=AttentionConfig(
                name='default',
                n_heads=32,
                n_kv_heads=None,
                head_dim=None,
                bias=False,
                gate=None,
                rope=RoPEConfig(name='default', theta=500000, full_precision=True, no_global_rope=False, scaling=None),
                clip_qkv=None,
                qk_norm=LayerNormConfig(name='rms', eps=1e-06, elementwise_affine=None, bias=False, full_precision=None, dtype='float32'),
                dropout=None,
                use_flash=None,
                backend='flash_2',
                dtype='float32',
                sliding_window=SlidingWindowAttentionConfig(pattern=[4096, 4096, 4096, -1], force_full_attention_on_first_layer=False, force_full_attention_on_last_layer=True),
                use_head_qk_norm=False
            ),
            layer_norm=LayerNormConfig(name='rms', eps=1e-06, elementwise_affine=None, bias=False, full_precision=None, dtype='float32'),
            feed_forward=FeedForwardConfig(hidden_size=11008, name='default', bias=False, dtype='float32', activation='silu'),
            feed_forward_moe=None,
            name='reordered_norm',
            dropout=None,
            attention_residual_alpha=None,
            feed_forward_residual_alpha=None
        ),
        lm_head=LMHeadConfig(
            name='default',
            layer_norm=LayerNormConfig(name='rms', eps=1e-06, elementwise_affine=None, bias=False, full_precision=None, dtype='float32'),
            bias=False,
            dtype='float32',
            loss_implementation='fused_linear'
        ),
        embedding_norm=None,
        name='default',
        dtype='float32',
        init_method='normal',
        init_seed=0,
        init_std=0.02,
        embedding_init_std=None,
        freeze_params=None,
        block_pattern=None,
        block_overrides={
            3: TransformerBlockConfig(
                sequence_mixer=AttentionConfig(
                    name='default',
                    n_heads=32,
                    n_kv_heads=None,
                    head_dim=None,
                    bias=False,
                    gate=None,
                    rope=RoPEConfig(
                        name='default',
                        theta=500000,
                        full_precision=True,
                        no_global_rope=False,
                        scaling=YaRNRoPEScalingConfig(factor=8.0, beta_fast=32, beta_slow=1, old_context_len=8192)
                    ),
                    clip_qkv=None,
                    qk_norm=LayerNormConfig(name='rms', eps=1e-06, elementwise_affine=None, bias=False, full_precision=None, dtype='float32'),
                    dropout=None,
                    use_flash=None,
                    backend='flash_2',
                    dtype='float32',
                    sliding_window=SlidingWindowAttentionConfig(
                        pattern=[4096, 4096, 4096, -1],
                        force_full_attention_on_first_layer=False,
                        force_full_attention_on_last_layer=True
                    ),
                    use_head_qk_norm=False
                ),
                layer_norm=LayerNormConfig(name='rms', eps=1e-06, elementwise_affine=None, bias=False, full_precision=None, dtype='float32'),
                feed_forward=FeedForwardConfig(hidden_size=11008, name='default', bias=False, dtype='float32', activation='silu'),
                feed_forward_moe=None,
                name='reordered_norm',
                dropout=None,
                attention_residual_alpha=None,
                feed_forward_residual_alpha=None
            ),
            7: TransformerBlockConfig(
                sequence_mixer=AttentionConfig(
                    name='default',
                    n_heads=32,
                    n_kv_heads=None,
                    head_dim=None,
                    bias=False,
                    gate=None,
                    rope=RoPEConfig(
                        name='default',
                        theta=500000,
                        full_precision=True,
                        no_global_rope=False,
                        scaling=YaRNRoPEScalingConfig(factor=8.0, beta_fast=32, beta_slow=1, old_context_len=8192)
                    ),
                    clip_qkv=None,
                    qk_norm=LayerNormConfig(name='rms', eps=1e-06, elementwise_affine=None, bias=False, full_precision=None, dtype='float32'),
                    dropout=None,
                    use_flash=None,
                    backend='flash_2',
                    dtype='float32',
                    sliding_window=SlidingWindowAttentionConfig(
                        pattern=[4096, 4096, 4096, -1],
                        force_full_attention_on_first_layer=False,
                        force_full_attention_on_last_layer=True
                    ),
                    use_head_qk_norm=False
                ),
                layer_norm=LayerNormConfig(name='rms', eps=1e-06, elementwise_affine=None, bias=False, full_precision=None, dtype='float32'),
                feed_forward=FeedForwardConfig(hidden_size=11008, name='default', bias=False, dtype='float32', activation='silu'),
                feed_forward_moe=None,
                name='reordered_norm',
                dropout=None,
                attention_residual_alpha=None,
                feed_forward_residual_alpha=None
            ),
            11: TransformerBlockConfig(
                sequence_mixer=AttentionConfig(
                    name='default',
                    n_heads=32,
                    n_kv_heads=None,
                    head_dim=None,
                    bias=False,
                    gate=None,
                    rope=RoPEConfig(
                        name='default',
                        theta=500000,
                        full_precision=True,
                        no_global_rope=False,
                        scaling=YaRNRoPEScalingConfig(factor=8.0, beta_fast=32, beta_slow=1, old_context_len=8192)
                    ),
                    clip_qkv=None,
                    qk_norm=LayerNormConfig(name='rms', eps=1e-06, elementwise_affine=None, bias=False, full_precision=None, dtype='float32'),
                    dropout=None,
                    use_flash=None,
                    backend='flash_2',
                    dtype='float32',
                    sliding_window=SlidingWindowAttentionConfig(
                        pattern=[4096, 4096, 4096, -1],
                        force_full_attention_on_first_layer=False,
                        force_full_attention_on_last_layer=True
                    ),
                    use_head_qk_norm=False
                ),
                layer_norm=LayerNormConfig(name='rms', eps=1e-06, elementwise_affine=None, bias=False, full_precision=None, dtype='float32'),
                feed_forward=FeedForwardConfig(hidden_size=11008, name='default', bias=False, dtype='float32', activation='silu'),
                feed_forward_moe=None,
                name='reordered_norm',
                dropout=None,
                attention_residual_alpha=None,
                feed_forward_residual_alpha=None
            ),
            15: TransformerBlockConfig(
                sequence_mixer=AttentionConfig(
                    name='default',
                    n_heads=32,
                    n_kv_heads=None,
                    head_dim=None,
                    bias=False,
                    gate=None,
                    rope=RoPEConfig(
                        name='default',
                        theta=500000,
                        full_precision=True,
                        no_global_rope=False,
                        scaling=YaRNRoPEScalingConfig(factor=8.0, beta_fast=32, beta_slow=1, old_context_len=8192)
                    ),
                    clip_qkv=None,
                    qk_norm=LayerNormConfigSFTConfig(
    run_name='olmo3-7b-sft-fp8-niicluster',
    launch=None,
    model=TransformerConfig(
        d_model=4096,
        vocab_size=100352,
        n_layers=32,
        block=TransformerBlockConfig(
            sequence_mixer=AttentionConfig(
                name='default',
                n_heads=32,
                n_kv_heads=None,
                head_dim=None,
                bias=False,
                gate=None,
                rope=RoPEConfig(name='default', theta=500000, full_precision=True, no_global_rope=False, scaling=None),
                clip_qkv=None,
                qk_norm=LayerNormConfig(name='rms', eps=1e-06, elementwise_affine=None, bias=False, full_precision=None, dtype='float32'),
                dropout=None,
                use_flash=None,
                backend='flash_2',
                dtype='float32',
                sliding_window=SlidingWindowAttentionConfig(pattern=[4096, 4096, 4096, -1], force_full_attention_on_first_layer=False, force_full_attention_on_last_layer=True),
                use_head_qk_norm=False
            ),
            layer_norm=LayerNormConfig(name='rms', eps=1e-06, elementwise_affine=None, bias=False, full_precision=None, dtype='float32'),
            feed_forward=FeedForwardConfig(hidden_size=11008, name='default', bias=False, dtype='float32', activation='silu'),
            feed_forward_moe=None,
            name='reordered_norm',
            dropout=None,
            attention_residual_alpha=None,
            feed_forward_residual_alpha=None
        ),
        lm_head=LMHeadConfig(
            name='default',
            layer_norm=LayerNormConfig(name='rms', eps=1e-06, elementwise_affine=None, bias=False, full_precision=None, dtype='float32'),
            bias=False,
            dtype='float32',
            loss_implementation='fused_linear'
        ),
        embedding_norm=None,
        name='default',
        dtype='float32',
        init_method='normal',
        init_seed=0,
        init_std=0.02,
        embedding_init_std=None,
        freeze_params=None,
        block_pattern=None,
        block_overrides={
            3: TransformerBlockConfig(
                sequence_mixer=AttentionConfig(
                    name='default',
                    n_heads=32,
                    n_kv_heads=None,
                    head_dim=None,
                    bias=False,
                    gate=None,
                    rope=RoPEConfig(
                        name='default',
                        theta=500000,
                        full_precision=True,
                        no_global_rope=False,
                        scaling=YaRNRoPEScalingConfig(factor=8.0, beta_fast=32, beta_slow=1, old_context_len=8192)
                    ),
                    clip_qkv=None,
                    qk_norm=LayerNormConfig(name='rms', eps=1e-06, elementwise_affine=None, bias=False, full_precision=None, dtype='float32'),
                    dropout=None,
                    use_flash=None,
                    backend='flash_2',
                    dtype='float32',
                    sliding_window=SlidingWindowAttentionConfig(
                        pattern=[4096, 4096, 4096, -1],
                        force_full_attention_on_first_layer=False,
                        force_full_attention_on_last_layer=True
                    ),
                    use_head_qk_norm=False
                ),
                layer_norm=LayerNormConfig(name='rms', eps=1e-06, elementwise_affine=None, bias=False, full_precision=None, dtype='float32'),
                feed_forward=FeedForwardConfig(hidden_size=11008, name='default', bias=False, dtype='float32', activation='silu'),
                feed_forward_moe=None,
                name='reordered_norm',
                dropout=None,
                attention_residual_alpha=None,
                feed_forward_residual_alpha=None
            ),
            7: TransformerBlockConfig(
                sequence_mixer=AttentionConfig(
                    name='default',
                    n_heads=32,
                    n_kv_heads=None,
                    head_dim=None,
                    bias=False,
                    gate=None,
                    rope=RoPEConfig(
                        name='default',
                        theta=500000,
                        full_precision=True,
                        no_global_rope=False,
                        scaling=YaRNRoPEScalingConfig(factor=8.0, beta_fast=32, beta_slow=1, old_context_len=8192)
                    ),
                    clip_qkv=None,
                    qk_norm=LayerNormConfig(name='rms', eps=1e-06, elementwise_affine=None, bias=False, full_precision=None, dtype='float32'),
                    dropout=None,
                    use_flash=None,
                    backend='flash_2',
                    dtype='float32',
                    sliding_window=SlidingWindowAttentionConfig(
                        pattern=[4096, 4096, 4096, -1],
                        force_full_attention_on_first_layer=False,
                        force_full_attention_on_last_layer=True
                    ),
                    use_head_qk_norm=False
                ),
                layer_norm=LayerNormConfig(name='rms', eps=1e-06, elementwise_affine=None, bias=False, full_precision=None, dtype='float32'),
                feed_forward=FeedForwardConfig(hidden_size=11008, name='default', bias=False, dtype='float32', activation='silu'),
                feed_forward_moe=None,
                name='reordered_norm',
                dropout=None,
                attention_residual_alpha=None,
                feed_forward_residual_alpha=None
            ),
            11: TransformerBlockConfig(
                sequence_mixer=AttentionConfig(
                    name='default',
                    n_heads=32,
                    n_kv_heads=None,
                    head_dim=None,
                    bias=False,
                    gate=None,
                    rope=RoPEConfig(
                        name='default',
                        theta=500000,
                        full_precision=True,
                        no_global_rope=False,
                        scaling=YaRNRoPEScalingConfig(factor=8.0, beta_fast=32, beta_slow=1, old_context_len=8192)
                    ),
                    clip_qkv=None,
                    qk_norm=LayerNormConfig(name='rms', eps=1e-06, elementwise_affine=None, bias=False, full_precision=None, dtype='float32'),
                    dropout=None,
                    use_flash=None,
                    backend='flash_2',
                    dtype='float32',
                    sliding_window=SlidingWindowAttentionConfig(
                        pattern=[4096, 4096, 4096, -1],
                        force_full_attention_on_first_layer=False,
                        force_full_attention_on_last_layer=True
                    ),
                    use_head_qk_norm=False
                ),
                layer_norm=LayerNormConfig(name='rms', eps=1e-06, elementwise_affine=None, bias=False, full_precision=None, dtype='float32'),
                feed_forward=FeedForwardConfig(hidden_size=11008, name='default', bias=False, dtype='float32', activation='silu'),
                feed_forward_moe=None,
                name='reordered_norm',
                dropout=None,
                attention_residual_alpha=None,
                feed_forward_residual_alpha=None
            ),
            15: TransformerBlockConfig(
                sequence_mixer=AttentionConfig(
                    name='default',
                    n_heads=32,
                    n_kv_heads=None,
                    head_dim=None,
                    bias=False,
                    gate=None,
                    rope=RoPEConfig(
                        name='default',
                        theta=500000,
                        full_precision=True,
                        no_global_rope=False,
                        scaling=YaRNRoPEScalingConfig(factor=8.0, beta_fast=32, beta_slow=1, old_context_len=8192)
                    ),
                    clip_qkv=None,
                    qk_norm=LayerNormConfigresidual_alpha=None
            )
        },
        embed_scale=None
    ),
    dataset=NumpyPackedFSLDatasetConfig(
        tokenizer=TokenizerConfig(vocab_size=100278, eos_token_id=100257, pad_token_id=100277, bos_token_id=None, identifier='allenai/dolma2-tokenizer'),
        paths=['/tmp/olmo-sft/work/datasets/fields/olmocore/token_ids_part_*.npy'],
        mix=None,
        mix_base_dir=None,
        expand_glob=True,
        dtype=None,
        metadata=None,
        include_instance_metadata=True,
        instance_filter_config=None,
        source_permutation_seed=None,
        work_dir='/tmp/olmo-sft/output/internal/_work',
        ignore_fingerprint_mismatch=False,
        sequence_length=65536,
        generate_doc_lengths=True,
        label_mask_paths=['/tmp/olmo-sft/work/datasets/fields/olmocore/labels_mask_*.npy'],
        long_doc_strategy='truncate',
        source_group_size=1
    ),
    data_loader=NumpyDataLoaderConfig(
        global_batch_size=1048576,
        seed=34521,
        work_dir=None,
        num_threads=None,
        num_workers=4,
        prefetch_factor=None,
        target_device_type=None,
        ignore_fingerprint_mismatch=False
    ),
    train_module=TransformerTrainModuleConfig(
        rank_microbatch_size=65536,
        max_sequence_length=65536,
        optim=SkipStepAdamWConfig(
            group_overrides=None,
            compile=False,
            fixed_fields=('initial_lr',),
            lr=5e-05,
            betas=(0.9, 0.95),
            eps=1e-08,
            weight_decay=0.0,
            dtype='bfloat16',
            foreach=True,
            step_increment_bugfix=True,
            rolling_interval_length=128,
            sigma_factor=6
        ),
        max_grad_norm=1.0,
        scheduler=LinearWithWarmup(
            lr_field='lr',
            initial_lr_field='initial_lr',
            units='steps',
            alpha_f=0.0,
            t_max=None,
            warmup=None,
            warmup_steps=None,
            warmup_fraction=0.03,
            warmup_min_lr=0.0
        ),
        compile_model=True,
        float8_config=Float8Config(
            ao=None,
            ao_recipe='rowwise',
            ao_mx=None,
            modules_to_ignore=[
                'blocks.0.attention.w_q',
                'blocks.0.attention.w_k',
                'blocks.0.attention.w_v',
                'blocks.0.attention.w_out',
                'blocks.1.attention.w_q',
                'blocks.1.attention.w_k',
                'blocks.1.attention.w_v',
                'blocks.1.attention.w_out',
                'blocks.2.attention.w_q',
                'blocks.2.attention.w_k',
                'blocks.2.attention.w_v',
                'blocks.2.attention.w_out',
                'blocks.3.attention.w_q',
                'blocks.3.attention.w_k',
                'blocks.3.attention.w_v',
                'blocks.3.attention.w_out',
                'blocks.4.attention.w_q',
                'blocks.4.attention.w_k',
                'blocks.4.attention.w_v',
                'blocks.4.attention.w_out',
                'blocks.5.attention.w_q',
                'blocks.5.attention.w_k',
                'blocks.5.attention.w_v',
                'blocks.5.attention.w_out',
                'blocks.6.attention.w_q',
                'blocks.6.attention.w_k',
                'blocks.6.attention.w_v',
                'blocks.6.attention.w_out',
                'blocks.7.attention.w_q',
                'blocks.7.attention.w_k',
                'blocks.7.attention.w_v',
                'blocks.7.attention.w_out',
                'blocks.8.attention.w_q',
                'blocks.8.attention.w_k',
                'blocks.8.attention.w_v',
                'blocks.8.attention.w_out',
                'blocks.9.attention.w_q',
                'blocks.9.attention.w_k',
                'blocks.9.attention.w_v',
                'blocks.9.attention.w_out',
                'blocks.10.attention.w_q',
                'blocks.10.attention.w_k',
                'blocks.10.attention.w_v',
                'blocks.10.attention.w_out',
                'blocks.11.attention.w_q',
                'blocks.11.attention.w_k',
                'blocks.11.attention.w_v',
                'blocks.11.attention.w_out',
                'blocks.12.attention.w_q',
                'blocks.12.attention.w_k',
                'blocks.12.attention.w_v',
                'blocks.12.attention.w_out',
                'blocks.13.attention.w_q',
                'blocks.13.attention.w_k',
                'blocks.13.attention.w_v',
                'blocks.13.attention.w_out',
                'blocks.14.attention.w_q',
                'blocks.14.attention.w_k',
                'blocks.14.attention.w_v',
                'blocks.14.attention.w_out',
                'blocks.15.attention.w_q',
                'blocks.15.attention.w_k',
                'blocks.15.attention.w_v',
                'blocks.15.attention.w_out',
                'blocks.16.attention.w_q',
                'blocks.16.attention.w_k',
                'blocks.16.attention.w_v',
                'blocks.16.attention.w_out',
                'blocks.17.attention.w_q',
                'blocks.17.attention.w_k',
                'blocks.17.attention.w_v',
                'blocks.17.attention.w_out',
                'blocks.18.attention.w_q',
                'blocks.18.attention.w_k',
                'blocks.18.attention.w_v',
                'blocks.18.attention.w_out',
                'blocks.19.attention.w_q',
                'blocks.19.attention.w_k',
                'blocks.19.attention.w_v',
                'blocks.19.attention.w_out',
                'blocks.20.attention.w_q',
                'blocks.20.attention.w_k',
                'blocks.20.attention.w_v',
                'blocks.20.attention.w_out',
                'blocks.21.attention.w_q',
                'blocks.21.attention.w_k',
                'blocks.21.attention.w_v',
                'blocks.21.attention.w_out',
                'blocks.22.attention.w_q',
                'blocks.22.attention.w_k',
                'blocks.22.attention.w_v',
                'blocks.22.attention.w_out',
                'blocks.23.attention.w_q',
                'blocks.23.attention.w_k',
                'blocks.23.attention.w_v',
                'blocks.23.attention.w_out',
                'blocks.24.attention.w_q',
                'blocks.24.attention.w_k',
                'blocks.24.attention.w_v',
                'blocks.24.attention.w_out',
                'blocks.25.attention.w_q',
                'blocks.25.attention.w_k',
                'blocks.25.attention.w_v',
                'blocks.25.attention.w_out',
                'blocks.26.attention.w_q',
                'blocks.26.attention.w_k',
                'blocks.26.attention.w_v',
                'blocks.26.attention.w_out',
                'blocks.27.attention.w_q',
                'blocks.27.attention.w_k',
                'blocks.27.attention.w_v',
                'blocks.27.attention.w_out',
                'blocks.28.attention.w_q',
                'blocks.28.attention.w_k',
                'blocks.28.attention.w_v',
                'blocks.28.attention.w_out',
                'blocks.29.attention.w_q',
                'blocks.29.attention.w_k',
                'blocks.29.attention.w_v',
                'blocks.29.attention.w_out',
                'blocks.30.attention.w_q',
                'blocks.30.attention.w_k',
                'blocks.30.attention.w_v',
                'blocks.30.attention.w_out',
                'blocks.31.attention.w_q',
                'blocks.31.attention.w_k',
                'blocks.31.attention.w_v',
                'blocks.31.attention.w_out'
            ],
            enabled=True
        ),
        pp_config=None,
        dp_config=TransformerDataParallelConfig(
            name='hsdp',
            param_dtype='bfloat16',
            reduce_dtype='float32',
            num_replicas=None,
            shard_degree=4,
            wrapping_strategy='full',
            prefetch_factor=0
        ),
        tp_config=None,
        cp_config=TransformerContextParallelConfig(degree=2, ring=RingContextParallelStyle(load_balancer='llama3', head_stride=1), uly=None),
        ep_config=None,
        ac_config=TransformerActivationCheckpointingConfig(mode='budget', block_interval=None, modules=None, activation_memory_budget=0.8),
        z_loss_multiplier=None,
        state_dict_save_opts=None,
        state_dict_load_opts=None,
        load_key_mapping=None,
        autocast_precision=None,
        label_ignore_index=-100
    ),
    trainer=TrainerConfig(
        save_folder='/tmp/olmo-sft/output/internal/checkpoints/fields/olmo-sft/olmo3-7b-sft-fp8-niicluster',
        work_dir=None,
        load_path=None,
        load_strategy='never',
        load_optim_state=None,
        load_trainer_state=None,
        checkpointer=CheckpointerConfig(work_dir=None, save_overwrite=None, pre_download=False, save_thread_count=1, load_thread_count=32, throttle_uploads=True),
        device=None,
        save_overwrite=True,
        max_duration=Duration(value=1, unit='epochs'),
        cancel_check_interval=10,
        hard_stop=None,
        metrics_collect_interval=10,
        callbacks={
            'gpu_monitor': GPUMemoryMonitorCallback(device_id=None, _num_alloc_retries=0),
            'config_saver': ConfigSaverCallback(fname='config.json', save_data_paths=None, data_paths_fname=None, _config=None),
            'garbage_collector': GarbageCollectorCallback(gc_interval=1000, enabled=True, _start_state=None),
            'checkpointer': CheckpointerCallback(
                save_interval=1000,
                ephemeral_save_interval=250,
                pre_train_checkpoint=None,
                save_async=True,
                remove='ephemeral_only',
                ephemeral_cooldown=None,
                fixed_steps=None,
                enabled=True,
                _latest_checkpoint_step=-1,
                _latest_checkpoint_path='',
                _checkpoints=[],
                _ephemeral_checkpoints=[],
                _checkpoints_to_remove=[]
            ),
            'checkpoint_retention': KeepLastNCheckpoints(keep_last=2, save_interval=1000, _persistent=[]),
            'wandb': WandBCallback(
                enabled=True,
                name='olmo3-7b-sft-fp8-niicluster',
                project='olmo3-7b-sft',
                entity=None,
                group=None,
                tags=None,
                notes=None,
                config=None,
                cancel_tags=['cancel', 'canceled', 'cancelled'],
                cancel_check_interval=10,
                _finalized=False
            )
        },
        async_bookkeeping=None,
        bookkeeping_soft_timeout=30,
        no_checkpoints=False,
        no_evals=False,
        steps_to_skip=None
    ),
    init_seed=33333
)
(name='rms', eps=1e-06, elementwise_affine=None, bias=False, full_precision=None, dtype='float32'),
                    dropout=None,
                    use_flash=None,
                    backend='flash_2',
                    dtype='float32',
                    sliding_window=SlidingWindowAttentionConfig(
                        pattern=[4096, 4096, 4096, -1],
                        force_full_attention_on_first_layer=False,
                        force_full_attention_on_last_layer=True
                    ),
                    use_head_qk_norm=False
                ),
                layer_norm=LayerNormConfig(name='rms', eps=1e-06, elementwise_affine=None, bias=False, full_precision=None, dtype='float32'),
                feed_forward=FeedForwardConfig(hidden_size=11008, name='default', bias=False, dtype='float32', activation='silu'),
                feed_forward_moe=None,
                name='reordered_norm',
                dropout=None,
                attention_residual_alpha=None,
                feed_forward_residual_alpha=None
            ),
            19: TransformerBlockConfig(
                sequence_mixer=AttentionConfig(
                    name='default',
                    n_heads=32,
                    n_kv_heads=None,
                    head_dim=None,
                    bias=False,
                    gate=None,
                    rope=RoPEConfig(
                        name='default',
                        theta=500000,
                        full_precision=True,
                        no_global_rope=False,
                        scaling=YaRNRoPEScalingConfig(factor=8.0, beta_fast=32, beta_slow=1, old_context_len=8192)
                    ),
                    clip_qkv=None,
                    qk_norm=LayerNormConfig(name='rms', eps=1e-06, elementwise_affine=None, bias=False, full_precision=None, dtype='float32'),
                    dropout=None,
                    use_flash=None,
                    backend='flash_2',
                    dtype='float32',
                    sliding_window=SlidingWindowAttentionConfig(
                        pattern=[4096, 4096, 4096, -1],
                        force_full_attention_on_first_layer=False,
                        force_full_attention_on_last_layer=True
                    ),
                    use_head_qk_norm=False
                ),
                layer_norm=LayerNormConfig(name='rms', eps=1e-06, elementwise_affine=None, bias=False, full_precision=None, dtype='float32'),
                feed_forward=FeedForwardConfig(hidden_size=11008, name='default', bias=False, dtype='float32', activation='silu'),
                feed_forward_moe=None,
                name='reordered_norm',
                dropout=None,
                attention_residual_alpha=None,
                feed_forward_residual_alpha=None
            ),
            23: TransformerBlockConfig(
                sequence_mixer=AttentionConfig(
                    name='default',
                    n_heads=32,
                    n_kv_heads=None,
                    head_dim=None,
                    bias=False,
                    gate=None,
                    rope=RoPEConfig(
                        name='default',
                        theta=500000,
                        full_precision=True,
                        no_global_rope=False,
                        scaling=YaRNRoPEScalingConfig(factor=8.0, beta_fast=32, beta_slow=1, old_context_len=8192)
                    ),
                    clip_qkv=None,
                    qk_norm=LayerNormConfig(name='rms', eps=1e-06, elementwise_affine=None, bias=False, full_precision=None, dtype='float32'),
                    dropout=None,
                    use_flash=None,
                    backend='flash_2',
                    dtype='float32',
                    sliding_window=SlidingWindowAttentionConfig(
                        pattern=[4096, 4096, 4096, -1],
                        force_full_attention_on_first_layer=False,
                        force_full_attention_on_last_layer=True
                    ),(name='rms', eps=1e-06, elementwise_affine=None, bias=False, full_precision=None, dtype='float32'),
                    dropout=None,
                    use_flash=None,
                    backend='flash_2',
                    dtype='float32',
                    sliding_window=SlidingWindowAttentionConfig(
                        pattern=[4096, 4096, 4096, -1],
                        force_full_attention_on_first_layer=False,
                        force_full_attention_on_last_layer=True
                    ),
                    use_head_qk_norm=False
                ),
                layer_norm=LayerNormConfig(name='rms', eps=1e-06, elementwise_affine=None, bias=False, full_precision=None, dtype='float32'),
                feed_forward=FeedForwardConfig(hidden_size=11008, name='default', bias=False, dtype='float32', activation='silu'),
                feed_forward_moe=None,
                name='reordered_norm',
                dropout=None,
                attention_residual_alpha=None,
                feed_forward_residual_alpha=None
            ),
            19: TransformerBlockConfig(
                sequence_mixer=AttentionConfig(
                    name='default',
                    n_heads=32,
                    n_kv_heads=None,
                    head_dim=None,
                    bias=False,
                    gate=None,
                    rope=RoPEConfig(
                        name='default',
                        theta=500000,
                        full_precision=True,
                        no_global_rope=False,
                        scaling=YaRNRoPEScalingConfig(factor=8.0, beta_fast=32, beta_slow=1, old_context_len=8192)
                    ),
                    clip_qkv=None,
                    qk_norm=LayerNormConfig(name='rms', eps=1e-06, elementwise_affine=None, bias=False, full_precision=None, dtype='float32'),
                    dropout=None,
                    use_flash=None,
                    backend='flash_2',
                    dtype='float32',
                    sliding_window=SlidingWindowAttentionConfig(
                        pattern=[4096, 4096, 4096, -1],
                        force_full_attention_on_first_layer=False,
                        force_full_attention_on_last_layer=True
                    ),
                    use_head_qk_norm=False
                ),
                layer_norm=LayerNormConfig(name='rms', eps=1e-06, elementwise_affine=None, bias=False, full_precision=None, dtype='float32'),
                feed_forward=FeedForwardConfig(hidden_size=11008, name='default', bias=False, dtype='float32', activation='silu'),
                feed_forward_moe=None,
                name='reordered_norm',
                dropout=None,
                attention_residual_alpha=None,
                feed_forward_residual_alpha=None
            ),
            23: TransformerBlockConfig(
                sequence_mixer=AttentionConfig(
                    name='default',
                    n_heads=32,
                    n_kv_heads=None,
                    head_dim=None,
                    bias=False,
                    gate=None,
                    rope=RoPEConfig(
                        name='default',
                        theta=500000,
                        full_precision=True,
                        no_global_rope=False,
                        scaling=YaRNRoPEScalingConfig(factor=8.0, beta_fast=32, beta_slow=1, old_context_len=8192)
                    ),
                    clip_qkv=None,
                    qk_norm=LayerNormConfig(name='rms', eps=1e-06, elementwise_affine=None, bias=False, full_precision=None, dtype='float32'),
                    dropout=None,
                    use_flash=None,
                    backend='flash_2',
                    dtype='float32',
                    sliding_window=SlidingWindowAttentionConfig(
                        pattern=[4096, 4096, 4096, -1],
                        force_full_attention_on_first_layer=False,
                        force_full_attention_on_last_layer=True
                    ),
                    use_head_qk_norm=False
                ),
                layer_norm=LayerNormConfig(name='rms', eps=1e-06, elementwise_affine=None, bias=False, full_precision=None, dtype='float32'),
                feed_forward=FeedForwardConfig(hidden_size=11008, name='default', bias=False, dtype='float32', activation='silu'),
                feed_forward_moe=None,
                name='reordered_norm',
                dropout=None,
                attention_residual_alpha=None,
                feed_forward_residual_alpha=None
            ),
            27: TransformerBlockConfig(
                sequence_mixer=AttentionConfig(
                    name='default',
                    n_heads=32,
                    n_kv_heads=None,
                    head_dim=None,
                    bias=False,
                    gate=None,
                    rope=RoPEConfig(
                        name='default',
                        theta=500000,
                        full_precision=True,
                        no_global_rope=False,
                        scaling=YaRNRoPEScalingConfig(factor=8.0, beta_fast=32, beta_slow=1, old_context_len=8192)
                    ),
                    clip_qkv=None,
                    qk_norm=LayerNormConfig(name='rms', eps=1e-06, elementwise_affine=None, bias=False, full_precision=None, dtype='float32'),
                    dropout=None,
                    use_flash=None,
                    backend='flash_2',
                    dtype='float32',
                    sliding_window=SlidingWindowAttentionConfig(
                        pattern=[4096, 4096, 4096, -1],
                        force_full_attention_on_first_layer=False,
                        force_full_attention_on_last_layer=True
                    ),
                    use_head_qk_norm=False
                ),
                layer_norm=LayerNormConfig(name='rms', eps=1e-06, elementwise_affine=None, bias=False, full_precision=None, dtype='float32'),
                feed_forward=FeedForwardConfig(hidden_size=11008, name='default', bias=False, dtype='float32', activation='silu'),
                feed_forward_moe=None,
                name='reordered_norm',
                dropout=None,
                attention_residual_alpha=None,
                feed_forward_residual_alpha=None
            ),
            31: TransformerBlockConfig(
                sequence_mixer=AttentionConfig(
                    name='default',
                    n_heads=32,
                    n_kv_heads=None,
                    head_dim=None,
                    bias=False,
                    gate=None,
                    rope=RoPEConfig(
                        name='default',
                        theta=500000,
                        full_precision=True,
                        no_global_rope=False,
                        scaling=YaRNRoPEScalingConfig(factor=8.0, beta_fast=32, beta_slow=1, old_context_len=8192)
                    ),
                    clip_qkv=None,
                    qk_norm=LayerNormConfig(name='rms', eps=1e-06, elementwise_affine=None, bias=False, full_precision=None, dtype='float32'),
                    dropout=None,
                    use_flash=None,
                    backend='flash_2',
                    dtype='float32',
                    sliding_window=SlidingWindowAttentionConfig(
                        pattern=[4096, 4096, 4096, -1],
                        force_full_attention_on_first_layer=False,
                        force_full_attention_on_last_layer=True
                    ),
                    use_head_qk_norm=False
                ),
                layer_norm=LayerNormConfig(name='rms', eps=1e-06, elementwise_affine=None, bias=False, full_precision=None, dtype='float32'),
                feed_forward=FeedForwardConfig(hidden_size=11008, name='default', bias=False, dtype='float32', activation='silu'),
                feed_forward_moe=None,
                name='reordered_norm',
                dropout=None,
                attention_residual_alpha=None,
                feed_forward_rallelConfig(degree=2, ring=RingContextParallelStyle(load_balancer='llama3', head_stride=1), uly=None),
        ep_config=None,
        ac_config=TransformerActivationCheckpointingConfig(mode='budget', block_interval=None, modules=None, activation_memory_budget=0.8),
        z_loss_multiplier=None,
        state_dict_save_opts=None,
        state_dict_load_opts=None,
        load_key_mapping=None,
        autocast_precision=None,
        label_ignore_index=-100
    ),
    trainer=TrainerConfig(
        save_folder='/tmp/olmo-sft/output/internal/checkpoints/fields/olmo-sft/olmo3-7b-sft-fp8-niicluster',
        work_dir=None,
        load_path=None,
        load_strategy='never',
        load_optim_state=None,
        load_trainer_state=None,
        checkpointer=CheckpointerConfig(work_dir=None, save_overwrite=None, pre_download=False, save_thread_count=1, load_thread_count=32, throttle_uploads=True),
        device=None,
        save_overwrite=True,
        max_duration=Duration(value=1, unit='epochs'),
        cancel_check_interval=10,
        hard_stop=None,
        metrics_collect_interval=10,
        callbacks={
            'gpu_monitor': GPUMemoryMonitorCallback(device_id=None, _num_alloc_retries=0),
            'config_saver': ConfigSaverCallback(fname='config.json', save_data_paths=None, data_paths_fname=None, _config=None),
            'garbage_collector': GarbageCollectorCallback(gc_interval=1000, enabled=True, _start_state=None),
            'checkpointer': CheckpointerCallback(
                save_interval=1000,
                ephemeral_save_interval=250,
                pre_train_checkpoint=None,
                save_async=True,
                remove='ephemeral_only',
                ephemeral_cooldown=None,
                fixed_steps=None,
                enabled=True,
                _latest_checkpoint_step=-1,
                _latest_checkpoint_path='',
                _checkpoints=[],
                _ephemeral_checkpoints=[],
                _checkpoints_to_remove=[]
            ),
            'checkpoint_retention': KeepLastNCheckpoints(keep_last=2, save_interval=1000, _persistent=[]),
            'wandb': WandBCallback(
                enabled=True,
                name='olmo3-7b-sft-fp8-niicluster',
                project='olmo3-7b-sft',
                entity=None,
                group=None,
                tags=None,
                notes=None,
                config=None,
                cancel_tags=['cancel', 'canceled', 'cancelled'],
                cancel_check_interval=10,
                _finalized=False
            )
        },
        async_bookkeeping=None,
        bookkeeping_soft_timeout=30,
        no_checkpoints=False,
        no_evals=False,
        steps_to_skip=None
    ),
    init_seed=33333
)

                    use_head_qk_norm=False
                ),
                layer_norm=LayerNormConfig(name='rms', eps=1e-06, elementwise_affine=None, bias=False, full_precision=None, dtype='float32'),
                feed_forward=FeedForwardConfig(hidden_size=11008, name='default', bias=False, dtype='float32', activation='silu'),
                feed_forward_moe=None,
                name='reordered_norm',
                dropout=None,
                attention_residual_alpha=None,
                feed_forward_residual_alpha=None
            ),
            27: TransformerBlockConfig(
                sequence_mixer=AttentionConfig(
                    name='default',
                    n_heads=32,
                    n_kv_heads=None,
                    head_dim=None,
                    bias=False,
                    gate=None,
                    rope=RoPEConfig(
                        name='default',
                        theta=500000,
                        full_precision=True,
                        no_global_rope=False,
                        scaling=YaRNRoPEScalingConfig(factor=8.0, beta_fast=32, beta_slow=1, old_context_len=8192)
                    ),
                    clip_qkv=None,
                    qk_norm=LayerNormConfig(name='rms', eps=1e-06, elementwise_affine=None, bias=False, full_precision=None, dtype='float32'),
                    dropout=None,
                    use_flash=None,
                    backend='flash_2',
                    dtype='float32',
                    sliding_window=SlidingWindowAttentionConfig(
                        pattern=[4096, 4096, 4096, -1],
                        force_full_attention_on_first_layer=False,
                        force_full_attention_on_last_layer=True
                    ),
                    use_head_qk_norm=False
                ),
                layer_norm=LayerNormConfig(name='rms', eps=1e-06, elementwise_affine=None, bias=False, full_precision=None, dtype='float32'),
                feed_forward=FeedForwardConfig(hidden_size=11008, name='default', bias=False, dtype='float32', activation='silu'),
                feed_forward_moe=None,
                name='reordered_norm',
                dropout=None,
                attention_residual_alpha=None,
                feed_forward_residual_alpha=None
            ),
            31: TransformerBlockConfig(
                sequence_mixer=AttentionConfig(
                    name='default',
                    n_heads=32,
                    n_kv_heads=None,
                    head_dim=None,
                    bias=False,
                    gate=None,
                    rope=RoPEConfig(
                        name='default',
                        theta=500000,
                        full_precision=True,
                        no_global_rope=False,
                        scaling=YaRNRoPEScalingConfig(factor=8.0, beta_fast=32, beta_slow=1, old_context_len=8192)
                    ),
                    clip_qkv=None,
                    qk_norm=LayerNormConfig(name='rms', eps=1e-06, elementwise_affine=None, bias=False, full_precision=None, dtype='float32'),
                    dropout=None,
                    use_flash=None,
                    backend='flash_2',
                    dtype='float32',
                    sliding_window=SlidingWindowAttentionConfig(
                        pattern=[4096, 4096, 4096, -1],
                        force_full_attention_on_first_layer=False,
                        force_full_attention_on_last_layer=True
                    ),
                    use_head_qk_norm=False
                ),
                layer_norm=LayerNormConfig(name='rms', eps=1e-06, elementwise_affine=None, bias=False, full_precision=None, dtype='float32'),
                feed_forward=FeedForwardConfig(hidden_size=11008, name='default', bias=False, dtype='float32', activation='silu'),
                feed_forward_moe=None,
                name='reordered_norm',
                dropout=None,
                attention_residual_alpha=None,
                feed_forward_residual_alpha=None
            )
        },
        embed_scale=None
    ),
    dataset=NumpyPackedFSLDatasetConfig(
        tokenizer=TokenizerConfig(vocab_size=100278, eos_token_id=100257, pad_token_id=100277, bos_token_id=None, identifier='allenai/dolma2-tokenizer'),
        paths=['/tmp/olmo-sft/work/datasets/fields/olmocore/token_ids_part_*.npy'],
        mix=None,
        mix_base_dir=None,
        expand_glob=True,
        dtype=None,
        metadata=None,
        include_instance_metadata=True,
        instance_filter_config=None,
        source_permutation_seed=None,
        work_dir='/tmp/olmo-sft/output/internal/_work',
        ignore_fingerprint_mismatch=False,
        sequence_length=65536,
        generate_doc_lengths=True,
        label_mask_paths=['/tmp/olmo-sft/work/datasets/fields/olmocore/labels_mask_*.npy'],
        long_doc_strategy='truncate',
        source_group_size=1
    ),
    data_loader=NumpyDataLoaderConfig(
        global_batch_size=1048576,
        seed=34521,
        work_dir=None,
        num_threads=None,
        num_workers=4,
        prefetch_factor=None,
        target_device_type=None,
        ignore_fingerprint_mismatch=False
    ),
    train_module=TransformerTrainModuleConfig(
        rank_microbatch_size=65536,
        max_sequence_length=65536,
        optim=SkipStepAdamWConfig(
            group_overrides=None,
            compile=False,
            fixed_fields=('initial_lr',),
            lr=5e-05,
            betas=(0.9, 0.95),
            eps=1e-08,
            weight_decay=0.0,
            dtype='bfloat16',
            foreach=True,
            step_increment_bugfix=True,
            rolling_interval_length=128,
            sigma_factor=6
        ),
        max_grad_norm=1.0,
        scheduler=LinearWithWarmup(
            lr_field='lr',
            initial_lr_field='initial_lr',
            units='steps',
            alpha_f=0.0,
            t_max=None,
            warmup=None,
            warmup_steps=None,
            warmup_fraction=0.03,
            warmup_min_lr=0.0
        ),
        compile_model=True,
        float8_config=Float8Config(
            ao=None,
            ao_recipe='rowwise',
            ao_mx=None,
            modules_to_ignore=[
                'blocks.0.attention.w_q',
                'blocks.0.attention.w_k',
                'blocks.0.attention.w_v',
                'blocks.0.attention.w_out',
                'blocks.1.attention.w_q',
                'blocks.1.attention.w_k',
                'blocks.1.attention.w_v',
                'blocks.1.attention.w_out',
                'blocks.2.attention.w_q',
                'blocks.2.attention.w_k',
                'blocks.2.attention.w_v',
                'blocks.2.attention.w_out',
                'blocks.3.attention.w_q',
                'blocks.3.attention.w_k',
                'blocks.3.attention.w_v',
                'blocks.3.attention.w_out',
                'blocks.4.attention.w_q',
                'blocks.4.attention.w_k',
                'blocks.4.attention.w_v',
                'blocks.4.attention.w_out',
                'blocks.5.attention.w_q',
                'blocks.5.attention.w_k',
                'blocks.5.attention.w_v',
                'blocks.5.attention.w_out',
                'blocks.6.attention.w_q',
                'blocks.6.attention.w_k',
                'blocks.6.attention.w_v',
                'blocks.6.attention.w_out',
                'blocks.7.attention.w_q',
                'blocks.7.attention.w_k',
                'blocks.7.attention.w_v',
                'blocks.7.attention.w_out',
                'blocks.8.attention.w_q',
                'blocks.8.attention.w_k',
                'blocks.8.attention.w_v',
                'blocks.8.attention.w_out',
                'blocks.9.attention.w_q',
                'blocks.9.attention.w_k',
                'blocks.9.attention.w_v',
                'blocks.9.attention.w_out',
                'blocks.10.attention.w_q',
                'blocks.10.attention.w_k',
                'blocks.10.attention.w_v',
                'blocks.10.attention.w_out',
                'blocks.11.attention.w_q',
                'blocks.11.attention.w_k',
                'blocks.11.attention.w_v',
                'blocks.11.attention.w_out',
                'blocks.12.attention.w_q',
                'blocks.12.attention.w_k',
                'blocks.12.attention.w_v',
                'blocks.12.attention.w_out',
                'blocks.13.attention.w_q',
                'blocks.13.attention.w_k',
                'blocks.13.attention.w_v',
                'blocks.13.attention.w_out',
                'blocks.14.attention.w_q',
                'blocks.14.attention.w_k',
                'blocks.14.attention.w_v',
                'blocks.14.attention.w_out',
                'blocks.15.attention.w_q',
                'blocks.15.attention.w_k',
                'blocks.15.attention.w_v',
                'blocks.15.attention.w_out',
                'blocks.16.attention.w_q',
                'blocks.16.attention.w_k',
                'blocks.16.attention.w_v',
                'blocks.16.attention.w_out',
                'blocks.17.attention.w_q',
                'blocks.17.attention.w_k',
                'blocks.17.attention.w_v',
                'blocks.17.attention.w_out',
                'blocks.18.attention.w_q',
                'blocks.18.attention.w_k',
                'blocks.18.attention.w_v',
                'blocks.18.attention.w_out',
                'blocks.19.attention.w_q',
                'blocks.19.attention.w_k',
                'blocks.19.attention.w_v',
                'blocks.19.attention.w_out',
                'blocks.20.attention.w_q',
                'blocks.20.attention.w_k',
                'blocks.20.attention.w_v',
                'blocks.20.attention.w_out',
                'blocks.21.attention.w_q',
                'blocks.21.attention.w_k',
                'blocks.21.attention.w_v',
                'blocks.21.attention.w_out',
                'blocks.22.attention.w_q',
                'blocks.22.attention.w_k',
                'blocks.22.attention.w_v',
                'blocks.22.attention.w_out',
                'blocks.23.attention.w_q',
                'blocks.23.attention.w_k',
                'blocks.23.attention.w_v',
                'blocks.23.attention.w_out',
                'blocks.24.attention.w_q',
                'blocks.24.attention.w_k',
                'blocks.24.attention.w_v',
                'blocks.24.attention.w_out',
                'blocks.25.attention.w_q',
                'blocks.25.attention.w_k',
                'blocks.25.attention.w_v',
                'blocks.25.attention.w_out',
                'blocks.26.attention.w_q',
                'blocks.26.attention.w_k',
                'blocks.26.attention.w_v',
                'blocks.26.attention.w_out',
                'blocks.27.attention.w_q',
                'blocks.27.attention.w_k',
                'blocks.27.attention.w_v',
                'blocks.27.attention.w_out',
                'blocks.28.attention.w_q',
                'blocks.28.attention.w_k',
                'blocks.28.attention.w_v',
                'blocks.28.attention.w_out',
                'blocks.29.attention.w_q',
                'blocks.29.attention.w_k',
                'blocks.29.attention.w_v',
                'blocks.29.attention.w_out',
                'blocks.30.attention.w_q',
                'blocks.30.attention.w_k',
                'blocks.30.attention.w_v',
                'blocks.30.attention.w_out',
                'blocks.31.attention.w_q',
                'blocks.31.attention.w_k',
                'blocks.31.attention.w_v',
                'blocks.31.attention.w_out'
            ],
            enabled=True
        ),
        pp_config=None,
        dp_config=TransformerDataParallelConfig(
            name='hsdp',
            param_dtype='bfloat16',
            reduce_dtype='float32',
            num_replicas=None,
            shard_degree=4,
            wrapping_strategy='full',
            prefetch_factor=0
        ),
        tp_config=None,
        cp_config=TransformerContextParesidual_alpha=None
            )
        },
        embed_scale=None
    ),
    dataset=NumpyPackedFSLDatasetConfig(
        tokenizer=TokenizerConfig(vocab_size=100278, eos_token_id=100257, pad_token_id=100277, bos_token_id=None, identifier='allenai/dolma2-tokenizer'),
        paths=['/tmp/olmo-sft/work/datasets/fields/olmocore/token_ids_part_*.npy'],
        mix=None,
        mix_base_dir=None,
        expand_glob=True,
        dtype=None,
        metadata=None,
        include_instance_metadata=True,
        instance_filter_config=None,
        source_permutation_seed=None,
        work_dir='/tmp/olmo-sft/output/internal/_work',
        ignore_fingerprint_mismatch=False,
        sequence_length=65536,
        generate_doc_lengths=True,
        label_mask_paths=['/tmp/olmo-sft/work/datasets/fields/olmocore/labels_mask_*.npy'],
        long_doc_strategy='truncate',
        source_group_size=1
    ),
    data_loader=NumpyDataLoaderConfig(
        global_batch_size=1048576,
        seed=34521,
        work_dir=None,
        num_threads=None,
        num_workers=4,
        prefetch_factor=None,
        target_device_type=None,
        ignore_fingerprint_mismatch=False
    ),
    train_module=TransformerTrainModuleConfig(
        rank_microbatch_size=65536,
        max_sequence_length=65536,
        optim=SkipStepAdamWConfig(
            group_overrides=None,
            compile=False,
            fixed_fields=('initial_lr',),
            lr=5e-05,
            betas=(0.9, 0.95),
            eps=1e-08,
            weight_decay=0.0,
            dtype='bfloat16',
            foreach=True,
            step_increment_bugfix=True,
            rolling_interval_length=128,
            sigma_factor=6
        ),
        max_grad_norm=1.0,
        scheduler=LinearWithWarmup(
            lr_field='lr',
            initial_lr_field='initial_lr',
            units='steps',
            alpha_f=0.0,
            t_max=None,
            warmup=None,
            warmup_steps=None,
            warmup_fraction=0.03,
            warmup_min_lr=0.0
        ),
        compile_model=True,
        float8_config=Float8Config(
            ao=None,
            ao_recipe='rowwise',
            ao_mx=None,
            modules_to_ignore=[
                'blocks.0.attention.w_q',
                'blocks.0.attention.w_k',
                'blocks.0.attention.w_v',
                'blocks.0.attention.w_out',
                'blocks.1.attention.w_q',
                'blocks.1.attention.w_k',
                'blocks.1.attention.w_v',
                'blocks.1.attention.w_out',
                'blocks.2.attention.w_q',
                'blocks.2.attention.w_k',
                'blocks.2.attention.w_v',
                'blocks.2.attention.w_out',
                'blocks.3.attention.w_q',
                'blocks.3.attention.w_k',
                'blocks.3.attention.w_v',
                'blocks.3.attention.w_out',
                'blocks.4.attention.w_q',
                'blocks.4.attention.w_k',
                'blocks.4.attention.w_v',
                'blocks.4.attention.w_out',
                'blocks.5.attention.w_q',
                'blocks.5.attention.w_k',
                'blocks.5.attention.w_v',
                'blocks.5.attention.w_out',
                'blocks.6.attention.w_q',
                'blocks.6.attention.w_k',
                'blocks.6.attention.w_v',
                'blocks.6.attention.w_out',
                'blocks.7.attention.w_q',
                'blocks.7.attention.w_k',
                'blocks.7.attention.w_v',
                'blocks.7.attention.w_out',
                'blocks.8.attention.w_q',
                'blocks.8.attention.w_k',
                'blocks.8.attention.w_v',
                'blocks.8.attention.w_out',
                'blocks.9.attention.w_q',
                'blocks.9.attention.w_k',
                'blocks.9.attention.w_v',
                'blocks.9.attention.w_out',
                'blocks.10.attention.w_q',
                'blocks.10.attention.w_k',
                'blocks.10.attention.w_v',
                'blocks.10.attention.w_out',
                'blocks.11.attention.w_q',
                'blocks.11.attention.w_k',
                'blocks.11.attention.w_v',
                'blocks.11.attention.w_out',
                'blocks.12.attention.w_q',
                'blocks.12.attention.w_k',
                'blocks.12.attention.w_v',
                'blocks.12.attention.w_out',
                'blocks.13.attention.w_q',
                'blocks.13.attention.w_k',
                'blocks.13.attention.w_v',
                'blocks.13.attention.w_out',
                'blocks.14.attention.w_q',
                'blocks.14.attention.w_k',
                'blocks.14.attention.w_v',
                'blocks.14.attention.w_out',
                'blocks.15.attention.w_q',
                'blocks.15.attention.w_k',
                'blocks.15.attention.w_v',
                'blocks.15.attention.w_out',
                'blocks.16.attention.w_q',
                'blocks.16.attention.w_k',
                'blocks.16.attention.w_v',
                'blocks.16.attention.w_out',
                'blocks.17.attention.w_q',
                'blocks.17.attention.w_k',
                'blocks.17.attention.w_v',
                'blocks.17.attention.w_out',
                'blocks.18.attention.w_q',
                'blocks.18.attention.w_k',
                'blocks.18.attention.w_v',
                'blocks.18.attention.w_out',
                'blocks.19.attention.w_q',
                'blocks.19.attention.w_k',
                'blocks.19.attention.w_v',
                'blocks.19.attention.w_out',
                'blocks.20.attention.w_q',
                'blocks.20.attention.w_k',
                'blocks.20.attention.w_v',
                'blocks.20.attention.w_out',
                'blocks.21.attention.w_q',
                'blocks.21.attention.w_k',
                'blocks.21.attention.w_v',
                'blocks.21.attention.w_out',
                'blocks.22.attention.w_q',
                'blocks.22.attention.w_k',
                'blocks.22.attention.w_v',
                'blocks.22.attention.w_out',
                'blocks.23.attention.w_q',
                'blocks.23.attention.w_k',
                'blocks.23.attention.w_v',
                'blocks.23.attention.w_out',
                'blocks.24.attention.w_q',
                'blocks.24.attention.w_k',
                'blocks.24.attention.w_v',
                'blocks.24.attention.w_out',
                'blocks.25.attention.w_q',
                'blocks.25.attention.w_k',
                'blocks.25.attention.w_v',
                'blocks.25.attention.w_out',
                'blocks.26.attention.w_q',
                'blocks.26.attention.w_k',
                'blocks.26.attention.w_v',
                'blocks.26.attention.w_out',
                'blocks.27.attention.w_q',
                'blocks.27.attention.w_k',
                'blocks.27.attention.w_v',
                'blocks.27.attention.w_out',
                'blocks.28.attention.w_q',
                'blocks.28.attention.w_k',
                'blocks.28.attention.w_v',
                'blocks.28.attention.w_out',
                'blocks.29.attention.w_q',
                'blocks.29.attention.w_k',
                'blocks.29.attention.w_v',
                'blocks.29.attention.w_out',
                'blocks.30.attention.w_q',
                'blocks.30.attention.w_k',
                'blocks.30.attention.w_v',
                'blocks.30.attention.w_out',
                'blocks.31.attention.w_q',
                'blocks.31.attention.w_k',
                'blocks.31.attention.w_v',
                'blocks.31.attention.w_out'
            ],
            enabled=True
        ),
        pp_config=None,
        dp_config=TransformerDataParallelConfig(
            name='hsdp',
            param_dtype='bfloat16',
            reduce_dtype='float32',
            num_replicas=None,
            shard_degree=4,
            wrapping_strategy='full',
            prefetch_factor=0
        ),
        tp_config=None,
        cp_config=TransformerContextParallelConfig(degree=2, ring=RingContextParallelStyle(load_balancer='llama3', head_stride=1), uly=None),
        ep_config=None,
        ac_config=TransformerActivationCheckpointingConfig(mode='budget', block_interval=None, modules=None, activation_memory_budget=0.8),
        z_loss_multiplier=None,
        state_dict_save_opts=None,
        state_dict_load_opts=None,
        load_key_mapping=None,
        autocast_precision=None,
        label_ignore_index=-100
    ),
    trainer=TrainerConfig(
        save_folder='/tmp/olmo-sft/output/internal/checkpoints/fields/olmo-sft/olmo3-7b-sft-fp8-niicluster',
        work_dir=None,
        load_path=None,
        load_strategy='never',
        load_optim_state=None,
        load_trainer_state=None,
        checkpointer=CheckpointerConfig(work_dir=None, save_overwrite=None, pre_download=False, save_thread_count=1, load_thread_count=32, throttle_uploads=True),
        device=None,
        save_overwrite=True,
        max_duration=Duration(value=1, unit='epochs'),
        cancel_check_interval=10,
        hard_stop=None,
        metrics_collect_interval=10,
        callbacks={
            'gpu_monitor': GPUMemoryMonitorCallback(device_id=None, _num_alloc_retries=0),
            'config_saver': ConfigSaverCallback(fname='config.json', save_data_paths=None, data_paths_fname=None, _config=None),
            'garbage_collector': GarbageCollectorCallback(gc_interval=1000, enabled=True, _start_state=None),
            'checkpointer': CheckpointerCallback(
                save_interval=1000,
                ephemeral_save_interval=250,
                pre_train_checkpoint=None,
                save_async=True,
                remove='ephemeral_only',
                ephemeral_cooldown=None,
                fixed_steps=None,
                enabled=True,
                _latest_checkpoint_step=-1,
                _latest_checkpoint_path='',
                _checkpoints=[],
                _ephemeral_checkpoints=[],
                _checkpoints_to_remove=[]
            ),
            'checkpoint_retention': KeepLastNCheckpoints(keep_last=2, save_interval=1000, _persistent=[]),
            'wandb': WandBCallback(
                enabled=True,
                name='olmo3-7b-sft-fp8-niicluster',
                project='olmo3-7b-sft',
                entity=None,
                group=None,
                tags=None,
                notes=None,
                config=None,
                cancel_tags=['cancel', 'canceled', 'cancelled'],
                cancel_check_interval=10,
                _finalized=False
            )
        },
        async_bookkeeping=None,
        bookkeeping_soft_timeout=30,
        no_checkpoints=False,
        no_evals=False,
        steps_to_skip=None
    ),
    init_seed=33333
)
rallelConfig(degree=2, ring=RingContextParallelStyle(load_balancer='llama3', head_stride=1), uly=None),
        ep_config=None,
        ac_config=TransformerActivationCheckpointingConfig(mode='budget', block_interval=None, modules=None, activation_memory_budget=0.8),
        z_loss_multiplier=None,
        state_dict_save_opts=None,
        state_dict_load_opts=None,
        load_key_mapping=None,
        autocast_precision=None,
        label_ignore_index=-100
    ),
    trainer=TrainerConfig(
        save_folder='/tmp/olmo-sft/output/internal/checkpoints/fields/olmo-sft/olmo3-7b-sft-fp8-niicluster',
        work_dir=None,
        load_path=None,
        load_strategy='never',
        load_optim_state=None,
        load_trainer_state=None,
        checkpointer=CheckpointerConfig(work_dir=None, save_overwrite=None, pre_download=False, save_thread_count=1, load_thread_count=32, throttle_uploads=True),
        device=None,
        save_overwrite=True,
        max_duration=Duration(value=1, unit='epochs'),
        cancel_check_interval=10,
        hard_stop=None,
        metrics_collect_interval=10,
        callbacks={
            'gpu_monitor': GPUMemoryMonitorCallback(device_id=None, _num_alloc_retries=0),
            'config_saver': ConfigSaverCallback(fname='config.json', save_data_paths=None, data_paths_fname=None, _config=None),
            'garbage_collector': GarbageCollectorCallback(gc_interval=1000, enabled=True, _start_state=None),
            'checkpointer': CheckpointerCallback(
                save_interval=1000,
                ephemeral_save_interval=250,
                pre_train_checkpoint=None,
                save_async=True,
                remove='ephemeral_only',
                ephemeral_cooldown=None,
                fixed_steps=None,
                enabled=True,
                _latest_checkpoint_step=-1,
                _latest_checkpoint_path='',
                _checkpoints=[],
                _ephemeral_checkpoints=[],
                _checkpoints_to_remove=[]
            ),
            'checkpoint_retention': KeepLastNCheckpoints(keep_last=2, save_interval=1000, _persistent=[]),
            'wandb': WandBCallback(
                enabled=True,
                name='olmo3-7b-sft-fp8-niicluster',
                project='olmo3-7b-sft',
                entity=None,
                group=None,
                tags=None,
                notes=None,
                config=None,
                cancel_tags=['cancel', 'canceled', 'cancelled'],
                cancel_check_interval=10,
                _finalized=False
            )
        },
        async_bookkeeping=None,
        bookkeeping_soft_timeout=30,
        no_checkpoints=False,
        no_evals=False,
        steps_to_skip=None
    ),
    init_seed=33333
)
SFTConfig(
    run_name='olmo3-7b-sft-fp8-niicluster',
    launch=None,
    model=TransformerConfig(
        d_model=4096,
        vocab_size=100352,
        n_layers=32,
        block=TransformerBlockConfig(
            sequence_mixer=AttentionConfig(
                name='default',
                n_heads=32,
                n_kv_heads=None,
                head_dim=None,
                bias=False,
                gate=None,
                rope=RoPEConfig(name='default', theta=500000, full_precision=True, no_global_rope=False, scaling=None),
                clip_qkv=None,
                qk_norm=LayerNormConfig(name='rms', eps=1e-06, elementwise_affine=None, bias=False, full_precision=None, dtype='float32'),
                dropout=None,
                use_flash=None,
                backend='flash_2',
                dtype='float32',
                sliding_window=SlidingWindowAttentionConfig(pattern=[4096, 4096, 4096, -1], force_full_attention_on_first_layer=False, force_full_attention_on_last_layer=True),
                use_head_qk_norm=False
            ),
            layer_norm=LayerNormConfig(name='rms', eps=1e-06, elementwise_affine=None, bias=False, full_precision=None, dtype='float32'),
            feed_forward=FeedForwardConfig(hidden_size=11008, name='default', bias=False, dtype='float32', activation='silu'),
            feed_forward_moe=None,
            name='reordered_norm',
            dropout=None,
            attention_residual_alpha=None,
            feed_forward_residual_alpha=None
        ),
        lm_head=LMHeadConfig(
            name='default',
            layer_norm=LayerNormConfig(name='rms', eps=1e-06, elementwise_affine=None, bias=False, full_precision=None, dtype='float32'),
            bias=False,
            dtype='float32',
            loss_implementation='fused_linear'
        ),
        embedding_norm=None,
        name='default',
        dtype='float32',
        init_method='normal',
        init_seed=0,
        init_std=0.02,
        embedding_init_std=None,
        freeze_params=None,
        block_pattern=None,
        block_overrides={
            3: TransformerBlockConfig(
                sequence_mixer=AttentionConfig(
                    name='default',
                    n_heads=32,
                    n_kv_heads=None,
                    head_dim=None,
                    bias=False,
                    gate=None,
                    rope=RoPEConfig(
                        name='default',
                        theta=500000,
                        full_precision=True,
                        no_global_rope=False,
                        scaling=YaRNRoPEScalingConfig(factor=8.0, beta_fast=32, beta_slow=1, old_context_len=8192)
                    ),
                    clip_qkv=None,
                    qk_norm=LayerNormConfig(name='rms', eps=1e-06, elementwise_affine=None, bias=False, full_precision=None, dtype='float32'),
                    dropout=None,
                    use_flash=None,
                    backend='flash_2',
                    dtype='float32',
                    sliding_window=SlidingWindowAttentionConfig(
                        pattern=[4096, 4096, 4096, -1],
                        force_full_attention_on_first_layer=False,
                        force_full_attention_on_last_layer=True
                    ),
                    use_head_qk_norm=False
                ),
                layer_norm=LayerNormConfig(name='rms', eps=1e-06, elementwise_affine=None, bias=False, full_precision=None, dtype='float32'),
                feed_forward=FeedForwardConfig(hidden_size=11008, name='default', bias=False, dtype='float32', activation='silu'),
                feed_forward_moe=None,
                name='reordered_norm',
                dropout=None,
                attention_residual_alpha=None,
                feed_forward_residual_alpha=None
            ),
            7: TransformerBlockConfig(
                sequence_mixer=AttentionConfig(
                    name='default',
                    n_heads=32,
                    n_kv_heads=None,
                    head_dim=None,
                    bias=False,
                    gate=None,
                    rope=RoPEConfig(
                        name='default',
                        theta=500000,
                        full_precision=True,
                        no_global_rope=False,
                        scaling=YaRNRoPEScalingConfig(factor=8.0, beta_fast=32, beta_slow=1, old_context_len=8192)
                    ),
                    clip_qkv=None,
                    qk_norm=LayerNormConfig(name='rms', eps=1e-06, elementwise_affine=None, bias=False, full_precision=None, dtype='float32'),
                    dropout=None,
                    use_flash=None,
                    backend='flash_2',
                    dtype='float32',
                    sliding_window=SlidingWindowAttentionConfig(
                        pattern=[4096, 4096, 4096, -1],
                        force_full_attention_on_first_layer=False,
                        force_full_attention_on_last_layer=True
                    ),
                    use_head_qk_norm=False
                ),
                layer_norm=LayerNormConfig(name='rms', eps=1e-06, elementwise_affine=None, bias=False, full_precision=None, dtype='float32'),
                feed_forward=FeedForwardConfig(hidden_size=11008, name='default', bias=False, dtype='float32', activation='silu'),
                feed_forward_moe=None,
                name='reordered_norm',
                dropout=None,
                attention_residual_alpha=None,
                feed_forward_residual_alpha=None
            ),
            11: TransformerBlockConfig(
                sequence_mixer=AttentionConfig(
                    name='default',
                    n_heads=32,
                    n_kv_heads=None,
                    head_dim=None,
                    bias=False,
                    gate=None,
                    rope=RoPEConfig(
                        name='default',
                        theta=500000,
                        full_precision=True,
                        no_global_rope=False,
                        scaling=YaRNRoPEScalingConfig(factor=8.0, beta_fast=32, beta_slow=1, old_context_len=8192)
                    ),
                    clip_qkv=None,
                    qk_norm=LayerNormConfig(name='rms', eps=1e-06, elementwise_affine=None, bias=False, full_precision=None, dtype='float32'),
                    dropout=None,
                    use_flash=None,
                    backend='flash_2',
                    dtype='float32',
                    sliding_window=SlidingWindowAttentionConfig(
                        pattern=[4096, 4096, 4096, -1],
                        force_full_attention_on_first_layer=False,
                        force_full_attention_on_last_layer=True
                    ),
                    use_head_qk_norm=False
                ),
                layer_norm=LayerNormConfig(name='rms', eps=1e-06, elementwise_affine=None, bias=False, full_precision=None, dtype='float32'),
                feed_forward=FeedForwardConfig(hidden_size=11008, name='default', bias=False, dtype='float32', activation='silu'),
                feed_forward_moe=None,
                name='reordered_norm',
                dropout=None,
                attention_residual_alpha=None,
                feed_forward_residual_alpha=None
            ),
            15: TransformerBlockConfig(
                sequence_mixer=AttentionConfig(
                    name='default',
                    n_heads=32,
                    n_kv_heads=None,
                    head_dim=None,
                    bias=False,
                    gate=None,
                    rope=RoPEConfig(
                        name='default',
                        theta=500000,
                        full_precision=True,
                        no_global_rope=False,
                        scaling=YaRNRoPEScalingConfig(factor=8.0, beta_fast=32, beta_slow=1, old_context_len=8192)
                    ),
                    clip_qkv=None,
                    qk_norm=LayerNormConfig(name='rms', eps=1e-06, elementwise_affine=None, bias=False, full_precision=None, dtype='float32'),
                    dropout=None,
                    use_flash=None,
                    backend='flash_2',
                    dtype='float32',
                    sliding_window=SlidingWindowAttentionConfig(
                        pattern=[4096, 4096, 4096, -1],
                        force_full_attention_on_first_layer=False,
                        force_full_attention_on_last_layer=True
                    ),
                    use_head_qk_norm=False
                ),
                layer_norm=LayerNormConfig(name='rms', eps=1e-06, elementwise_affine=None, bias=False, full_precision=None, dtype='float32'),
                feed_forward=FeedForwardConfig(hidden_size=11008, name='default', bias=False, dtype='float32', activation='silu'),
                feed_forward_moe=None,
                name='reordered_norm',
                dropout=None,
                attention_residual_alpha=None,
                feed_forward_residual_alpha=None
            ),
            19: TransformerBlockConfig(
                sequence_mixer=AttentionConfig(
                    name='default',
                    n_heads=32,
                    n_kv_heads=None,
                    head_dim=None,
                    bias=False,
                    gate=None,
                    rope=RoPEConfig(
                        name='default',
                        theta=500000,
                        full_precision=True,
                        no_global_rope=False,
                        scaling=YaRNRoPEScalingConfig(factor=8.0, beta_fast=32, beta_slow=1, old_context_len=8192)
                    ),
                    clip_qkv=None,
                    qk_norm=LayerNormConfig(name='rms', eps=1e-06, elementwise_affine=None, bias=False, full_precision=None, dtype='float32'),
                    dropout=None,
                    use_flash=None,
                    backend='flash_2',
                    dtype='float32',
                    sliding_window=SlidingWindowAttentionConfig(
                        pattern=[4096, 4096, 4096, -1],
                        force_full_attention_on_first_layer=False,
                        force_full_attention_on_last_layer=True
                    ),
                    use_head_qk_norm=False
                ),
                layer_norm=LayerNormConfig(name='rms', eps=1e-06, elementwise_affine=None, bias=False, full_precision=None, dtype='float32'),
                feed_forward=FeedForwardConfig(hidden_size=11008, name='default', bias=False, dtype='float32', activation='silu'),
                feed_forward_moe=None,
                name='reordered_norm',
                dropout=None,
                attention_residual_alpha=None,
                feed_forward_residual_alpha=None
            ),
            23: TransformerBlockConfig(
                sequence_mixer=AttentionConfig(
                    name='default',
                    n_heads=32,
                    n_kv_heads=None,
                    head_dim=None,
                    bias=False,
                    gate=None,
                    rope=RoPEConfig(
                        name='default',
                        theta=500000,
                        full_precision=True,
                        no_global_rope=False,
                        scaling=YaRNRoPEScalingConfig(factor=8.0, beta_fast=32, beta_slow=1, old_context_len=8192)
                    ),
                    clip_qkv=None,
                    qk_norm=LayerNormConfig(name='rms', eps=1e-06, elementwise_affine=None, bias=False, full_precision=None, dtype='float32'),
                    dropout=None,
                    use_flash=None,
                    backend='flash_2',
                    dtype='float32',
                    sliding_window=SlidingWindowAttentionConfig(
                        pattern=[4096, 4096, 4096, -1],
                        force_full_attention_on_first_layer=False,
                        force_full_attention_on_last_layer=True
                    ),
                    use_head_qk_norm=False
                ),
                layer_norm=LayerNormConfig(name='rms', eps=1e-06, elementwise_affine=None, bias=False, full_precision=None, dtype='float32'),
                feed_forward=FeedForwardConfig(hidden_size=11008, name='default', bias=False, dtype='float32', activation='silu'),
                feed_forward_moe=None,
                name='reordered_norm',
                dropout=None,
                attention_residual_alpha=None,
                feed_forward_residual_alpha=None
            ),
            27: TransformerBlockConfig(
                sequence_mixer=AttentionConfig(
                    name='default',
                    n_heads=32,
                    n_kv_heads=None,
                    head_dim=None,
                    bias=False,
                    gate=None,
                    rope=RoPEConfig(
                        name='default',
                        theta=500000,
                        full_precision=True,
                        no_global_rope=False,
                        scaling=YaRNRoPEScalingConfig(factor=8.0, beta_fast=32, beta_slow=1, old_context_len=8192)
                    ),
                    clip_qkv=None,
                    qk_norm=LayerNormConfig(name='rms', eps=1e-06, elementwise_affine=None, bias=False, full_precision=None, dtype='float32'),
                    dropout=None,
                    use_flash=None,
                    backend='flash_2',
                    dtype='float32',
                    sliding_window=SlidingWindowAttentionConfig(
                        pattern=[4096, 4096, 4096, -1],
                        force_full_attention_on_first_layer=False,
                        force_full_attention_on_last_layer=True
                    ),
                    use_head_qk_norm=False
                ),
                layer_norm=LayerNormConfig(name='rms', eps=1e-06, elementwise_affine=None, bias=False, full_precision=None, dtype='float32'),
                feed_forward=FeedForwardConfig(hidden_size=11008, name='default', bias=False, dtype='float32', activation='silu'),
                feed_forward_moe=None,
                name='reordered_norm',
                dropout=None,
                attention_residual_alpha=None,
                feed_forward_residual_alpha=None
            ),
            31: TransformerBlockConfig(
                sequence_mixer=AttentionConfig(
                    name='default',
                    n_heads=32,
                    n_kv_heads=None,
                    head_dim=None,
                    bias=False,
                    gate=None,
                    rope=RoPEConfig(
                        name='default',
                        theta=500000,
                        full_precision=True,
                        no_global_rope=False,
                        scaling=YaRNRoPEScalingConfig(factor=8.0, beta_fast=32, beta_slow=1, old_context_len=8192)
                    ),
                    clip_qkv=None,
                    qk_norm=LayerNormConfig(name='rms', eps=1e-06, elementwise_affine=None, bias=False, full_precision=None, dtype='float32'),
                    dropout=None,
                    use_flash=None,
                    backend='flash_2',
                    dtype='float32',
                    sliding_window=SlidingWindowAttentionConfig(
                        pattern=[4096, 4096, 4096, -1],
                        force_full_attention_on_first_layer=False,
                        force_full_attention_on_last_layer=True
                    ),
                    use_head_qk_norm=False
                ),
                layer_norm=LayerNormConfig(name='rms', eps=1e-06, elementwise_affine=None, bias=False, full_precision=None, dtype='float32'),
                feed_forward=FeedForwardConfig(hidden_size=11008, name='default', bias=False, dtype='float32', activation='silu'),
                feed_forward_moe=None,
                name='reordered_norm',
                dropout=None,
                attention_residual_alpha=None,
                feed_forward_residual_alpha=None
            )
        },
        embed_scale=None
    ),
    dataset=NumpyPackedFSLDatasetConfig(
        tokenizer=TokenizerConfig(vocab_size=100278, eos_token_id=100257, pad_token_id=100277, bos_token_id=None, identifier='allenai/dolma2-tokenizer'),
        paths=['/tmp/olmo-sft/work/datasets/fields/olmocore/token_ids_part_*.npy'],
        mix=None,
        mix_base_dir=None,
        expand_glob=True,
        dtype=None,
        metadata=None,
        include_instance_metadata=True,
        instance_filter_config=None,
        source_permutation_seed=None,
        work_dir='/tmp/olmo-sft/output/internal/_work',
        ignore_fingerprint_mismatch=False,
        sequence_length=65536,
        generate_doc_lengths=True,
        label_mask_paths=['/tmp/olmo-sft/work/datasets/fields/olmocore/labels_mask_*.npy'],
        long_doc_strategy='truncate',
        source_group_size=1
    ),
    data_loader=NumpyDataLoaderConfig(
        global_batch_size=1048576,
        seed=34521,
        work_dir=None,
        num_threads=None,
        num_workers=4,
        prefetch_factor=None,
        target_device_type=None,
        ignore_fingerprint_mismatch=False
    ),
    train_module=TransformerTrainModuleConfig(
        rank_microbatch_size=65536,
        max_sequence_length=65536,
        optim=SkipStepAdamWConfig(
            group_overrides=None,
            compile=False,
            fixed_fields=('initial_lr',),
            lr=5e-05,
            betas=(0.9, 0.95),
            eps=1e-08,
            weight_decay=0.0,
            dtype='bfloat16',
            foreach=True,
            step_increment_bugfix=True,
            rolling_interval_length=128,
            sigma_factor=6
        ),
        max_grad_norm=1.0,
        scheduler=LinearWithWarmup(
            lr_field='lr',
            initial_lr_field='initial_lr',
            units='steps',
            alpha_f=0.0,
            t_max=None,
            warmup=None,
            warmup_steps=None,
            warmup_fraction=0.03,
            warmup_min_lr=0.0
        ),
        compile_model=True,
        float8_config=Float8Config(
            ao=None,
            ao_recipe='rowwise',
            ao_mx=None,
            modules_to_ignore=[
                'blocks.0.attention.w_q',
                'blocks.0.attention.w_k',
                'blocks.0.attention.w_v',
                'blocks.0.attention.w_out',
                'blocks.1.attention.w_q',
                'blocks.1.attention.w_k',
                'blocks.1.attention.w_v',
                'blocks.1.attention.w_out',
                'blocks.2.attention.w_q',
                'blocks.2.attention.w_k',
                'blocks.2.attention.w_v',
                'blocks.2.attention.w_out',
                'blocks.3.attention.w_q',
                'blocks.3.attention.w_k',
                'blocks.3.attention.w_v',
                'blocks.3.attention.w_out',
                'blocks.4.attention.w_q',
                'blocks.4.attention.w_k',
                'blocks.4.attention.w_v',
                'blocks.4.attention.w_out',
                'blocks.5.attention.w_q',
                'blocks.5.attention.w_k',
                'blocks.5.attention.w_v',
                'blocks.5.attention.w_out',
                'blocks.6.attention.w_q',
                'blocks.6.attention.w_k',
                'blocks.6.attention.w_v',
                'blocks.6.attention.w_out',
                'blocks.7.attention.w_q',
                'blocks.7.attention.w_k',
                'blocks.7.attention.w_v',
                'blocks.7.attention.w_out',
                'blocks.8.attention.w_q',
                'blocks.8.attention.w_k',
                'blocks.8.attention.w_v',
                'blocks.8.attention.w_out',
                'blocks.9.attention.w_q',
                'blocks.9.attention.w_k',
                'blocks.9.attention.w_v',
                'blocks.9.attention.w_out',
                'blocks.10.attention.w_q',
                'blocks.10.attention.w_k',
                'blocks.10.attention.w_v',
                'blocks.10.attention.w_out',
                'blocks.11.attention.w_q',
                'blocks.11.attention.w_k',
                'blocks.11.attention.w_v',
                'blocks.11.attention.w_out',
                'blocks.12.attention.w_q',
                'blocks.12.attention.w_k',
                'blocks.12.attention.w_v',
                'blocks.12.attention.w_out',
                'blocks.13.attention.w_q',
                'blocks.13.attention.w_k',
                'blocks.13.attention.w_v',
                'blocks.13.attention.w_out',
                'blocks.14.attention.w_q',
                'blocks.14.attention.w_k',
                'blocks.14.attention.w_v',
                'blocks.14.attention.w_out',
                'blocks.15.attention.w_q',
                'blocks.15.attention.w_k',
                'blocks.15.attention.w_v',
                'blocks.15.attention.w_out',
                'blocks.16.attention.w_q',
                'blocks.16.attention.w_k',
                'blocks.16.attention.w_v',
                'blocks.16.attention.w_out',
                'blocks.17.attention.w_q',
                'blocks.17.attention.w_k',
                'blocks.17.attention.w_v',
                'blocks.17.attention.w_out',
                'blocks.18.attention.w_q',
                'blocks.18.attention.w_k',
                'blocks.18.attention.w_v',
                'blocks.18.attention.w_out',
                'blocks.19.attention.w_q',
                'blocks.19.attention.w_k',
                'blocks.19.attention.w_v',
                'blocks.19.attention.w_out',
                'blocks.20.attention.w_q',
                'blocks.20.attention.w_k',
                'blocks.20.attention.w_v',
                'blocks.20.attention.w_out',
                'blocks.21.attention.w_q',
                'blocks.21.attention.w_k',
                'blocks.21.attention.w_v',
                'blocks.21.attention.w_out',
                'blocks.22.attention.w_q',
                'blocks.22.attention.w_k',
                'blocks.22.attention.w_v',
                'blocks.22.attention.w_out',
                'blocks.23.attention.w_q',
                'blocks.23.attention.w_k',
                'blocks.23.attention.w_v',
                'blocks.23.attention.w_out',
                'blocks.24.attention.w_q',
                'blocks.24.attention.w_k',
                'blocks.24.attention.w_v',
                'blocks.24.attention.w_out',
                'blocks.25.attention.w_q',
                'blocks.25.attention.w_k',
                'blocks.25.attention.w_v',
                'blocks.25.attention.w_out',
                'blocks.26.attention.w_q',
                'blocks.26.attention.w_k',
                'blocks.26.attention.w_v',
                'blocks.26.attention.w_out',
                'blocks.27.attention.w_q',
                'blocks.27.attention.w_k',
                'blocks.27.attention.w_v',
                'blocks.27.attention.w_out',
                'blocks.28.attention.w_q',
                'blocks.28.attention.w_k',
                'blocks.28.attention.w_v',
                'blocks.28.attention.w_out',
                'blocks.29.attention.w_q',
                'blocks.29.attention.w_k',
                'blocks.29.attention.w_v',
                'blocks.29.attention.w_out',
                'blocks.30.attention.w_q',
                'blocks.30.attention.w_k',
                'blocks.30.attention.w_v',
                'blocks.30.attention.w_out',
                'blocks.31.attention.w_q',
                'blocks.31.attention.w_k',
                'blocks.31.attention.w_v',
                'blocks.31.attention.w_out'
            ],
            enabled=True
        ),
        pp_config=None,
        dp_config=TransformerDataParallelConfig(
            name='hsdp',
            param_dtype='bfloat16',
            reduce_dtype='float32',
            num_replicas=None,
            shard_degree=4,
            wrapping_strategy='full',
            prefetch_factor=0
        ),
        tp_config=None,
        cp_config=TransformerContextParallelConfig(degree=2, ring=RingContextParallelStyle(load_balancer='llama3', head_stride=1), uly=None),
        ep_config=None,
        ac_config=TransformerActivationCheckpointingConfig(mode='budget', block_interval=None, modules=None, activation_memory_budget=0.8),
        z_loss_multiplier=None,
        state_dict_save_opts=None,
        state_dict_load_opts=None,
        load_key_mapping=None,
        autocast_precision=None,
        label_ignore_index=-100
    ),
    trainer=TrainerConfig(
        save_folder='/tmp/olmo-sft/output/internal/checkpoints/fields/olmo-sft/olmo3-7b-sft-fp8-niicluster',
        work_dir=None,
        load_path=None,
        load_strategy='never',
        load_optim_state=None,
        load_trainer_state=None,
        checkpointer=CheckpointerConfig(work_dir=None, save_overwrite=None, pre_download=False, save_thread_count=1, load_thread_count=32, throttle_uploads=True),
        device=None,
        save_overwrite=True,
        max_duration=Duration(value=1, unit='epochs'),
        cancel_check_interval=10,
        hard_stop=None,
        metrics_collect_interval=10,
        callbacks={
            'gpu_monitor': GPUMemoryMonitorCallback(device_id=None, _num_alloc_retries=0),
            'config_saver': ConfigSaverCallback(fname='config.json', save_data_paths=None, data_paths_fname=None, _config=None),
            'garbage_collector': GarbageCollectorCallback(gc_interval=1000, enabled=True, _start_state=None),
            'checkpointer': CheckpointerCallback(
                save_interval=1000,
                ephemeral_save_interval=250,
                pre_train_checkpoint=None,
                save_async=True,
                remove='ephemeral_only',
                ephemeral_cooldown=None,
                fixed_steps=None,
                enabled=True,
                _latest_checkpoint_step=-1,
                _latest_checkpoint_path='',
                _checkpoints=[],
                _ephemeral_checkpoints=[],
                _checkpoints_to_remove=[]
            ),
            'checkpoint_retention': KeepLastNCheckpoints(keep_last=2, save_interval=1000, _persistent=[]),
            'wandb': WandBCallback(
                enabled=True,
                name='olmo3-7b-sft-fp8-niicluster',
                project='olmo3-7b-sft',
                entity=None,
                group=None,
                tags=None,
                notes=None,
                config=None,
                cancel_tags=['cancel', 'canceled', 'cancelled'],
                cancel_check_interval=10,
                _finalized=False
            )
        },
        async_bookkeeping=None,
        bookkeeping_soft_timeout=30,
        no_checkpoints=False,
        no_evals=False,
        steps_to_skip=None
    ),
    init_seed=33333
)
SFTConfig(
    run_name='olmo3-7b-sft-fp8-niicluster',
    launch=None,
    model=TransformerConfig(
        d_model=4096,
        vocab_size=100352,
        n_layers=32,
        block=TransformerBlockConfig(
            sequence_mixer=AttentionConfig(
                name='default',
                n_heads=32,
                n_kv_heads=None,
                head_dim=None,
                bias=False,
                gate=None,
                rope=RoPEConfig(name='default', theta=500000, full_precision=True, no_global_rope=False, scaling=None),
                clip_qkv=None,
                qk_norm=LayerNormConfig(name='rms', eps=1e-06, elementwise_affine=None, bias=False, full_precision=None, dtype='float32'),
                dropout=None,
                use_flash=None,
                backend='flash_2',
                dtype='float32',
                sliding_window=SlidingWindowAttentionConfig(pattern=[4096, 4096, 4096, -1], force_full_attention_on_first_layer=False, force_full_attention_on_last_layer=True),
                use_head_qk_norm=False
            ),
            layer_norm=LayerNormConfig(name='rms', eps=1e-06, elementwise_affine=None, bias=False, full_precision=None, dtype='float32'),
            feed_forward=FeedForwardConfig(hidden_size=11008, name='default', bias=False, dtype='float32', activation='silu'),
            feed_forward_moe=None,
            name='reordered_norm',
            dropout=None,
            attention_residual_alpha=None,
            feed_forward_residual_alpha=None
        ),
        lm_head=LMHeadConfig(
            name='default',
            layer_norm=LayerNormConfig(name='rms', eps=1e-06, elementwise_affine=None, bias=False, full_precision=None, dtype='float32'),
            bias=False,
            dtype='float32',
            loss_implementation='fused_linear'
        ),
        embedding_norm=None,
        name='default',
        dtype='float32',
        init_method='normal',
        init_seed=0,
        init_std=0.02,
        embedding_init_std=None,
        freeze_params=None,
        block_pattern=None,
        block_overrides={
            3: TransformerBlockConfig(
                sequence_mixer=AttentionConfig(
                    name='default',
                    n_heads=32,
                    n_kv_heads=None,
                    head_dim=None,
                    bias=False,
                    gate=None,
                    rope=RoPEConfig(
                        name='default',
                        theta=500000,
                        full_precision=True,
                        no_global_rope=False,
                        scaling=YaRNRoPEScalingConfig(factor=8.0, beta_fast=32, beta_slow=1, old_context_len=8192)
                    ),
                    clip_qkv=None,
                    qk_norm=LayerNormConfig(name='rms', eps=1e-06, elementwise_affine=None, bias=False, full_precision=None, dtype='float32'),
                    dropout=None,
                    use_flash=None,
                    backend='flash_2',
                    dtype='float32',
                    sliding_window=SlidingWindowAttentionConfig(
                        pattern=[4096, 4096, 4096, -1],
                        force_full_attention_on_first_layer=False,
                        force_full_attention_on_last_layer=True
                    ),
                    use_head_qk_norm=False
                ),
                layer_norm=LayerNormConfig(name='rms', eps=1e-06, elementwise_affine=None, bias=False, full_precision=None, dtype='float32'),
                feed_forward=FeedForwardConfig(hidden_size=11008, name='default', bias=False, dtype='float32', activation='silu'),
                feed_forward_moe=None,
                name='reordered_norm',
                dropout=None,
                attention_residual_alpha=None,
                feed_forward_residual_alpha=None
            ),
            7: TransformerBlockConfig(
                sequence_mixer=AttentionConfig(
                    name='default',
                    n_heads=32,
                    n_kv_heads=None,
                    head_dim=None,
                    bias=False,
                    gate=None,
                    rope=RoPEConfig(
                        name='default',
                        theta=500000,
                        full_precision=True,
                        no_global_rope=False,
                        scaling=YaRNRoPEScalingConfig(factor=8.0, beta_fast=32, beta_slow=1, old_context_len=8192)
                    ),
                    clip_qkv=None,
                    qk_norm=LayerNormConfig(name='rms', eps=1e-06, elementwise_affine=None, bias=False, full_precision=None, dtype='float32'),
                    dropout=None,
                    use_flash=None,
                    backend='flash_2',
                    dtype='float32',
                    sliding_window=SlidingWindowAttentionConfig(
                        pattern=[4096, 4096, 4096, -1],
                        force_full_attention_on_first_layer=False,
                        force_full_attention_on_last_layer=True
                    ),
                    use_head_qk_norm=False
                ),
                layer_norm=LayerNormConfig(name='rms', eps=1e-06, elementwise_affine=None, bias=False, full_precision=None, dtype='float32'),
                feed_forward=FeedForwardConfig(hidden_size=11008, name='default', bias=False, dtype='float32', activation='silu'),
                feed_forward_moe=None,
                name='reordered_norm',
                dropout=None,
                attention_residual_alpha=None,
                feed_forward_residual_alpha=None
            ),
            11: TransformerBlockConfig(
                sequence_mixer=AttentionConfig(
                    name='default',
                    n_heads=32,
                    n_kv_heads=None,
                    head_dim=None,
                    bias=False,
                    gate=None,
                    rope=RoPEConfig(
                        name='default',
                        theta=500000,
                        full_precision=True,
                        no_global_rope=False,
                        scaling=YaRNRoPEScalingConfig(factor=8.0, beta_fast=32, beta_slow=1, old_context_len=8192)
                    ),
                    clip_qkv=None,
                    qk_norm=LayerNormConfig(name='rms', eps=1e-06, elementwise_affine=None, bias=False, full_precision=None, dtype='float32'),
                    dropout=None,
                    use_flash=None,
                    backend='flash_2',
                    dtype='float32',
                    sliding_window=SlidingWindowAttentionConfig(
                        pattern=[4096, 4096, 4096, -1],
                        force_full_attention_on_first_layer=False,
                        force_full_attention_on_last_layer=True
                    ),
                    use_head_qk_norm=False
                ),
                layer_norm=LayerNormConfig(name='rms', eps=1e-06, elementwise_affine=None, bias=False, full_precision=None, dtype='float32'),
                feed_forward=FeedForwardConfig(hidden_size=11008, name='default', bias=False, dtype='float32', activation='silu'),
                feed_forward_moe=None,
                name='reordered_norm',
                dropout=None,
                attention_residual_alpha=None,
                feed_forward_residual_alpha=None
            ),
            15: TransformerBlockConfig(
                sequence_mixer=AttentionConfig(
                    name='default',
                    n_heads=32,
                    n_kv_heads=None,
                    head_dim=None,
                    bias=False,
                    gate=None,
                    rope=RoPEConfig(
                        name='default',
                        theta=500000,
                        full_precision=True,
                        no_global_rope=False,
                        scaling=YaRNRoPEScalingConfig(factor=8.0, beta_fast=32, beta_slow=1, old_context_len=8192)
                    ),
                    clip_qkv=None,
                    qk_norm=LayerNormConfig(name='rms', eps=1e-06, elementwise_affine=None, bias=False, full_precision=None, dtype='float32'),
                    dropout=None,
                    use_flash=None,
                    backend='flash_2',
                    dtype='float32',
                    sliding_window=SlidingWindowAttentionConfig(
                        pattern=[4096, 4096, 4096, -1],
                        force_full_attention_on_first_layer=False,
                        force_full_attention_on_last_layer=True
                    ),
                    use_head_qk_norm=False
                ),
                layer_norm=LayerNormConfig(name='rms', eps=1e-06, elementwise_affine=None, bias=False, full_precision=None, dtype='float32'),
                feed_forward=FeedForwardConfig(hidden_size=11008, name='default', bias=False, dtype='float32', activation='silu'),
                feed_forward_moe=None,
                name='reordered_norm',
                dropout=None,
                attention_residual_alpha=None,
                feed_forward_residual_alpha=None
            ),
            19: TransformerBlockConfig(
                sequence_mixer=AttentionConfig(
                    name='default',
                    n_heads=32,
                    n_kv_heads=None,
                    head_dim=None,
                    bias=False,
                    gate=None,
                    rope=RoPEConfig(
                        name='default',
                        theta=500000,
                        full_precision=True,
                        no_global_rope=False,
                        scaling=YaRNRoPEScalingConfig(factor=8.0, beta_fast=32, beta_slow=1, old_context_len=8192)
                    ),
                    clip_qkv=None,
                    qk_norm=LayerNormConfig(name='rms', eps=1e-06, elementwise_affine=None, bias=False, full_precision=None, dtype='float32'),
                    dropout=None,
                    use_flash=None,
                    backend='flash_2',
                    dtype='float32',
                    sliding_window=SlidingWindowAttentionConfig(
                        pattern=[4096, 4096, 4096, -1],
                        force_full_attention_on_first_layer=False,
                        force_full_attention_on_last_layer=True
                    ),
                    use_head_qk_norm=False
                ),
                layer_norm=LayerNormConfig(name='rms', eps=1e-06, elementwise_affine=None, bias=False, full_precision=None, dtype='float32'),
                feed_forward=FeedForwardConfig(hidden_size=11008, name='default', bias=False, dtype='float32', activation='silu'),
                feed_forward_moe=None,
                name='reordered_norm',
                dropout=None,
                attention_residual_alpha=None,
                feed_forward_residual_alpha=None
            ),
            23: TransformerBlockConfig(
                sequence_mixer=AttentionConfig(
                    name='default',
                    n_heads=32,
                    n_kv_heads=None,
                    head_dim=None,
                    bias=False,
                    gate=None,
                    rope=RoPEConfig(
                        name='default',
                        theta=500000,
                        full_precision=True,
                        no_global_rope=False,
                        scaling=YaRNRoPEScalingConfig(factor=8.0, beta_fast=32, beta_slow=1, old_context_len=8192)
                    ),
                    clip_qkv=None,
                    qk_norm=LayerNormConfig(name='rms', eps=1e-06, elementwise_affine=None, bias=False, full_precision=None, dtype='float32'),
                    dropout=None,
                    use_flash=None,
                    backend='flash_2',
                    dtype='float32',
                    sliding_window=SlidingWindowAttentionConfig(
                        pattern=[4096, 4096, 4096, -1],
                        force_full_attention_on_first_layer=False,
                        force_full_attention_on_last_layer=True
                    ),
                    use_head_qk_norm=False
                ),
                layer_norm=LayerNormConfig(name='rms', eps=1e-06, elementwise_affine=None, bias=False, full_precision=None, dtype='float32'),
                feed_forward=FeedForwardConfig(hidden_size=11008, name='default', bias=False, dtype='float32', activation='silu'),
                feed_forward_moe=None,
                name='reordered_norm',
                dropout=None,
                attention_residual_alpha=None,
                feed_forward_residual_alpha=None
            ),
            27: TransformerBlockConfig(
                sequence_mixer=AttentionConfig(
                    name='default',
                    n_heads=32,
                    n_kv_heads=None,
                    head_dim=None,
                    bias=False,
                    gate=None,
                    rope=RoPEConfig(
                        name='default',
                        theta=500000,
                        full_precision=True,
                        no_global_rope=False,
                        scaling=YaRNRoPEScalingConfig(factor=8.0, beta_fast=32, beta_slow=1, old_context_len=8192)
                    ),
                    clip_qkv=None,
                    qk_norm=LayerNormConfig(name='rms', eps=1e-06, elementwise_affine=None, bias=False, full_precision=None, dtype='float32'),
                    dropout=None,
                    use_flash=None,
                    backend='flash_2',
                    dtype='float32',
                    sliding_window=SlidingWindowAttentionConfig(
                        pattern=[4096, 4096, 4096, -1],
                        force_full_attention_on_first_layer=False,
                        force_full_attention_on_last_layer=True
                    ),
                    use_head_qk_norm=False
                ),
                layer_norm=LayerNormConfig(name='rms', eps=1e-06, elementwise_affine=None, bias=False, full_precision=None, dtype='float32'),
                feed_forward=FeedForwardConfig(hidden_size=11008, name='default', bias=False, dtype='float32', activation='silu'),
                feed_forward_moe=None,
                name='reordered_norm',
                dropout=None,
                attention_residual_alpha=None,
                feed_forward_residual_alpha=None
            ),
            31: TransformerBlockConfig(
                sequence_mixer=AttentionConfig(
                    name='default',
                    n_heads=32,
                    n_kv_heads=None,
                    head_dim=None,
                    bias=False,
                    gate=None,
                    rope=RoPEConfig(
                        name='default',
                        theta=500000,
                        full_precision=True,
                        no_global_rope=False,
                        scaling=YaRNRoPEScalingConfig(factor=8.0, beta_fast=32, beta_slow=1, old_context_len=8192)
                    ),
                    clip_qkv=None,
                    qk_norm=LayerNormConfig(name='rms', eps=1e-06, elementwise_affine=None, bias=False, full_precision=None, dtype='float32'),
                    dropout=None,
                    use_flash=None,
                    backend='flash_2',
                    dtype='float32',
                    sliding_window=SlidingWindowAttentionConfig(
                        pattern=[4096, 4096, 4096, -1],
                        force_full_attention_on_first_layer=False,
                        force_full_attention_on_last_layer=True
                    ),
                    use_head_qk_norm=False
                ),
                layer_norm=LayerNormConfig(name='rms', eps=1e-06, elementwise_affine=None, bias=False, full_precision=None, dtype='float32'),
                feed_forward=FeedForwardConfig(hidden_size=11008, name='default', bias=False, dtype='float32', activation='silu'),
                feed_forward_moe=None,
                name='reordered_norm',
                dropout=None,
                attention_residual_alpha=None,
                feed_forward_residual_alpha=None
            )
        },
        embed_scale=None
    ),
    dataset=NumpyPackedFSLDatasetConfig(
        tokenizer=TokenizerConfig(vocab_size=100278, eos_token_id=100257, pad_token_id=100277, bos_token_id=None, identifier='allenai/dolma2-tokenizer'),
        paths=['/tmp/olmo-sft/work/datasets/fields/olmocore/token_ids_part_*.npy'],
        mix=None,
        mix_base_dir=None,
        expand_glob=True,
        dtype=None,
        metadata=None,
        include_instance_metadata=True,
        instance_filter_config=None,
        source_permutation_seed=None,
        work_dir='/tmp/olmo-sft/output/internal/_work',
        ignore_fingerprint_mismatch=False,
        sequence_length=65536,
        generate_doc_lengths=True,
        label_mask_paths=['/tmp/olmo-sft/work/datasets/fields/olmocore/labels_mask_*.npy'],
        long_doc_strategy='truncate',
        source_group_size=1
    ),
    data_loader=NumpyDataLoaderConfig(
        global_batch_size=1048576,
        seed=34521,
        work_dir=None,
        num_threads=None,
        num_workers=4,
        prefetch_factor=None,
        target_device_type=None,
        ignore_fingerprint_mismatch=False
    ),
    train_module=TransformerTrainModuleConfig(
        rank_microbatch_size=65536,
        max_sequence_length=65536,
        optim=SkipStepAdamWConfig(
            group_overrides=None,
            compile=False,
            fixed_fields=('initial_lr',),
            lr=5e-05,
            betas=(0.9, 0.95),
            eps=1e-08,
            weight_decay=0.0,
            dtype='bfloat16',
            foreach=True,
            step_increment_bugfix=True,
            rolling_interval_length=128,
            sigma_factor=6
        ),
        max_grad_norm=1.0,
        scheduler=LinearWithWarmup(
            lr_field='lr',
            initial_lr_field='initial_lr',
            units='steps',
            alpha_f=0.0,
            t_max=None,
            warmup=None,
            warmup_steps=None,
            warmup_fraction=0.03,
            warmup_min_lr=0.0
        ),
        compile_model=True,
        float8_config=Float8Config(
            ao=None,
            ao_recipe='rowwise',
            ao_mx=None,
            modules_to_ignore=[
                'blocks.0.attention.w_q',
                'blocks.0.attention.w_k',
                'blocks.0.attention.w_v',
                'blocks.0.attention.w_out',
                'blocks.1.attention.w_q',
                'blocks.1.attention.w_k',
                'blocks.1.attention.w_v',
                'blocks.1.attention.w_out',
                'blocks.2.attention.w_q',
                'blocks.2.attention.w_k',
                'blocks.2.attention.w_v',
                'blocks.2.attention.w_out',
                'blocks.3.attention.w_q',
                'blocks.3.attention.w_k',
                'blocks.3.attention.w_v',
                'blocks.3.attention.w_out',
                'blocks.4.attention.w_q',
                'blocks.4.attention.w_k',
                'blocks.4.attention.w_v',
                'blocks.4.attention.w_out',
                'blocks.5.attention.w_q',
                'blocks.5.attention.w_k',
                'blocks.5.attention.w_v',
                'blocks.5.attention.w_out',
                'blocks.6.attention.w_q',
                'blocks.6.attention.w_k',
                'blocks.6.attention.w_v',
                'blocks.6.attention.w_out',
                'blocks.7.attention.w_q',
                'blocks.7.attention.w_k',
                'blocks.7.attention.w_v',
                'blocks.7.attention.w_out',
                'blocks.8.attention.w_q',
                'blocks.8.attention.w_k',
                'blocks.8.attention.w_v',
                'blocks.8.attention.w_out',
                'blocks.9.attention.w_q',
                'blocks.9.attention.w_k',
                'blocks.9.attention.w_v',
                'blocks.9.attention.w_out',
                'blocks.10.attention.w_q',
                'blocks.10.attention.w_k',
                'blocks.10.attention.w_v',
                'blocks.10.attention.w_out',
                'blocks.11.attention.w_q',
                'blocks.11.attention.w_k',
                'blocks.11.attention.w_v',
                'blocks.11.attention.w_out',
                'blocks.12.attention.w_q',
                'blocks.12.attention.w_k',
                'blocks.12.attention.w_v',
                'blocks.12.attention.w_out',
                'blocks.13.attention.w_q',
                'blocks.13.attention.w_k',
                'blocks.13.attention.w_v',
                'blocks.13.attention.w_out',
                'blocks.14.attention.w_q',
                'blocks.14.attention.w_k',
                'blocks.14.attention.w_v',
                'blocks.14.attention.w_out',
                'blocks.15.attention.w_q',
                'blocks.15.attention.w_k',
                'blocks.15.attention.w_v',
                'blocks.15.attention.w_out',
                'blocks.16.attention.w_q',
                'blocks.16.attention.w_k',
                'blocks.16.attention.w_v',
                'blocks.16.attention.w_out',
                'blocks.17.attention.w_q',
                'blocks.17.attention.w_k',
                'blocks.17.attention.w_v',
                'blocks.17.attention.w_out',
                'blocks.18.attention.w_q',
                'blocks.18.attention.w_k',
                'blocks.18.attention.w_v',
                'blocks.18.attention.w_out',
                'blocks.19.attention.w_q',
                'blocks.19.attention.w_k',
                'blocks.19.attention.w_v',
                'blocks.19.attention.w_out',
                'blocks.20.attention.w_q',
                'blocks.20.attention.w_k',
                'blocks.20.attention.w_v',
                'blocks.20.attention.w_out',
                'blocks.21.attention.w_q',
                'blocks.21.attention.w_k',
                'blocks.21.attention.w_v',
                'blocks.21.attention.w_out',
                'blocks.22.attention.w_q',
                'blocks.22.attention.w_k',
                'blocks.22.attention.w_v',
                'blocks.22.attention.w_out',
                'blocks.23.attention.w_q',
                'blocks.23.attention.w_k',
                'blocks.23.attention.w_v',
                'blocks.23.attention.w_out',
                'blocks.24.attention.w_q',
                'blocks.24.attention.w_k',
                'blocks.24.attention.w_v',
                'blocks.24.attention.w_out',
                'blocks.25.attention.w_q',
                'blocks.25.attention.w_k',
                'blocks.25.attention.w_v',
                'blocks.25.attention.w_out',
                'blocks.26.attention.w_q',
                'blocks.26.attention.w_k',
                'blocks.26.attention.w_v',
                'blocks.26.attention.w_out',
                'blocks.27.attention.w_q',
                'blocks.27.attention.w_k',
                'blocks.27.attention.w_v',
                'blocks.27.attention.w_out',
                'blocks.28.attention.w_q',
                'blocks.28.attention.w_k',
                'blocks.28.attention.w_v',
                'blocks.28.attention.w_out',
                'blocks.29.attention.w_q',
                'blocks.29.attention.w_k',
                'blocks.29.attention.w_v',
                'blocks.29.attention.w_out',
                'blocks.30.attention.w_q',
                'blocks.30.attention.w_k',
                'blocks.30.attention.w_v',
                'blocks.30.attention.w_out',
                'blocks.31.attention.w_q',
                'blocks.31.attention.w_k',
                'blocks.31.attention.w_v',
                'blocks.31.attention.w_out'
            ],
            enabled=True
        ),
        pp_config=None,
        dp_config=TransformerDataParallelConfig(
            name='hsdp',
            param_dtype='bfloat16',
            reduce_dtype='float32',
            num_replicas=None,
            shard_degree=4,
            wrapping_strategy='full',
            prefetch_factor=0
        ),
        tp_config=None,
        cp_config=TransformerContextParallelConfig(degree=2, ring=RingContextParallelStyle(load_balancer='llama3', head_stride=1), uly=None),
        ep_config=None,
        ac_config=TransformerActivationCheckpointingConfig(mode='budget', block_interval=None, modules=None, activation_memory_budget=0.8),
        z_loss_multiplier=None,
        state_dict_save_opts=None,
        state_dict_load_opts=None,
        load_key_mapping=None,
        autocast_precision=None,
        label_ignore_index=-100
    ),
    trainer=TrainerConfig(
        save_folder='/tmp/olmo-sft/output/internal/checkpoints/fields/olmo-sft/olmo3-7b-sft-fp8-niicluster',
        work_dir=None,
        load_path=None,
        load_strategy='never',
        load_optim_state=None,
        load_trainer_state=None,
        checkpointer=CheckpointerConfig(work_dir=None, save_overwrite=None, pre_download=False, save_thread_count=1, load_thread_count=32, throttle_uploads=True),
        device=None,
        save_overwrite=True,
        max_duration=Duration(value=1, unit='epochs'),
        cancel_check_interval=10,
        hard_stop=None,
        metrics_collect_interval=10,
        callbacks={
            'gpu_monitor': GPUMemoryMonitorCallback(device_id=None, _num_alloc_retries=0),
            'config_saver': ConfigSaverCallback(fname='config.json', save_data_paths=None, data_paths_fname=None, _config=None),
            'garbage_collector': GarbageCollectorCallback(gc_interval=1000, enabled=True, _start_state=None),
            'checkpointer': CheckpointerCallback(
                save_interval=1000,
                ephemeral_save_interval=250,
                pre_train_checkpoint=None,
                save_async=True,
                remove='ephemeral_only',
                ephemeral_cooldown=None,
                fixed_steps=None,
                enabled=True,
                _latest_checkpoint_step=-1,
                _latest_checkpoint_path='',
                _checkpoints=[],
                _ephemeral_checkpoints=[],
                _checkpoints_to_remove=[]
            ),
            'checkpoint_retention': KeepLastNCheckpoints(keep_last=2, save_interval=1000, _persistent=[]),
            'wandb': WandBCallback(
                enabled=True,
                name='olmo3-7b-sft-fp8-niicluster',
                project='olmo3-7b-sft',
                entity=None,
                group=None,
                tags=None,
                notes=None,
                config=None,
                cancel_tags=['cancel', 'canceled', 'cancelled'],
                cancel_check_interval=10,
                _finalized=False
            )
        },
        async_bookkeeping=None,
        bookkeeping_soft_timeout=30,
        no_checkpoints=False,
        no_evals=False,
        steps_to_skip=None
    ),
    init_seed=33333
)
SFTConfig(
    run_name='olmo3-7b-sft-fp8-niicluster',
    launch=None,
    model=TransformerConfig(
        d_model=4096,
        vocab_size=100352,
        n_layers=32,
        block=TransformerBlockConfig(
            sequence_mixer=AttentionConfig(
                name='default',
                n_heads=32,
                n_kv_heads=None,
                head_dim=None,
                bias=False,
                gate=None,
                rope=RoPEConfig(name='default', theta=500000, full_precision=True, no_global_rope=False, scaling=None),
                clip_qkv=None,
                qk_norm=LayerNormConfig(name='rms', eps=1e-06, elementwise_affine=None, bias=False, full_precision=None, dtype='float32'),
                dropout=None,
                use_flash=None,
                backend='flash_2',
                dtype='float32',
                sliding_window=SlidingWindowAttentionConfig(pattern=[4096, 4096, 4096, -1], force_full_attention_on_first_layer=False, force_full_attention_on_last_layer=True),
                use_head_qk_norm=False
            ),
            layer_norm=LayerNormConfig(name='rms', eps=1e-06, elementwise_affine=None, bias=False, full_precision=None, dtype='float32'),
            feed_forward=FeedForwardConfig(hidden_size=11008, name='default', bias=False, dtype='float32', activation='silu'),
            feed_forward_moe=None,
            name='reordered_norm',
            dropout=None,
            attention_residual_alpha=None,
            feed_forward_residual_alpha=None
        ),
        lm_head=LMHeadConfig(
            name='default',
            layer_norm=LayerNormConfig(name='rms', eps=1e-06, elementwise_affine=None, bias=False, full_precision=None, dtype='float32'),
            bias=False,
            dtype='float32',
            loss_implementation='fused_linear'
        ),
        embedding_norm=None,
        name='default',
        dtype='float32',
        init_method='normal',
        init_seed=0,
        init_std=0.02,
        embedding_init_std=None,
        freeze_params=None,
        block_pattern=None,
        block_overrides={
            3: TransformerBlockConfig(
                sequence_mixer=AttentionConfig(
                    name='default',
                    n_heads=32,
                    n_kv_heads=None,
                    head_dim=None,
                    bias=False,
                    gate=None,
                    rope=RoPEConfig(
                        name='default',
                        theta=500000,
                        full_precision=True,
                        no_global_rope=False,
                        scaling=YaRNRoPEScalingConfig(factor=8.0, beta_fast=32, beta_slow=1, old_context_len=8192)
                    ),
                    clip_qkv=None,
                    qk_norm=LayerNormConfig(name='rms', eps=1e-06, elementwise_affine=None, bias=False, full_precision=None, dtype='float32'),
                    dropout=None,
                    use_flash=None,
                    backend='flash_2',
                    dtype='float32',
                    sliding_window=SlidingWindowAttentionConfig(
                        pattern=[4096, 4096, 4096, -1],
                        force_full_attention_on_first_layer=False,
                        force_full_attention_on_last_layer=True
                    ),
                    use_head_qk_norm=False
                ),
                layer_norm=LayerNormConfig(name='rms', eps=1e-06, elementwise_affine=None, bias=False, full_precision=None, dtype='float32'),
                feed_forward=FeedForwardConfig(hidden_size=11008, name='default', bias=False, dtype='float32', activation='silu'),
                feed_forward_moe=None,
                name='reordered_norm',
                dropout=None,
                attention_residual_alpha=None,
                feed_forward_residual_alpha=None
            ),
            7: TransformerBlockConfig(
                sequence_mixer=AttentionConfig(
                    name='default',
                    n_heads=32,
                    n_kv_heads=None,
                    head_dim=None,
                    bias=False,
                    gate=None,
                    rope=RoPEConfig(
                        name='default',
                        theta=500000,
                        full_precision=True,
                        no_global_rope=False,
                        scaling=YaRNRoPEScalingConfig(factor=8.0, beta_fast=32, beta_slow=1, old_context_len=8192)
                    ),
                    clip_qkv=None,
                    qk_norm=LayerNormConfig(name='rms', eps=1e-06, elementwise_affine=None, bias=False, full_precision=None, dtype='float32'),
                    dropout=None,
                    use_flash=None,
                    backend='flash_2',
                    dtype='float32',
                    sliding_window=SlidingWindowAttentionConfig(
                        pattern=[4096, 4096, 4096, -1],
                        force_full_attention_on_first_layer=False,
                        force_full_attention_on_last_layer=True
                    ),
                    use_head_qk_norm=False
                ),
                layer_norm=LayerNormConfig(name='rms', eps=1e-06, elementwise_affine=None, bias=False, full_precision=None, dtype='float32'),
                feed_forward=FeedForwardConfig(hidden_size=11008, name='default', bias=False, dtype='float32', activation='silu'),
                feed_forward_moe=None,
                name='reordered_norm',
                dropout=None,
                attention_residual_alpha=None,
                feed_forward_residual_alpha=None
            ),
            11: TransformerBlockConfig(
                sequence_mixer=AttentionConfig(
                    name='default',
                    n_heads=32,
                    n_kv_heads=None,
                    head_dim=None,
                    bias=False,
                    gate=None,
                    rope=RoPEConfig(
                        name='default',
                        theta=500000,
                        full_precision=True,
                        no_global_rope=False,
                        scaling=YaRNRoPEScalingConfig(factor=8.0, beta_fast=32, beta_slow=1, old_context_len=8192)
                    ),
                    clip_qkv=None,
                    qk_norm=LayerNormConfig(name='rms', eps=1e-06, elementwise_affine=None, bias=False, full_precision=None, dtype='float32'),
                    dropout=None,
                    use_flash=None,
                    backend='flash_2',
                    dtype='float32',
                    sliding_window=SlidingWindowAttentionConfig(
                        pattern=[4096, 4096, 4096, -1],
                        force_full_attention_on_first_layer=False,
                        force_full_attention_on_last_layer=True
                    ),
                    use_head_qk_norm=False
                ),
                layer_norm=LayerNormConfig(name='rms', eps=1e-06, elementwise_affine=None, bias=False, full_precision=None, dtype='float32'),
                feed_forward=FeedForwardConfig(hidden_size=11008, name='default', bias=False, dtype='float32', activation='silu'),
                feed_forward_moe=None,
                name='reordered_norm',
                dropout=None,
                attention_residual_alpha=None,
                feed_forward_residual_alpha=None
            ),
            15: TransformerBlockConfig(
                sequence_mixer=AttentionConfig(
                    name='default',
                    n_heads=32,
                    n_kv_heads=None,
                    head_dim=None,
                    bias=False,
                    gate=None,
                    rope=RoPEConfig(
                        name='default',
                        theta=500000,
                        full_precision=True,
                        no_global_rope=False,
                        scaling=YaRNRoPEScalingConfig(factor=8.0, beta_fast=32, beta_slow=1, old_context_len=8192)
                    ),
                    clip_qkv=None,
                    qk_norm=LayerNormConfig(name='rms', eps=1e-06, elementwise_affine=None, bias=False, full_precision=None, dtype='float32'),
                    dropout=None,
                    use_flash=None,
                    backend='flash_2',
                    dtype='float32',
                    sliding_window=SlidingWindowAttentionConfig(
                        pattern=[4096, 4096, 4096, -1],
                        force_full_attention_on_first_layer=False,
                        force_full_attention_on_last_layer=True
                    ),
                    use_head_qk_norm=False
                ),
                layer_norm=LayerNormConfig(name='rms', eps=1e-06, elementwise_affine=None, bias=False, full_precision=None, dtype='float32'),
                feed_forward=FeedForwardConfig(hidden_size=11008, name='default', bias=False, dtype='float32', activation='silu'),
                feed_forward_moe=None,
                name='reordered_norm',
                dropout=None,
                attention_residual_alpha=None,
                feed_forward_residual_alpha=None
            ),
            19: TransformerBlockConfig(
                sequence_mixer=AttentionConfig(
                    name='default',
                    n_heads=32,
                    n_kv_heads=None,
                    head_dim=None,
                    bias=False,
                    gate=None,
                    rope=RoPEConfig(
                        name='default',
                        theta=500000,
                        full_precision=True,
                        no_global_rope=False,
                        scaling=YaRNRoPEScalingConfig(factor=8.0, beta_fast=32, beta_slow=1, old_context_len=8192)
                    ),
                    clip_qkv=None,
                    qk_norm=LayerNormConfig(name='rms', eps=1e-06, elementwise_affine=None, bias=False, full_precision=None, dtype='float32'),
                    dropout=None,
                    use_flash=None,
                    backend='flash_2',
                    dtype='float32',
                    sliding_window=SlidingWindowAttentionConfig(
                        pattern=[4096, 4096, 4096, -1],
                        force_full_attention_on_first_layer=False,
                        force_full_attention_on_last_layer=True
                    ),
                    use_head_qk_norm=False
                ),
                layer_norm=LayerNormConfig(name='rms', eps=1e-06, elementwise_affine=None, bias=False, full_precision=None, dtype='float32'),
                feed_forward=FeedForwardConfig(hidden_size=11008, name='default', bias=False, dtype='float32', activation='silu'),
                feed_forward_moe=None,
                name='reordered_norm',
                dropout=None,
                attention_residual_alpha=None,
                feed_forward_residual_alpha=None
            ),
            23: TransformerBlockConfig(
                sequence_mixer=AttentionConfig(
                    name='default',
                    n_heads=32,
                    n_kv_heads=None,
                    head_dim=None,
                    bias=False,
                    gate=None,
                    rope=RoPEConfig(
                        name='default',
                        theta=500000,
                        full_precision=True,
                        no_global_rope=False,
                        scaling=YaRNRoPEScalingConfig(factor=8.0, beta_fast=32, beta_slow=1, old_context_len=8192)
                    ),
                    clip_qkv=None,
                    qk_norm=LayerNormConfig(name='rms', eps=1e-06, elementwise_affine=None, bias=False, full_precision=None, dtype='float32'),
                    dropout=None,
                    use_flash=None,
                    backend='flash_2',
                    dtype='float32',
                    sliding_window=SlidingWindowAttentionConfig(
                        pattern=[4096, 4096, 4096, -1],
                        force_full_attention_on_first_layer=False,
                        force_full_attention_on_last_layer=True
                    ),
                    use_head_qk_norm=False
                ),
                layer_norm=LayerNormConfig(name='rms', eps=1e-06, elementwise_affine=None, bias=False, full_precision=None, dtype='float32'),
                feed_forward=FeedForwardConfig(hidden_size=11008, name='default', bias=False, dtype='float32', activation='silu'),
                feed_forward_moe=None,
                name='reordered_norm',
                dropout=None,
                attention_residual_alpha=None,
                feed_forward_residual_alpha=None
            ),
            27: TransformerBlockConfig(
                sequence_mixer=AttentionConfig(
                    name='default',
                    n_heads=32,
                    n_kv_heads=None,
                    head_dim=None,
                    bias=False,
                    gate=None,
                    rope=RoPEConfig(
                        name='default',
                        theta=500000,
                        full_precision=True,
                        no_global_rope=False,
                        scaling=YaRNRoPEScalingConfig(factor=8.0, beta_fast=32, beta_slow=1, old_context_len=8192)
                    ),
                    clip_qkv=None,
                    qk_norm=LayerNormConfig(name='rms', eps=1e-06, elementwise_affine=None, bias=False, full_precision=None, dtype='float32'),
                    dropout=None,
                    use_flash=None,
                    backend='flash_2',
                    dtype='float32',
                    sliding_window=SlidingWindowAttentionConfig(
                        pattern=[4096, 4096, 4096, -1],
                        force_full_attention_on_first_layer=False,
                        force_full_attention_on_last_layer=True
                    ),
                    use_head_qk_norm=False
                ),
                layer_norm=LayerNormConfig(name='rms', eps=1e-06, elementwise_affine=None, bias=False, full_precision=None, dtype='float32'),
                feed_forward=FeedForwardConfig(hidden_size=11008, name='default', bias=False, dtype='float32', activation='silu'),
                feed_forward_moe=None,
                name='reordered_norm',
                dropout=None,
                attention_residual_alpha=None,
                feed_forward_residual_alpha=None
            ),
            31: TransformerBlockConfig(
                sequence_mixer=AttentionConfig(
                    name='default',
                    n_heads=32,
                    n_kv_heads=None,
                    head_dim=None,
                    bias=False,
                    gate=None,
                    rope=RoPEConfig(
                        name='default',
                        theta=500000,
                        full_precision=True,
                        no_global_rope=False,
                        scaling=YaRNRoPEScalingConfig(factor=8.0, beta_fast=32, beta_slow=1, old_context_len=8192)
                    ),
                    clip_qkv=None,
                    qk_norm=LayerNormConfig(name='rms', eps=1e-06, elementwise_affine=None, bias=False, full_precision=None, dtype='float32'),
                    dropout=None,
                    use_flash=None,
                    backend='flash_2',
                    dtype='float32',
                    sliding_window=SlidingWindowAttentionConfig(
                        pattern=[4096, 4096, 4096, -1],
                        force_full_attention_on_first_layer=False,
                        force_full_attention_on_last_layer=True
                    ),
                    use_head_qk_norm=False
                ),
                layer_norm=LayerNormConfig(name='rms', eps=1e-06, elementwise_affine=None, bias=False, full_precision=None, dtype='float32'),
                feed_forward=FeedForwardConfig(hidden_size=11008, name='default', bias=False, dtype='float32', activation='silu'),
                feed_forward_moe=None,
                name='reordered_norm',
                dropout=None,
                attention_residual_alpha=None,
                feed_forward_residual_alpha=None
            )
        },
        embed_scale=None
    ),
    dataset=NumpyPackedFSLDatasetConfig(
        tokenizer=TokenizerConfig(vocab_size=100278, eos_token_id=100257, pad_token_id=100277, bos_token_id=None, identifier='allenai/dolma2-tokenizer'),
        paths=['/tmp/olmo-sft/work/datasets/fields/olmocore/token_ids_part_*.npy'],
        mix=None,
        mix_base_dir=None,
        expand_glob=True,
        dtype=None,
        metadata=None,
        include_instance_metadata=True,
        instance_filter_config=None,
        source_permutation_seed=None,
        work_dir='/tmp/olmo-sft/output/internal/_work',
        ignore_fingerprint_mismatch=False,
        sequence_length=65536,
        generate_doc_lengths=True,
        label_mask_paths=['/tmp/olmo-sft/work/datasets/fields/olmocore/labels_mask_*.npy'],
        long_doc_strategy='truncate',
        source_group_size=1
    ),
    data_loader=NumpyDataLoaderConfig(
        global_batch_size=1048576,
        seed=34521,
        work_dir=None,
        num_threads=None,
        num_workers=4,
        prefetch_factor=None,
        target_device_type=None,
        ignore_fingerprint_mismatch=False
    ),
    train_module=TransformerTrainModuleConfig(
        rank_microbatch_size=65536,
        max_sequence_length=65536,
        optim=SkipStepAdamWConfig(
            group_overrides=None,
            compile=False,
            fixed_fields=('initial_lr',),
            lr=5e-05,
            betas=(0.9, 0.95),
            eps=1e-08,
            weight_decay=0.0,
            dtype='bfloat16',
            foreach=True,
            step_increment_bugfix=True,
            rolling_interval_length=128,
            sigma_factor=6
        ),
        max_grad_norm=1.0,
        scheduler=LinearWithWarmup(
            lr_field='lr',
            initial_lr_field='initial_lr',
            units='steps',
            alpha_f=0.0,
            t_max=None,
            warmup=None,
            warmup_steps=None,
            warmup_fraction=0.03,
            warmup_min_lr=0.0
        ),
        compile_model=True,
        float8_config=Float8Config(
            ao=None,
            ao_recipe='rowwise',
            ao_mx=None,
            modules_to_ignore=[
                'blocks.0.attention.w_q',
                'blocks.0.attention.w_k',
                'blocks.0.attention.w_v',
                'blocks.0.attention.w_out',
                'blocks.1.attention.w_q',
                'blocks.1.attention.w_k',
                'blocks.1.attention.w_v',
                'blocks.1.attention.w_out',
                'blocks.2.attention.w_q',
                'blocks.2.attention.w_k',
                'blocks.2.attention.w_v',
                'blocks.2.attention.w_out',
                'blocks.3.attention.w_q',
                'blocks.3.attention.w_k',
                'blocks.3.attention.w_v',
                'blocks.3.attention.w_out',
                'blocks.4.attention.w_q',
                'blocks.4.attention.w_k',
                'blocks.4.attention.w_v',
                'blocks.4.attention.w_out',
                'blocks.5.attention.w_q',
                'blocks.5.attention.w_k',
                'blocks.5.attention.w_v',
                'blocks.5.attention.w_out',
                'blocks.6.attention.w_q',
                'blocks.6.attention.w_k',
                'blocks.6.attention.w_v',
                'blocks.6.attention.w_out',
                'blocks.7.attention.w_q',
                'blocks.7.attention.w_k',
                'blocks.7.attention.w_v',
                'blocks.7.attention.w_out',
                'blocks.8.attention.w_q',
                'blocks.8.attention.w_k',
                'blocks.8.attention.w_v',
                'blocks.8.attention.w_out',
                'blocks.9.attention.w_q',
                'blocks.9.attention.w_k',
                'blocks.9.attention.w_v',
                'blocks.9.attention.w_out',
                'blocks.10.attention.w_q',
                'blocks.10.attention.w_k',
                'blocks.10.attention.w_v',
                'blocks.10.attention.w_out',
                'blocks.11.attention.w_q',
                'blocks.11.attention.w_k',
                'blocks.11.attention.w_v',
                'blocks.11.attention.w_out',
                'blocks.12.attention.w_q',
                'blocks.12.attention.w_k',
                'blocks.12.attention.w_v',
                'blocks.12.attention.w_out',
                'blocks.13.attention.w_q',
                'blocks.13.attention.w_k',
                'blocks.13.attention.w_v',
                'blocks.13.attention.w_out',
                'blocks.14.attention.w_q',
                'blocks.14.attention.w_k',
                'blocks.14.attention.w_v',
                'blocks.14.attention.w_out',
                'blocks.15.attention.w_q',
                'blocks.15.attention.w_k',
                'blocks.15.attention.w_v',
                'blocks.15.attention.w_out',
                'blocks.16.attention.w_q',
                'blocks.16.attention.w_k',
                'blocks.16.attention.w_v',
                'blocks.16.attention.w_out',
                'blocks.17.attention.w_q',
                'blocks.17.attention.w_k',
                'blocks.17.attention.w_v',
                'blocks.17.attention.w_out',
                'blocks.18.attention.w_q',
                'blocks.18.attention.w_k',
                'blocks.18.attention.w_v',
                'blocks.18.attention.w_out',
                'blocks.19.attention.w_q',
                'blocks.19.attention.w_k',
                'blocks.19.attention.w_v',
                'blocks.19.attention.w_out',
                'blocks.20.attention.w_q',
                'blocks.20.attention.w_k',
                'blocks.20.attention.w_v',
                'blocks.20.attention.w_out',
                'blocks.21.attention.w_q',
                'blocks.21.attention.w_k',
                'blocks.21.attention.w_v',
                'blocks.21.attention.w_out',
                'blocks.22.attention.w_q',
                'blocks.22.attention.w_k',
                'blocks.22.attention.w_v',
                'blocks.22.attention.w_out',
                'blocks.23.attention.w_q',
                'blocks.23.attention.w_k',
                'blocks.23.attention.w_v',
                'blocks.23.attention.w_out',
                'blocks.24.attention.w_q',
                'blocks.24.attention.w_k',
                'blocks.24.attention.w_v',
                'blocks.24.attention.w_out',
                'blocks.25.attention.w_q',
                'blocks.25.attention.w_k',
                'blocks.25.attention.w_v',
                'blocks.25.attention.w_out',
                'blocks.26.attention.w_q',
                'blocks.26.attention.w_k',
                'blocks.26.attention.w_v',
                'blocks.26.attention.w_out',
                'blocks.27.attention.w_q',
                'blocks.27.attention.w_k',
                'blocks.27.attention.w_v',
                'blocks.27.attention.w_out',
                'blocks.28.attention.w_q',
                'blocks.28.attention.w_k',
                'blocks.28.attention.w_v',
                'blocks.28.attention.w_out',
                'blocks.29.attention.w_q',
                'blocks.29.attention.w_k',
                'blocks.29.attention.w_v',
                'blocks.29.attention.w_out',
                'blocks.30.attention.w_q',
                'blocks.30.attention.w_k',
                'blocks.30.attention.w_v',
                'blocks.30.attention.w_out',
                'blocks.31.attention.w_q',
                'blocks.31.attention.w_k',
                'blocks.31.attention.w_v',
                'blocks.31.attention.w_out'
            ],
            enabled=True
        ),
        pp_config=None,
        dp_config=TransformerDataParallelConfig(
            name='hsdp',
            param_dtype='bfloat16',
            reduce_dtype='float32',
            num_replicas=None,
            shard_degree=4,
            wrapping_strategy='full',
            prefetch_factor=0
        ),
        tp_config=None,
        cp_config=TransformerContextParallelConfig(degree=2, ring=RingContextParallelStyle(load_balancer='llama3', head_stride=1), uly=None),
        ep_config=None,
        ac_config=TransformerActivationCheckpointingConfig(mode='budget', block_interval=None, modules=None, activation_memory_budget=0.8),
        z_loss_multiplier=None,
        state_dict_save_opts=None,
        state_dict_load_opts=None,
        load_key_mapping=None,
        autocast_precision=None,
        label_ignore_index=-100
    ),
    trainer=TrainerConfig(
        save_folder='/tmp/olmo-sft/output/internal/checkpoints/fields/olmo-sft/olmo3-7b-sft-fp8-niicluster',
        work_dir=None,
        load_path=None,
        load_strategy='never',
        load_optim_state=None,
        load_trainer_state=None,
        checkpointer=CheckpointerConfig(work_dir=None, save_overwrite=None, pre_download=False, save_thread_count=1, load_thread_count=32, throttle_uploads=True),
        device=None,
        save_overwrite=True,
        max_duration=Duration(value=1, unit='epochs'),
        cancel_check_interval=10,
        hard_stop=None,
        metrics_collect_interval=10,
        callbacks={
            'gpu_monitor': GPUMemoryMonitorCallback(device_id=None, _num_alloc_retries=0),
            'config_saver': ConfigSaverCallback(fname='config.json', save_data_paths=None, data_paths_fname=None, _config=None),
            'garbage_collector': GarbageCollectorCallback(gc_interval=1000, enabled=True, _start_state=None),
            'checkpointer': CheckpointerCallback(
                save_interval=1000,
                ephemeral_save_interval=250,
                pre_train_checkpoint=None,
                save_async=True,
                remove='ephemeral_only',
                ephemeral_cooldown=None,
                fixed_steps=None,
                enabled=True,
                _latest_checkpoint_step=-1,
                _latest_checkpoint_path='',
                _checkpoints=[],
                _ephemeral_checkpoints=[],
                _checkpoints_to_remove=[]
            ),
            'checkpoint_retention': KeepLastNCheckpoints(keep_last=2, save_interval=1000, _persistent=[]),
            'wandb': WandBCallback(
                enabled=True,
                name='olmo3-7b-sft-fp8-niicluster',
                project='olmo3-7b-sft',
                entity=None,
                group=None,
                tags=None,
                notes=None,
                config=None,
                cancel_tags=['cancel', 'canceled', 'cancelled'],
                cancel_check_interval=10,
                _finalized=False
            )
        },
        async_bookkeeping=None,
        bookkeeping_soft_timeout=30,
        no_checkpoints=False,
        no_evals=False,
        steps_to_skip=None
    ),
    init_seed=33333
)
2026-06-07 12:22:02.099	hnode011:0	olmo_core.nn.transformer.config:361	INFO	Building transformer with 7,298,617,344 total params, 6,887,575,552 non-embedding params
2026-06-07 12:22:02.100	hnode011:0	olmo_core.nn.attention:471	INFO	Using attention backend 'flash_2'
2026-06-07 12:22:02.100	hnode011:0	olmo_core.nn.attention:471	INFO	Using attention backend 'flash_2'
2026-06-07 12:22:02.101	hnode011:0	olmo_core.nn.attention:471	INFO	Using attention backend 'flash_2'
2026-06-07 12:22:02.102	hnode011:0	olmo_core.nn.attention:471	INFO	Using attention backend 'flash_2'
2026-06-07 12:22:02.102	hnode011:0	olmo_core.nn.attention:471	INFO	Using attention backend 'flash_2'
2026-06-07 12:22:02.103	hnode011:0	olmo_core.nn.attention:471	INFO	Using attention backend 'flash_2'
2026-06-07 12:22:02.103	hnode011:0	olmo_core.nn.attention:471	INFO	Using attention backend 'flash_2'
2026-06-07 12:22:02.104	hnode011:0	olmo_core.nn.attention:471	INFO	Using attention backend 'flash_2'
2026-06-07 12:22:02.105	hnode011:0	olmo_core.nn.attention:471	INFO	Using attention backend 'flash_2'
2026-06-07 12:22:02.105	hnode011:0	olmo_core.nn.attention:471	INFO	Using attention backend 'flash_2'
2026-06-07 12:22:02.106	hnode011:0	olmo_core.nn.attention:471	INFO	Using attention backend 'flash_2'
2026-06-07 12:22:02.106	hnode011:0	olmo_core.nn.attention:471	INFO	Using attention backend 'flash_2'
2026-06-07 12:22:02.107	hnode011:0	olmo_core.nn.attention:471	INFO	Using attention backend 'flash_2'
2026-06-07 12:22:02.108	hnode011:0	olmo_core.nn.attention:471	INFO	Using attention backend 'flash_2'
2026-06-07 12:22:02.108	hnode011:0	olmo_core.nn.attention:471	INFO	Using attention backend 'flash_2'
2026-06-07 12:22:02.109	hnode011:0	olmo_core.nn.attention:471	INFO	Using attention backend 'flash_2'
2026-06-07 12:22:02.110	hnode011:0	olmo_core.nn.attention:471	INFO	Using attention backend 'flash_2'
2026-06-07 12:22:02.110	hnode011:0	olmo_core.nn.attention:471	INFO	Using attention backend 'flash_2'
2026-06-07 12:22:02.111	hnode011:0	olmo_core.nn.attention:471	INFO	Using attention backend 'flash_2'
2026-06-07 12:22:02.111	hnode011:0	olmo_core.nn.attention:471	INFO	Using attention backend 'flash_2'
2026-06-07 12:22:02.112	hnode011:0	olmo_core.nn.attention:471	INFO	Using attention backend 'flash_2'
2026-06-07 12:22:02.113	hnode011:0	olmo_core.nn.attention:471	INFO	Using attention backend 'flash_2'
2026-06-07 12:22:02.113	hnode011:0	olmo_core.nn.attention:471	INFO	Using attention backend 'flash_2'
2026-06-07 12:22:02.114	hnode011:0	olmo_core.nn.attention:471	INFO	Using attention backend 'flash_2'
2026-06-07 12:22:02.114	hnode011:0	olmo_core.nn.attention:471	INFO	Using attention backend 'flash_2'
2026-06-07 12:22:02.115	hnode011:0	olmo_core.nn.attention:471	INFO	Using attention backend 'flash_2'
2026-06-07 12:22:02.116	hnode011:0	olmo_core.nn.attention:471	INFO	Using attention backend 'flash_2'
2026-06-07 12:22:02.116	hnode011:0	olmo_core.nn.attention:471	INFO	Using attention backend 'flash_2'
2026-06-07 12:22:02.117	hnode011:0	olmo_core.nn.attention:471	INFO	Using attention backend 'flash_2'
2026-06-07 12:22:02.117	hnode011:0	olmo_core.nn.attention:471	INFO	Using attention backend 'flash_2'
2026-06-07 12:22:02.118	hnode011:0	olmo_core.nn.attention:471	INFO	Using attention backend 'flash_2'
2026-06-07 12:22:02.119	hnode011:0	olmo_core.nn.attention:471	INFO	Using attention backend 'flash_2'
2026-06-07 12:22:02.120	hnode011:0	olmo_core.nn.transformer.config:431	INFO	Transformer(
  (embeddings): Embedding(100352, 4096)
  (blocks): ModuleDict(
    (0): ReorderedNormTransformerBlock(
      (attention): Attention(
        (w_q): Linear(in_features=4096, out_features=4096, bias=False)
        (w_k): Linear(in_features=4096, out_features=4096, bias=False)
        (w_v): Linear(in_features=4096, out_features=4096, bias=False)
        (w_out): Linear(in_features=4096, out_features=4096, bias=False)
        (q_norm): RMSNorm((4096,), eps=1e-06)
        (k_norm): RMSNorm((4096,), eps=1e-06)
        (rope): RotaryEmbedding()
        (backend): FlashAttention2Backend()
      )
      (attention_norm): RMSNorm((4096,), eps=1e-06)
      (attention_residual_stream): ResidualStream(
        (dropout): Identity()
      )
      (feed_forward): FeedForward(
        (w1): Linear(in_features=4096, out_features=11008, bias=False)
        (w2): Linear(in_features=11008, out_features=4096, bias=False)
        (w3): Linear(in_features=4096, out_features=11008, bias=False)
      )
      (feed_forward_norm): RMSNorm((4096,), eps=1e-06)
      (feed_forward_residual_stream): ResidualStream(
        (dropout): Identity()
      )
    )
    (1): ReorderedNormTransformerBlock(
      (attention): Attention(
        (w_q): Linear(in_features=4096, out_features=4096, bias=False)
        (w_k): Linear(in_features=4096, out_features=4096, bias=False)
        (w_v): Linear(in_features=4096, out_features=4096, bias=False)
        (w_out): Linear(in_features=4096, out_features=4096, bias=False)
        (q_norm): RMSNorm((4096,), eps=1e-06)
        (k_norm): RMSNorm((4096,), eps=1e-06)
        (rope): RotaryEmbedding()
        (backend): FlashAttention2Backend()
      )
      (attention_norm): RMSNorm((4096,), eps=1e-06)
      (attention_residual_stream): ResidualStream(
        (dropout): Identity()
      )
      (feed_forward): FeedForward(
        (w1): Linear(in_features=4096, out_features=11008, bias=False)
        (w2): Linear(in_features=11008, out_features=4096, bias=False)
        (w3): Linear(in_features=4096, out_features=11008, bias=False)
      )
      (feed_forward_norm): RMSNorm((4096,), eps=1e-06)
      (feed_forward_residual_stream): ResidualStream(
        (dropout): Identity()
      )
    )
    (2): ReorderedNormTransformerBlock(
      (attention): Attention(
        (w_q): Linear(in_features=4096, out_features=4096, bias=False)
        (w_k): Linear(in_features=4096, out_features=4096, bias=False)
        (w_v): Linear(in_features=4096, out_features=4096, bias=False)
        (w_out): Linear(in_features=4096, out_features=4096, bias=False)
        (q_norm): RMSNorm((4096,), eps=1e-06)
        (k_norm): RMSNorm((4096,), eps=1e-06)
        (rope): RotaryEmbedding()
        (backend): FlashAttention2Backend()
      )
      (attention_norm): RMSNorm((4096,), eps=1e-06)
      (attention_residual_stream): ResidualStream(
        (dropout): Identity()
      )
      (feed_forward): FeedForward(
        (w1): Linear(in_features=4096, out_features=11008, bias=False)
        (w2): Linear(in_features=11008, out_features=4096, bias=False)
        (w3): Linear(in_features=4096, out_features=11008, bias=False)
      )
      (feed_forward_norm): RMSNorm((4096,), eps=1e-06)
      (feed_forward_residual_stream): ResidualStream(
        (dropout): Identity()
      )
    )
    (3): ReorderedNormTransformerBlock(
      (attention): Attention(
        (w_q): Linear(in_features=4096, out_features=4096, bias=False)
        (w_k): Linear(in_features=4096, out_features=4096, bias=False)
        (w_v): Linear(in_features=4096, out_features=4096, bias=False)
        (w_out): Linear(in_features=4096, out_features=4096, bias=False)
        (q_norm): RMSNorm((4096,), eps=1e-06)
        (k_norm): RMSNorm((4096,), eps=1e-06)
        (rope): RotaryEmbedding()
        (backend): FlashAttention2Backend()
      )
      (attention_norm): RMSNorm((4096,), eps=1e-06)
      (attention_residual_stream): ResidualStream(
        (dropout): Identity()
      )
      (feed_forward): FeedForward(
        (w1): Linear(in_features=4096, out_features=11008, bias=False)
        (w2): Linear(in_features=11008, out_features=4096, bias=False)
        (w3): Linear(in_features=4096, out_features=11008, bias=False)
      )
      (feed_forward_norm): RMSNorm((4096,), eps=1e-06)
      (feed_forward_residual_stream): ResidualStream(
        (dropout): Identity()
      )
    )
    (4): ReorderedNormTransformerBlock(
      (attention): Attention(
        (w_q): Linear(in_features=4096, out_features=4096, bias=False)
        (w_k): Linear(in_features=4096, out_features=4096, bias=False)
        (w_v): Linear(in_features=4096, out_features=4096, bias=False)
        (w_out): Linear(in_features=4096, out_features=4096, bias=False)
        (q_norm): RMSNorm((4096,), eps=1e-06)
        (k_norm): RMSNorm((4096,), eps=1e-06)
        (rope): RotaryEmbedding()
        (backend): FlashAttention2Backend()
      )
      (attention_norm): RMSNorm((4096,), eps=1e-06)
      (attention_residual_stream): ResidualStream(
        (dropout): Identity()
      )
      (feed_forward): FeedForward(
        (w1): Linear(in_features=4096, out_features=11008, bias=False)
        (w2): Linear(in_features=11008, out_features=4096, bias=False)
        (w3): Linear(in_features=4096, out_features=11008, bias=False)
      )
      (feed_forward_norm): RMSNorm((4096,), eps=1e-06)
      (feed_forward_residual_stream): ResidualStream(
        (dropout): Identity()
      )
    )
    (5): ReorderedNormTransformerBlock(
      (attention): Attention(
        (w_q): Linear(in_features=4096, out_features=4096, bias=False)
        (w_k): Linear(in_features=4096, out_features=4096, bias=False)
        (w_v): Linear(in_features=4096, out_features=4096, bias=False)
        (w_out): Linear(in_features=4096, out_features=4096, bias=False)
        (q_norm): RMSNorm((4096,), eps=1e-06)
        (k_norm): RMSNorm((4096,), eps=1e-06)
        (rope): RotaryEmbedding()
        (backend): FlashAttention2Backend()
      )
      (attention_norm): RMSNorm((4096,), eps=1e-06)
      (attention_residual_stream): ResidualStream(
        (dropout): Identity()
      )
      (feed_forward): FeedForward(
        (w1): Linear(in_features=4096, out_features=11008, bias=False)
        (w2): Linear(in_features=11008, out_features=4096, bias=False)
        (w3): Linear(in_features=4096, out_features=11008, bias=False)
      )
      (feed_forward_norm): RMSNorm((4096,), eps=1e-06)
      (feed_forward_residual_stream): ResidualStream(
        (dropout): Identity()
      )
    )
    (6): ReorderedNormTransformerBlock(
      (attention): Attention(
        (w_q): Linear(in_features=4096, out_features=4096, bias=False)
        (w_k): Linear(in_features=4096, out_features=4096, bias=False)
        (w_v): Linear(in_features=4096, out_features=4096, bias=False)
        (w_out): Linear(in_features=4096, out_features=4096, bias=False)
        (q_norm): RMSNorm((4096,), eps=1e-06)
        (k_norm): RMSNorm((4096,), eps=1e-06)
        (rope): RotaryEmbedding()
        (backend): FlashAttention2Backend()
      )
      (attention_norm): RMSNorm((4096,), eps=1e-06)
      (attention_residual_stream): ResidualStream(
        (dropout): Identity()
      )
      (feed_forward): FeedForward(
        (w1): Linear(in_features=4096, out_features=11008, bias=False)
        (w2): Linear(in_features=11008, out_features=4096, bias=False)
        (w3): Linear(in_features=4096, out_features=11008, bias=False)
      )
      (feed_forward_norm): RMSNorm((4096,), eps=1e-06)
      (feed_forward_residual_stream): ResidualStream(
        (dropout): Identity()
      )
    )
    (7): ReorderedNormTransformerBlock(
      (attention): Attention(
        (w_q): Linear(in_features=4096, out_features=4096, bias=False)
        (w_k): Linear(in_features=4096, out_features=4096, bias=False)
        (w_v): Linear(in_features=4096, out_features=4096, bias=False)
        (w_out): Linear(in_features=4096, out_features=4096, bias=False)
        (q_norm): RMSNorm((4096,), eps=1e-06)
        (k_norm): RMSNorm((4096,), eps=1e-06)
        (rope): RotaryEmbedding()
        (backend): FlashAttention2Backend()
      )
      (attention_norm): RMSNorm((4096,), eps=1e-06)
      (attention_residual_stream): ResidualStream(
        (dropout): Identity()
      )
      (feed_forward): FeedForward(
        (w1): Linear(in_features=4096, out_features=11008, bias=False)
        (w2): Linear(in_features=11008, out_features=4096, bias=False)
        (w3): Linear(in_features=4096, out_features=11008, bias=False)
      )
      (feed_forward_norm): RMSNorm((4096,), eps=1e-06)
      (feed_forward_residual_stream): ResidualStream(
        (dropout): Identity()
      )
    )
    (8): ReorderedNormTransformerBlock(
      (attention): Attention(
        (w_q): Linear(in_features=4096, out_features=4096, bias=False)
        (w_k): Linear(in_features=4096, out_features=4096, bias=False)
        (w_v): Linear(in_features=4096, out_features=4096, bias=False)
        (w_out): Linear(in_features=4096, out_features=4096, bias=False)
        (q_norm): RMSNorm((4096,), eps=1e-06)
        (k_norm): RMSNorm((4096,), eps=1e-06)
        (rope): RotaryEmbedding()
        (backend): FlashAttention2Backend()
      )
      (attention_norm): RMSNorm((4096,), eps=1e-06)
      (attention_residual_stream): ResidualStream(
        (dropout): Identity()
      )
      (feed_forward): FeedForward(
        (w1): Linear(in_features=4096, out_features=11008, bias=False)
        (w2): Linear(in_features=11008, out_features=4096, bias=False)
        (w3): Linear(in_features=4096, out_features=11008, bias=False)
      )
      (feed_forward_norm): RMSNorm((4096,), eps=1e-06)
      (feed_forward_residual_stream): ResidualStream(
        (dropout): Identity()
      )
    )
    (9): ReorderedNormTransformerBlock(
      (attention): Attention(
        (w_q): Linear(in_features=4096, out_features=4096, bias=False)
        (w_k): Linear(in_features=4096, out_features=4096, bias=False)
        (w_v): Linear(in_features=4096, out_features=4096, bias=False)
        (w_out): Linear(in_features=4096, out_features=4096, bias=False)
        (q_norm): RMSNorm((4096,), eps=1e-06)
        (k_norm): RMSNorm((4096,), eps=1e-06)
        (rope): RotaryEmbedding()
        (backend): FlashAttention2Backend()
      )
      (attention_norm): RMSNorm((4096,), eps=1e-06)
      (attention_residual_stream): ResidualStream(
        (dropout): Identity()
      )
      (feed_forward): FeedForward(
        (w1): Linear(in_features=4096, out_features=11008, bias=False)
        (w2): Linear(in_features=11008, out_features=4096, bias=False)
        (w3): Linear(in_features=4096, out_features=11008, bias=False)
      )
      (feed_forward_norm): RMSNorm((4096,), eps=1e-06)
      (feed_forward_residual_stream): ResidualStream(
        (dropout): Identity()
      )
    )
    (10): ReorderedNormTransformerBlock(
      (attention): Attention(
        (w_q): Linear(in_features=4096, out_features=4096, bias=False)
        (w_k): Linear(in_features=4096, out_features=4096, bias=False)
        (w_v): Linear(in_features=4096, out_features=4096, bias=False)
        (w_out): Linear(in_features=4096, out_features=4096, bias=False)
        (q_norm): RMSNorm((4096,), eps=1e-06)
        (k_norm): RMSNorm((4096,), eps=1e-06)
        (rope): RotaryEmbedding()
        (backend): FlashAttention2Backend()
      )
      (attention_norm): RMSNorm((4096,), eps=1e-06)
      (attention_residual_stream): ResidualStream(
        (dropout): Identity()
      )
      (feed_forward): FeedForward(
        (w1): Linear(in_features=4096, out_features=11008, bias=False)
        (w2): Linear(in_features=11008, out_features=4096, bias=False)
        (w3): Linear(in_features=4096, out_features=11008, bias=False)
      )
      (feed_forward_norm): RMSNorm((4096,), eps=1e-06)
      (feed_forward_residual_stream): ResidualStream(
        (dropout): Identity()
      )
    )
    (11): ReorderedNormTransformerBlock(
      (attention): Attention(
        (w_q): Linear(in_features=4096, out_features=4096, bias=False)
        (w_k): Linear(in_features=4096, out_features=4096, bias=False)
        (w_v): Linear(in_features=4096, out_features=4096, bias=False)
        (w_out): Linear(in_features=4096, out_features=4096, bias=False)
        (q_norm): RMSNorm((4096,), eps=1e-06)
        (k_norm): RMSNorm((4096,), eps=1e-06)
        (rope): RotaryEmbedding()
        (backend): FlashAttention2Backend()
      )
      (attention_norm): RMSNorm((4096,), eps=1e-06)
      (attention_residual_stream): ResidualStream(
        (dropout): Identity()
      )
      (feed_forward): FeedForward(
        (w1): Linear(in_features=4096, out_features=11008, bias=False)
        (w2): Linear(in_features=11008, out_features=4096, bias=False)
        (w3): Linear(in_features=4096, out_features=11008, bias=False)
      )
      (feed_forward_norm): RMSNorm((4096,), eps=1e-06)
      (feed_forward_residual_stream): ResidualStream(
        (dropout): Identity()
      )
    )
    (12): ReorderedNormTransformerBlock(
      (attention): Attention(
        (w_q): Linear(in_features=4096, out_features=4096, bias=False)
        (w_k): Linear(in_features=4096, out_features=4096, bias=False)
        (w_v): Linear(in_features=4096, out_features=4096, bias=False)
        (w_out): Linear(in_features=4096, out_features=4096, bias=False)
        (q_norm): RMSNorm((4096,), eps=1e-06)
        (k_norm): RMSNorm((4096,), eps=1e-06)
        (rope): RotaryEmbedding()
        (backend): FlashAttention2Backend()
      )
      (attention_norm): RMSNorm((4096,), eps=1e-06)
      (attention_residual_stream): ResidualStream(
        (dropout): Identity()
      )
      (feed_forward): FeedForward(
        (w1): Linear(in_features=4096, out_features=11008, bias=False)
        (w2): Linear(in_features=11008, out_features=4096, bias=False)
        (w3): Linear(in_features=4096, out_features=11008, bias=False)
      )
      (feed_forward_norm): RMSNorm((4096,), eps=1e-06)
      (feed_forward_residual_stream): ResidualStream(
        (dropout): Identity()
      )
    )
    (13): ReorderedNormTransformerBlock(
      (attention): Attention(
        (w_q): Linear(in_features=4096, out_features=4096, bias=False)
        (w_k): Linear(in_features=4096, out_features=4096, bias=False)
        (w_v): Linear(in_features=4096, out_features=4096, bias=False)
        (w_out): Linear(in_features=4096, out_features=4096, bias=False)
        (q_norm): RMSNorm((4096,), eps=1e-06)
        (k_norm): RMSNorm((4096,), eps=1e-06)
        (rope): RotaryEmbedding()
        (backend): FlashAttention2Backend()
      )
      (attention_norm): RMSNorm((4096,), eps=1e-06)
      (attention_residual_stream): ResidualStream(
        (dropout): Identity()
      )
      (feed_forward): FeedForward(
        (w1): Linear(in_features=4096, out_features=11008, bias=False)
        (w2): Linear(in_features=11008, out_features=4096, bias=False)
        (w3): Linear(in_features=4096, out_features=11008, bias=False)
      )
      (feed_forward_norm): RMSNorm((4096,), eps=1e-06)
      (feed_forward_residual_stream): ResidualStream(
        (dropout): Identity()
      )
    )
    (14): ReorderedNormTransformerBlock(
      (attention): Attention(
        (w_q): Linear(in_features=4096, out_features=4096, bias=False)
        (w_k): Linear(in_features=4096, out_features=4096, bias=False)
        (w_v): Linear(in_features=4096, out_features=4096, bias=False)
        (w_out): Linear(in_features=4096, out_features=4096, bias=False)
        (q_norm): RMSNorm((4096,), eps=1e-06)
        (k_norm): RMSNorm((4096,), eps=1e-06)
        (rope): RotaryEmbedding()
        (backend): FlashAttention2Backend()
      )
      (attention_norm): RMSNorm((4096,), eps=1e-06)
      (attention_residual_stream): ResidualStream(
        (dropout): Identity()
      )
      (feed_forward): FeedForward(
        (w1): Linear(in_features=4096, out_features=11008, bias=False)
        (w2): Linear(in_features=11008, out_features=4096, bias=False)
        (w3): Linear(in_features=4096, out_features=11008, bias=False)
      )
      (feed_forward_norm): RMSNorm((4096,), eps=1e-06)
      (feed_forward_residual_stream): ResidualStream(
        (dropout): Identity()
      )
    )
    (15): ReorderedNormTransformerBlock(
      (attention): Attention(
        (w_q): Linear(in_features=4096, out_features=4096, bias=False)
        (w_k): Linear(in_features=4096, out_features=4096, bias=False)
        (w_v): Linear(in_features=4096, out_features=4096, bias=False)
        (w_out): Linear(in_features=4096, out_features=4096, bias=False)
        (q_norm): RMSNorm((4096,), eps=1e-06)
        (k_norm): RMSNorm((4096,), eps=1e-06)
        (rope): RotaryEmbedding()
        (backend): FlashAttention2Backend()
      )
      (attention_norm): RMSNorm((4096,), eps=1e-06)
      (attention_residual_stream): ResidualStream(
        (dropout): Identity()
      )
      (feed_forward): FeedForward(
        (w1): Linear(in_features=4096, out_features=11008, bias=False)
        (w2): Linear(in_features=11008, out_features=4096, bias=False)
        (w3): Linear(in_features=4096, out_features=11008, bias=False)
      )
      (feed_forward_norm): RMSNorm((4096,), eps=1e-06)
      (feed_forward_residual_stream): ResidualStream(
        (dropout): Identity()
      )
    )
    (16): ReorderedNormTransformerBlock(
      (attention): Attention(
        (w_q): Linear(in_features=4096, out_features=4096, bias=False)
        (w_k): Linear(in_features=4096, out_features=4096, bias=False)
        (w_v): Linear(in_features=4096, out_features=4096, bias=False)
        (w_out): Linear(in_features=4096, out_features=4096, bias=False)
        (q_norm): RMSNorm((4096,), eps=1e-06)
        (k_norm): RMSNorm((4096,), eps=1e-06)
        (rope): RotaryEmbedding()
        (backend): FlashAttention2Backend()
      )
      (attention_norm): RMSNorm((4096,), eps=1e-06)
      (attention_residual_stream): ResidualStream(
        (dropout): Identity()
      )
      (feed_forward): FeedForward(
        (w1): Linear(in_features=4096, out_features=11008, bias=False)
        (w2): Linear(in_features=11008, out_features=4096, bias=False)
        (w3): Linear(in_features=4096, out_features=11008, bias=False)
      )
      (feed_forward_norm): RMSNorm((4096,), eps=1e-06)
      (feed_forward_residual_stream): ResidualStream(
        (dropout): Identity()
      )
    )
    (17): ReorderedNormTransformerBlock(
      (attention): Attention(
        (w_q): Linear(in_features=4096, out_features=4096, bias=False)
        (w_k): Linear(in_features=4096, out_features=4096, bias=False)
        (w_v): Linear(in_features=4096, out_features=4096, bias=False)
        (w_out): Linear(in_features=4096, out_features=4096, bias=False)
        (q_norm): RMSNorm((4096,), eps=1e-06)
        (k_norm): RMSNorm((4096,), eps=1e-06)
        (rope): RotaryEmbedding()
        (backend): FlashAttention2Backend()
      )
      (attention_norm): RMSNorm((4096,), eps=1e-06)
      (attention_residual_stream): ResidualStream(
        (dropout): Identity()
      )
      (feed_forward): FeedForward(
        (w1): Linear(in_features=4096, out_features=11008, bias=False)
        (w2): Linear(in_features=11008, out_features=4096, bias=False)
        (w3): Linear(in_features=4096, out_features=11008, bias=False)
      )
      (feed_forward_norm): RMSNorm((4096,), eps=1e-06)
      (feed_forward_residual_stream): ResidualStream(
        (dropout): Identity()
      )
    )
    (18): ReorderedNormTransformerBlock(
      (attention): Attention(
        (w_q): Linear(in_features=4096, out_features=4096, bias=False)
        (w_k): Linear(in_features=4096, out_features=4096, bias=False)
        (w_v): Linear(in_features=4096, out_features=4096, bias=False)
        (w_out): Linear(in_features=4096, out_features=4096, bias=False)
        (q_norm): RMSNorm((4096,), eps=1e-06)
        (k_norm): RMSNorm((4096,), eps=1e-06)
        (rope): RotaryEmbedding()
        (backend): FlashAttention2Backend()
      )
      (attention_norm): RMSNorm((4096,), eps=1e-06)
      (attention_residual_stream): ResidualStream(
        (dropout): Identity()
      )
      (feed_forward): FeedForward(
        (w1): Linear(in_features=4096, out_features=11008, bias=False)
        (w2): Linear(in_features=11008, out_features=4096, bias=False)
        (w3): Linear(in_features=4096, out_features=11008, bias=False)
      )
      (feed_forward_norm): RMSNorm((4096,), eps=1e-06)
      (feed_forward_residual_stream): ResidualStream(
        (dropout): Identity()
      )
    )
    (19): ReorderedNormTransformerBlock(
      (attention): Attention(
        (w_q): Linear(in_features=4096, out_features=4096, bias=False)
        (w_k): Linear(in_features=4096, out_features=4096, bias=False)
        (w_v): Linear(in_features=4096, out_features=4096, bias=False)
        (w_out): Linear(in_features=4096, out_features=4096, bias=False)
        (q_norm): RMSNorm((4096,), eps=1e-06)
        (k_norm): RMSNorm((4096,), eps=1e-06)
        (rope): RotaryEmbedding()
        (backend): FlashAttention2Backend()
      )
      (attention_norm): RMSNorm((4096,), eps=1e-06)
      (attention_residual_stream): ResidualStream(
        (dropout): Identity()
      )
      (feed_forward): FeedForward(
        (w1): Linear(in_features=4096, out_features=11008, bias=False)
        (w2): Linear(in_features=11008, out_features=4096, bias=False)
        (w3): Linear(in_features=4096, out_features=11008, bias=False)
      )
      (feed_forward_norm): RMSNorm((4096,), eps=1e-06)
      (feed_forward_residual_stream): ResidualStream(
        (dropout): Identity()
      )
    )
    (20): ReorderedNormTransformerBlock(
      (attention): Attention(
        (w_q): Linear(in_features=4096, out_features=4096, bias=False)
        (w_k): Linear(in_features=4096, out_features=4096, bias=False)
        (w_v): Linear(in_features=4096, out_features=4096, bias=False)
        (w_out): Linear(in_features=4096, out_features=4096, bias=False)
        (q_norm): RMSNorm((4096,), eps=1e-06)
        (k_norm): RMSNorm((4096,), eps=1e-06)
        (rope): RotaryEmbedding()
        (backend): FlashAttention2Backend()
      )
      (attention_norm): RMSNorm((4096,), eps=1e-06)
      (attention_residual_stream): ResidualStream(
        (dropout): Identity()
      )
      (feed_forward): FeedForward(
        (w1): Linear(in_features=4096, out_features=11008, bias=False)
        (w2): Linear(in_features=11008, out_features=4096, bias=False)
        (w3): Linear(in_features=4096, out_features=11008, bias=False)
      )
      (feed_forward_norm): RMSNorm((4096,), eps=1e-06)
      (feed_forward_residual_stream): ResidualStream(
        (dropout): Identity()
      )
    )
    (21): ReorderedNormTransformerBlock(
      (attention): Attention(
        (w_q): Linear(in_features=4096, out_features=4096, bias=False)
        (w_k): Linear(in_features=4096, out_features=4096, bias=False)
        (w_v): Linear(in_features=4096, out_features=4096, bias=False)
        (w_out): Linear(in_features=4096, out_features=4096, bias=False)
        (q_norm): RMSNorm((4096,), eps=1e-06)
        (k_norm): RMSNorm((4096,), eps=1e-06)
        (rope): RotaryEmbedding()
        (backend): FlashAttention2Backend()
      )
      (attention_norm): RMSNorm((4096,), eps=1e-06)
      (attention_residual_stream): ResidualStream(
        (dropout): Identity()
      )
      (feed_forward): FeedForward(
        (w1): Linear(in_features=4096, out_features=11008, bias=False)
        (w2): Linear(in_features=11008, out_features=4096, bias=False)
        (w3): Linear(in_features=4096, out_features=11008, bias=False)
      )
      (feed_forward_norm): RMSNorm((4096,), eps=1e-06)
      (feed_forward_residual_stream): ResidualStream(
        (dropout): Identity()
      )
    )
    (22): ReorderedNormTransformerBlock(
      (attention): Attention(
        (w_q): Linear(in_features=4096, out_features=4096, bias=False)
        (w_k): Linear(in_features=4096, out_features=4096, bias=False)
        (w_v): Linear(in_features=4096, out_features=4096, bias=False)
        (w_out): Linear(in_features=4096, out_features=4096, bias=False)
        (q_norm): RMSNorm((4096,), eps=1e-06)
        (k_norm): RMSNorm((4096,), eps=1e-06)
        (rope): RotaryEmbedding()
        (backend): FlashAttention2Backend()
      )
      (attention_norm): RMSNorm((4096,), eps=1e-06)
      (attention_residual_stream): ResidualStream(
        (dropout): Identity()
      )
      (feed_forward): FeedForward(
        (w1): Linear(in_features=4096, out_features=11008, bias=False)
        (w2): Linear(in_features=11008, out_features=4096, bias=False)
        (w3): Linear(in_features=4096, out_features=11008, bias=False)
      )
      (feed_forward_norm): RMSNorm((4096,), eps=1e-06)
      (feed_forward_residual_stream): ResidualStream(
        (dropout): Identity()
      )
    )
    (23): ReorderedNormTransformerBlock(
      (attention): Attention(
        (w_q): Linear(in_features=4096, out_features=4096, bias=False)
        (w_k): Linear(in_features=4096, out_features=4096, bias=False)
        (w_v): Linear(in_features=4096, out_features=4096, bias=False)
        (w_out): Linear(in_features=4096, out_features=4096, bias=False)
        (q_norm): RMSNorm((4096,), eps=1e-06)
        (k_norm): RMSNorm((4096,), eps=1e-06)
        (rope): RotaryEmbedding()
        (backend): FlashAttention2Backend()
      )
      (attention_norm): RMSNorm((4096,), eps=1e-06)
      (attention_residual_stream): ResidualStream(
        (dropout): Identity()
      )
      (feed_forward): FeedForward(
        (w1): Linear(in_features=4096, out_features=11008, bias=False)
        (w2): Linear(in_features=11008, out_features=4096, bias=False)
        (w3): Linear(in_features=4096, out_features=11008, bias=False)
      )
      (feed_forward_norm): RMSNorm((4096,), eps=1e-06)
      (feed_forward_residual_stream): ResidualStream(
        (dropout): Identity()
      )
    )
    (24): ReorderedNormTransformerBlock(
      (attention): Attention(
        (w_q): Linear(in_features=4096, out_features=4096, bias=False)
        (w_k): Linear(in_features=4096, out_features=4096, bias=False)
        (w_v): Linear(in_features=4096, out_features=4096, bias=False)
        (w_out): Linear(in_features=4096, out_features=4096, bias=False)
        (q_norm): RMSNorm((4096,), eps=1e-06)
        (k_norm): RMSNorm((4096,), eps=1e-06)
        (rope): RotaryEmbedding()
        (backend): FlashAttention2Backend()
      )
      (attention_norm): RMSNorm((4096,), eps=1e-06)
      (attention_residual_stream): ResidualStream(
        (dropout): Identity()
      )
      (feed_forward): FeedForward(
        (w1): Linear(in_features=4096, out_features=11008, bias=False)
        (w2): Linear(in_features=11008, out_features=4096, bias=False)
        (w3): Linear(in_features=4096, out_features=11008, bias=False)
      )
      (feed_forward_norm): RMSNorm((4096,), eps=1e-06)
      (feed_forward_residual_stream): ResidualStream(
        (dropout): Identity()
      )
    )
    (25): ReorderedNormTransformerBlock(
      (attention): Attention(
        (w_q): Linear(in_features=4096, out_features=4096, bias=False)
        (w_k): Linear(in_features=4096, out_features=4096, bias=False)
        (w_v): Linear(in_features=4096, out_features=4096, bias=False)
        (w_out): Linear(in_features=4096, out_features=4096, bias=False)
        (q_norm): RMSNorm((4096,), eps=1e-06)
        (k_norm): RMSNorm((4096,), eps=1e-06)
        (rope): RotaryEmbedding()
        (backend): FlashAttention2Backend()
      )
      (attention_norm): RMSNorm((4096,), eps=1e-06)
      (attention_residual_stream): ResidualStream(
        (dropout): Identity()
      )
      (feed_forward): FeedForward(
        (w1): Linear(in_features=4096, out_features=11008, bias=False)
        (w2): Linear(in_features=11008, out_features=4096, bias=False)
        (w3): Linear(in_features=4096, out_features=11008, bias=False)
      )
      (feed_forward_norm): RMSNorm((4096,), eps=1e-06)
      (feed_forward_residual_stream): ResidualStream(
        (dropout): Identity()
      )
    )
    (26): ReorderedNormTransformerBlock(
      (attention): Attention(
        (w_q): Linear(in_features=4096, out_features=4096, bias=False)
        (w_k): Linear(in_features=4096, out_features=4096, bias=False)
        (w_v): Linear(in_features=4096, out_features=4096, bias=False)
        (w_out): Linear(in_features=4096, out_features=4096, bias=False)
        (q_norm): RMSNorm((4096,), eps=1e-06)
        (k_norm): RMSNorm((4096,), eps=1e-06)
        (rope): RotaryEmbedding()
        (backend): FlashAttention2Backend()
      )
      (attention_norm): RMSNorm((4096,), eps=1e-06)
      (attention_residual_stream): ResidualStream(
        (dropout): Identity()
      )
      (feed_forward): FeedForward(
        (w1): Linear(in_features=4096, out_features=11008, bias=False)
        (w2): Linear(in_features=11008, out_features=4096, bias=False)
        (w3): Linear(in_features=4096, out_features=11008, bias=False)
      )
      (feed_forward_norm): RMSNorm((4096,), eps=1e-06)
      (feed_forward_residual_stream): ResidualStream(
        (dropout): Identity()
      )
    )
    (27): ReorderedNormTransformerBlock(
      (attention): Attention(
        (w_q): Linear(in_features=4096, out_features=4096, bias=False)
        (w_k): Linear(in_features=4096, out_features=4096, bias=False)
        (w_v): Linear(in_features=4096, out_features=4096, bias=False)
        (w_out): Linear(in_features=4096, out_features=4096, bias=False)
        (q_norm): RMSNorm((4096,), eps=1e-06)
        (k_norm): RMSNorm((4096,), eps=1e-06)
        (rope): RotaryEmbedding()
        (backend): FlashAttention2Backend()
      )
      (attention_norm): RMSNorm((4096,), eps=1e-06)
      (attention_residual_stream): ResidualStream(
        (dropout): Identity()
      )
      (feed_forward): FeedForward(
        (w1): Linear(in_features=4096, out_features=11008, bias=False)
        (w2): Linear(in_features=11008, out_features=4096, bias=False)
        (w3): Linear(in_features=4096, out_features=11008, bias=False)
      )
      (feed_forward_norm): RMSNorm((4096,), eps=1e-06)
      (feed_forward_residual_stream): ResidualStream(
        (dropout): Identity()
      )
    )
    (28): ReorderedNormTransformerBlock(
      (attention): Attention(
        (w_q): Linear(in_features=4096, out_features=4096, bias=False)
        (w_k): Linear(in_features=4096, out_features=4096, bias=False)
        (w_v): Linear(in_features=4096, out_features=4096, bias=False)
        (w_out): Linear(in_features=4096, out_features=4096, bias=False)
        (q_norm): RMSNorm((4096,), eps=1e-06)
        (k_norm): RMSNorm((4096,), eps=1e-06)
        (rope): RotaryEmbedding()
        (backend): FlashAttention2Backend()
      )
      (attention_norm): RMSNorm((4096,), eps=1e-06)
      (attention_residual_stream): ResidualStream(
        (dropout): Identity()
      )
      (feed_forward): FeedForward(
        (w1): Linear(in_features=4096, out_features=11008, bias=False)
        (w2): Linear(in_features=11008, out_features=4096, bias=False)
        (w3): Linear(in_features=4096, out_features=11008, bias=False)
      )
      (feed_forward_norm): RMSNorm((4096,), eps=1e-06)
      (feed_forward_residual_stream): ResidualStream(
        (dropout): Identity()
      )
    )
    (29): ReorderedNormTransformerBlock(
      (attention): Attention(
        (w_q): Linear(in_features=4096, out_features=4096, bias=False)
        (w_k): Linear(in_features=4096, out_features=4096, bias=False)
        (w_v): Linear(in_features=4096, out_features=4096, bias=False)
        (w_out): Linear(in_features=4096, out_features=4096, bias=False)
        (q_norm): RMSNorm((4096,), eps=1e-06)
        (k_norm): RMSNorm((4096,), eps=1e-06)
        (rope): RotaryEmbedding()
        (backend): FlashAttention2Backend()
      )
      (attention_norm): RMSNorm((4096,), eps=1e-06)
      (attention_residual_stream): ResidualStream(
        (dropout): Identity()
      )
      (feed_forward): FeedForward(
        (w1): Linear(in_features=4096, out_features=11008, bias=False)
        (w2): Linear(in_features=11008, out_features=4096, bias=False)
        (w3): Linear(in_features=4096, out_features=11008, bias=False)
      )
      (feed_forward_norm): RMSNorm((4096,), eps=1e-06)
      (feed_forward_residual_stream): ResidualStream(
        (dropout): Identity()
      )
    )
    (30): ReorderedNormTransformerBlock(
      (attention): Attention(
        (w_q): Linear(in_features=4096, out_features=4096, bias=False)
        (w_k): Linear(in_features=4096, out_features=4096, bias=False)
        (w_v): Linear(in_features=4096, out_features=4096, bias=False)
        (w_out): Linear(in_features=4096, out_features=4096, bias=False)
        (q_norm): RMSNorm((4096,), eps=1e-06)
        (k_norm): RMSNorm((4096,), eps=1e-06)
        (rope): RotaryEmbedding()
        (backend): FlashAttention2Backend()
      )
      (attention_norm): RMSNorm((4096,), eps=1e-06)
      (attention_residual_stream): ResidualStream(
        (dropout): Identity()
      )
      (feed_forward): FeedForward(
        (w1): Linear(in_features=4096, out_features=11008, bias=False)
        (w2): Linear(in_features=11008, out_features=4096, bias=False)
        (w3): Linear(in_features=4096, out_features=11008, bias=False)
      )
      (feed_forward_norm): RMSNorm((4096,), eps=1e-06)
      (feed_forward_residual_stream): ResidualStream(
        (dropout): Identity()
      )
    )
    (31): ReorderedNormTransformerBlock(
      (attention): Attention(
        (w_q): Linear(in_features=4096, out_features=4096, bias=False)
        (w_k): Linear(in_features=4096, out_features=4096, bias=False)
        (w_v): Linear(in_features=4096, out_features=4096, bias=False)
        (w_out): Linear(in_features=4096, out_features=4096, bias=False)
        (q_norm): RMSNorm((4096,), eps=1e-06)
        (k_norm): RMSNorm((4096,), eps=1e-06)
        (rope): RotaryEmbedding()
        (backend): FlashAttention2Backend()
      )
      (attention_norm): RMSNorm((4096,), eps=1e-06)
      (attention_residual_stream): ResidualStream(
        (dropout): Identity()
      )
      (feed_forward): FeedForward(
        (w1): Linear(in_features=4096, out_features=11008, bias=False)
        (w2): Linear(in_features=11008, out_features=4096, bias=False)
        (w3): Linear(in_features=4096, out_features=11008, bias=False)
      )
      (feed_forward_norm): RMSNorm((4096,), eps=1e-06)
      (feed_forward_residual_stream): ResidualStream(
        (dropout): Identity()
      )
    )
  )
  (lm_head): LMHead(
    (norm): RMSNorm((4096,), eps=1e-06)
    (w_out): Linear(in_features=4096, out_features=100352, bias=False)
  )
)
2026-06-07 12:22:02.121	hnode011:0	olmo_core.nn.transformer.config:432	INFO	Built model with:
- 7,298,617,344 total params
- 6,887,575,552 non-embedding params
- 7,298,617,344 trainable params
[Gloo] Rank 0 is connected to 0 peer ranks. Expected number of connected peer ranks is : 0
[Gloo] Rank 0 is connected to 0 peer ranks. Expected number of connected peer ranks is : 0
[Gloo] Rank 0 is connected to 0 peer ranks. Expected number of connected peer ranks is : 0
[Gloo] Rank 0 is connected to 0 peer ranks. Expected number of connected peer ranks is : 0
[Gloo] Rank 0 is connected to 0 peer ranks. Expected number of connected peer ranks is : 0
[Gloo] Rank 0 is connected to 0 peer ranks. Expected number of connected peer ranks is : 0
[Gloo] Rank 0 is connected to 0 peer ranks. Expected number of connected peer ranks is : 0
[Gloo] Rank 0 is connected to 0 peer ranks. Expected number of connected peer ranks is : 0
[Gloo] Rank 0 is connected to 3 peer ranks. Expected number of connected peer ranks is : 3
[Gloo] Rank 3 is connected to 3 peer ranks. Expected number of connected peer ranks is : 3
[Gloo] Rank 2 is connected to 3 peer ranks. Expected number of connected peer ranks is : 3
[Gloo] Rank 1 is connected to 3 peer ranks. Expected number of connected peer ranks is : 3
[Gloo] Rank 3 is connected to 3 peer ranks. Expected number of connected peer ranks is : 3
[Gloo] Rank 0 is connected to 3 peer ranks. Expected number of connected peer ranks is : 3
[Gloo] Rank 2 is connected to 3 peer ranks. Expected number of connected peer ranks is : 3
[Gloo] Rank 1 is connected to 3 peer ranks. Expected number of connected peer ranks is : 3
[Gloo] Rank 0 is connected to 1 peer ranks. Expected number of connected peer ranks is : 1
[Gloo] Rank 1 is connected to 1 peer ranks. Expected number of connected peer ranks is : 1
[Gloo] Rank 0 is connected to 1 peer ranks. Expected number of connected peer ranks is : 1[Gloo] Rank 
1 is connected to 1 peer ranks. Expected number of connected peer ranks is : 1
[Gloo] Rank 1 is connected to 1 peer ranks. Expected number of connected peer ranks is : 1
[Gloo] Rank 0 is connected to 1 peer ranks. Expected number of connected peer ranks is : 1
[Gloo] Rank [Gloo] Rank 10 is connected to  is connected to 11 peer ranks.  peer ranks. Expected number of connected peer ranks is : Expected number of connected peer ranks is : 11

2026-06-07 12:22:02.197	hnode011:0	olmo_core.distributed.parallel:246	INFO	Built 3D device mesh with shape (dp_replicate=1, dp_shard=4, cp=2)
[Gloo] Rank 0 is connected to 3 peer ranks. Expected number of connected peer ranks is : 3
[Gloo] Rank 1 is connected to 3 peer ranks. Expected number of connected peer ranks is : 3
[Gloo] Rank [Gloo] Rank 32 is connected to  is connected to 33 peer ranks.  peer ranks. Expected number of connected peer ranks is : Expected number of connected peer ranks is : 33

[Gloo] Rank 0 is connected to 3 peer ranks. Expected number of connected peer ranks is : 3
[Gloo] Rank 2 is connected to 3 peer ranks. Expected number of connected peer ranks is : 3
[Gloo] Rank 1 is connected to 3 peer ranks. Expected number of connected peer ranks is : 3
[Gloo] Rank 3 is connected to 3 peer ranks. Expected number of connected peer ranks is : 3
2026-06-07 12:22:02.205	hnode011:0	olmo_core.train.train_module.transformer.train_module:141	INFO	Data parallel world size = 4
2026-06-07 12:22:02.213	hnode011:0	olmo_core.float8:158	INFO	Ignored modules for Float8 conversion: ['blocks.0.attention.w_k', 'blocks.0.attention.w_out', 'blocks.0.attention.w_q', 'blocks.0.attention.w_v', 'blocks.1.attention.w_k', 'blocks.1.attention.w_out', 'blocks.1.attention.w_q', 'blocks.1.attention.w_v', 'blocks.10.attention.w_k', 'blocks.10.attention.w_out', 'blocks.10.attention.w_q', 'blocks.10.attention.w_v', 'blocks.11.attention.w_k', 'blocks.11.attention.w_out', 'blocks.11.attention.w_q', 'blocks.11.attention.w_v', 'blocks.12.attention.w_k', 'blocks.12.attention.w_out', 'blocks.12.attention.w_q', 'blocks.12.attention.w_v', 'blocks.13.attention.w_k', 'blocks.13.attention.w_out', 'blocks.13.attention.w_q', 'blocks.13.attention.w_v', 'blocks.14.attention.w_k', 'blocks.14.attention.w_out', 'blocks.14.attention.w_q', 'blocks.14.attention.w_v', 'blocks.15.attention.w_k', 'blocks.15.attention.w_out', 'blocks.15.attention.w_q', 'blocks.15.attention.w_v', 'blocks.16.attention.w_k', 'blocks.16.attention.w_out', 'blocks.16.attention.w_q', 'blocks.16.attention.w_v', 'blocks.17.attention.w_k', 'blocks.17.attention.w_out', 'blocks.17.attention.w_q', 'blocks.17.attention.w_v', 'blocks.18.attention.w_k', 'blocks.18.attention.w_out', 'blocks.18.attention.w_q', 'blocks.18.attention.w_v', 'blocks.19.attention.w_k', 'blocks.19.attention.w_out', 'blocks.19.attention.w_q', 'blocks.19.attention.w_v', 'blocks.2.attention.w_k', 'blocks.2.attention.w_out', 'blocks.2.attention.w_q', 'blocks.2.attention.w_v', 'blocks.20.attention.w_k', 'blocks.20.attention.w_out', 'blocks.20.attention.w_q', 'blocks.20.attention.w_v', 'blocks.21.attention.w_k', 'blocks.21.attention.w_out', 'blocks.21.attention.w_q', 'blocks.21.attention.w_v', 'blocks.22.attention.w_k', 'blocks.22.attention.w_out', 'blocks.22.attention.w_q', 'blocks.22.attention.w_v', 'blocks.23.attention.w_k', 'blocks.23.attention.w_out', 'blocks.23.attention.w_q', 'blocks.23.attention.w_v', 'blocks.24.attention.w_k', 'blocks.24.attention.w_out', 'blocks.24.attention.w_q', 'blocks.24.attention.w_v', 'blocks.25.attention.w_k', 'blocks.25.attention.w_out', 'blocks.25.attention.w_q', 'blocks.25.attention.w_v', 'blocks.26.attention.w_k', 'blocks.26.attention.w_out', 'blocks.26.attention.w_q', 'blocks.26.attention.w_v', 'blocks.27.attention.w_k', 'blocks.27.attention.w_out', 'blocks.27.attention.w_q', 'blocks.27.attention.w_v', 'blocks.28.attention.w_k', 'blocks.28.attention.w_out', 'blocks.28.attention.w_q', 'blocks.28.attention.w_v', 'blocks.29.attention.w_k', 'blocks.29.attention.w_out', 'blocks.29.attention.w_q', 'blocks.29.attention.w_v', 'blocks.3.attention.w_k', 'blocks.3.attention.w_out', 'blocks.3.attention.w_q', 'blocks.3.attention.w_v', 'blocks.30.attention.w_k', 'blocks.30.attention.w_out', 'blocks.30.attention.w_q', 'blocks.30.attention.w_v', 'blocks.31.attention.w_k', 'blocks.31.attention.w_out', 'blocks.31.attention.w_q', 'blocks.31.attention.w_v', 'blocks.4.attention.w_k', 'blocks.4.attention.w_out', 'blocks.4.attention.w_q', 'blocks.4.attention.w_v', 'blocks.5.attention.w_k', 'blocks.5.attention.w_out', 'blocks.5.attention.w_q', 'blocks.5.attention.w_v', 'blocks.6.attention.w_k', 'blocks.6.attention.w_out', 'blocks.6.attention.w_q', 'blocks.6.attention.w_v', 'blocks.7.attention.w_k', 'blocks.7.attention.w_out', 'blocks.7.attention.w_q', 'blocks.7.attention.w_v', 'blocks.8.attention.w_k', 'blocks.8.attention.w_out', 'blocks.8.attention.w_q', 'blocks.8.attention.w_v', 'blocks.9.attention.w_k', 'blocks.9.attention.w_out', 'blocks.9.attention.w_q', 'blocks.9.attention.w_v', 'lm_head.w_out']
2026-06-07 12:22:02.213	hnode011:0	olmo_core.train.train_module.transformer.common:63	INFO	Swapped linear layers to Float8 linear layers
Transformer(
  (embeddings): Embedding(100352, 4096)
  (blocks): ModuleDict(
    (0): ReorderedNormTransformerBlock(
      (attention): Attention(
        (w_q): Linear(in_features=4096, out_features=4096, bias=False)
        (w_k): Linear(in_features=4096, out_features=4096, bias=False)
        (w_v): Linear(in_features=4096, out_features=4096, bias=False)
        (w_out): Linear(in_features=4096, out_features=4096, bias=False)
        (q_norm): RMSNorm((4096,), eps=1e-06)
        (k_norm): RMSNorm((4096,), eps=1e-06)
        (rope): RotaryEmbedding()
        (backend): FlashAttention2Backend()
      )
      (attention_norm): RMSNorm((4096,), eps=1e-06)
      (attention_residual_stream): ResidualStream(
        (dropout): Identity()
      )
      (feed_forward): FeedForward(
        (w1): Float8Linear(in_features=4096, out_features=11008, bias=False, cast_configs=i:dyn_axs_e4m3,w:dyn_axs_e4m3,go:dyn_axs_e4m3")
        (w2): Float8Linear(in_features=11008, out_features=4096, bias=False, cast_configs=i:dyn_axs_e4m3,w:dyn_axs_e4m3,go:dyn_axs_e4m3")
        (w3): Float8Linear(in_features=4096, out_features=11008, bias=False, cast_configs=i:dyn_axs_e4m3,w:dyn_axs_e4m3,go:dyn_axs_e4m3")
      )
      (feed_forward_norm): RMSNorm((4096,), eps=1e-06)
      (feed_forward_residual_stream): ResidualStream(
        (dropout): Identity()
      )
    )
    (1): ReorderedNormTransformerBlock(
      (attention): Attention(
        (w_q): Linear(in_features=4096, out_features=4096, bias=False)
        (w_k): Linear(in_features=4096, out_features=4096, bias=False)
        (w_v): Linear(in_features=4096, out_features=4096, bias=False)
        (w_out): Linear(in_features=4096, out_features=4096, bias=False)
        (q_norm): RMSNorm((4096,), eps=1e-06)
        (k_norm): RMSNorm((4096,), eps=1e-06)
        (rope): RotaryEmbedding()
        (backend): FlashAttention2Backend()
      )
      (attention_norm): RMSNorm((4096,), eps=1e-06)
      (attention_residual_stream): ResidualStream(
        (dropout): Identity()
      )
      (feed_forward): FeedForward(
        (w1): Float8Linear(in_features=4096, out_features=11008, bias=False, cast_configs=i:dyn_axs_e4m3,w:dyn_axs_e4m3,go:dyn_axs_e4m3")
        (w2): Float8Linear(in_features=11008, out_features=4096, bias=False, cast_configs=i:dyn_axs_e4m3,w:dyn_axs_e4m3,go:dyn_axs_e4m3")
        (w3): Float8Linear(in_features=4096, out_features=11008, bias=False, cast_configs=i:dyn_axs_e4m3,w:dyn_axs_e4m3,go:dyn_axs_e4m3")
      )
      (feed_forward_norm): RMSNorm((4096,), eps=1e-06)
      (feed_forward_residual_stream): ResidualStream(
        (dropout): Identity()
      )
    )
    (2): ReorderedNormTransformerBlock(
      (attention): Attention(
        (w_q): Linear(in_features=4096, out_features=4096, bias=False)
        (w_k): Linear(in_features=4096, out_features=4096, bias=False)
        (w_v): Linear(in_features=4096, out_features=4096, bias=False)
        (w_out): Linear(in_features=4096, out_features=4096, bias=False)
        (q_norm): RMSNorm((4096,), eps=1e-06)
        (k_norm): RMSNorm((4096,), eps=1e-06)
        (rope): RotaryEmbedding()
        (backend): FlashAttention2Backend()
      )
      (attention_norm): RMSNorm((4096,), eps=1e-06)
      (attention_residual_stream): ResidualStream(
        (dropout): Identity()
      )
      (feed_forward): FeedForward(
        (w1): Float8Linear(in_features=4096, out_features=11008, bias=False, cast_configs=i:dyn_axs_e4m3,w:dyn_axs_e4m3,go:dyn_axs_e4m3")
        (w2): Float8Linear(in_features=11008, out_features=4096, bias=False, cast_configs=i:dyn_axs_e4m3,w:dyn_axs_e4m3,go:dyn_axs_e4m3")
        (w3): Float8Linear(in_features=4096, out_features=11008, bias=False, cast_configs=i:dyn_axs_e4m3,w:dyn_axs_e4m3,go:dyn_axs_e4m3")
      )
      (feed_forward_norm): RMSNorm((4096,), eps=1e-06)
      (feed_forward_residual_stream): ResidualStream(
        (dropout): Identity()
      )
    )
    (3): ReorderedNormTransformerBlock(
      (attention): Attention(
        (w_q): Linear(in_features=4096, out_features=4096, bias=False)
        (w_k): Linear(in_features=4096, out_features=4096, bias=False)
        (w_v): Linear(in_features=4096, out_features=4096, bias=False)
        (w_out): Linear(in_features=4096, out_features=4096, bias=False)
        (q_norm): RMSNorm((4096,), eps=1e-06)
        (k_norm): RMSNorm((4096,), eps=1e-06)
        (rope): RotaryEmbedding()
        (backend): FlashAttention2Backend()
      )
      (attention_norm): RMSNorm((4096,), eps=1e-06)
      (attention_residual_stream): ResidualStream(
        (dropout): Identity()
      )
      (feed_forward): FeedForward(
        (w1): Float8Linear(in_features=4096, out_features=11008, bias=False, cast_configs=i:dyn_axs_e4m3,w:dyn_axs_e4m3,go:dyn_axs_e4m3")
        (w2): Float8Linear(in_features=11008, out_features=4096, bias=False, cast_configs=i:dyn_axs_e4m3,w:dyn_axs_e4m3,go:dyn_axs_e4m3")
        (w3): Float8Linear(in_features=4096, out_features=11008, bias=False, cast_configs=i:dyn_axs_e4m3,w:dyn_axs_e4m3,go:dyn_axs_e4m3")
      )
      (feed_forward_norm): RMSNorm((4096,), eps=1e-06)
      (feed_forward_residual_stream): ResidualStream(
        (dropout): Identity()
      )
    )
    (4): ReorderedNormTransformerBlock(
      (attention): Attention(
        (w_q): Linear(in_features=4096, out_features=4096, bias=False)
        (w_k): Linear(in_features=4096, out_features=4096, bias=False)
        (w_v): Linear(in_features=4096, out_features=4096, bias=False)
        (w_out): Linear(in_features=4096, out_features=4096, bias=False)
        (q_norm): RMSNorm((4096,), eps=1e-06)
        (k_norm): RMSNorm((4096,), eps=1e-06)
        (rope): RotaryEmbedding()
        (backend): FlashAttention2Backend()
      )
      (attention_norm): RMSNorm((4096,), eps=1e-06)
      (attention_residual_stream): ResidualStream(
        (dropout): Identity()
      )
      (feed_forward): FeedForward(
        (w1): Float8Linear(in_features=4096, out_features=11008, bias=False, cast_configs=i:dyn_axs_e4m3,w:dyn_axs_e4m3,go:dyn_axs_e4m3")
        (w2): Float8Linear(in_features=11008, out_features=4096, bias=False, cast_configs=i:dyn_axs_e4m3,w:dyn_axs_e4m3,go:dyn_axs_e4m3")
        (w3): Float8Linear(in_features=4096, out_features=11008, bias=False, cast_configs=i:dyn_axs_e4m3,w:dyn_axs_e4m3,go:dyn_axs_e4m3")
      )
      (feed_forward_norm): RMSNorm((4096,), eps=1e-06)
      (feed_forward_residual_stream): ResidualStream(
        (dropout): Identity()
      )
    )
    (5): ReorderedNormTransformerBlock(
      (attention): Attention(
        (w_q): Linear(in_features=4096, out_features=4096, bias=False)
        (w_k): Linear(in_features=4096, out_features=4096, bias=False)
        (w_v): Linear(in_features=4096, out_features=4096, bias=False)
        (w_out): Linear(in_features=4096, out_features=4096, bias=False)
        (q_norm): RMSNorm((4096,), eps=1e-06)
        (k_norm): RMSNorm((4096,), eps=1e-06)
        (rope): RotaryEmbedding()
        (backend): FlashAttention2Backend()
      )
      (attention_norm): RMSNorm((4096,), eps=1e-06)
      (attention_residual_stream): ResidualStream(
        (dropout): Identity()
      )
      (feed_forward): FeedForward(
        (w1): Float8Linear(in_features=4096, out_features=11008, bias=False, cast_configs=i:dyn_axs_e4m3,w:dyn_axs_e4m3,go:dyn_axs_e4m3")
        (w2): Float8Linear(in_features=11008, out_features=4096, bias=False, cast_configs=i:dyn_axs_e4m3,w:dyn_axs_e4m3,go:dyn_axs_e4m3")
        (w3): Float8Linear(in_features=4096, out_features=11008, bias=False, cast_configs=i:dyn_axs_e4m3,w:dyn_axs_e4m3,go:dyn_axs_e4m3")
      )
      (feed_forward_norm): RMSNorm((4096,), eps=1e-06)
      (feed_forward_residual_stream): ResidualStream(
        (dropout): Identity()
      )
    )
    (6): ReorderedNormTransformerBlock(
      (attention): Attention(
        (w_q): Linear(in_features=4096, out_features=4096, bias=False)
        (w_k): Linear(in_features=4096, out_features=4096, bias=False)
        (w_v): Linear(in_features=4096, out_features=4096, bias=False)
        (w_out): Linear(in_features=4096, out_features=4096, bias=False)
        (q_norm): RMSNorm((4096,), eps=1e-06)
        (k_norm): RMSNorm((4096,), eps=1e-06)
        (rope): RotaryEmbedding()
        (backend): FlashAttention2Backend()
      )
      (attention_norm): RMSNorm((4096,), eps=1e-06)
      (attention_residual_stream): ResidualStream(
        (dropout): Identity()
      )
      (feed_forward): FeedForward(
        (w1): Float8Linear(in_features=4096, out_features=11008, bias=False, cast_configs=i:dyn_axs_e4m3,w:dyn_axs_e4m3,go:dyn_axs_e4m3")
        (w2): Float8Linear(in_features=11008, out_features=4096, bias=False, cast_configs=i:dyn_axs_e4m3,w:dyn_axs_e4m3,go:dyn_axs_e4m3")
        (w3): Float8Linear(in_features=4096, out_features=11008, bias=False, cast_configs=i:dyn_axs_e4m3,w:dyn_axs_e4m3,go:dyn_axs_e4m3")
      )
      (feed_forward_norm): RMSNorm((4096,), eps=1e-06)
      (feed_forward_residual_stream): ResidualStream(
        (dropout): Identity()
      )
    )
    (7): ReorderedNormTransformerBlock(
      (attention): Attention(
        (w_q): Linear(in_features=4096, out_features=4096, bias=False)
        (w_k): Linear(in_features=4096, out_features=4096, bias=False)
        (w_v): Linear(in_features=4096, out_features=4096, bias=False)
        (w_out): Linear(in_features=4096, out_features=4096, bias=False)
        (q_norm): RMSNorm((4096,), eps=1e-06)
        (k_norm): RMSNorm((4096,), eps=1e-06)
        (rope): RotaryEmbedding()
        (backend): FlashAttention2Backend()
      )
      (attention_norm): RMSNorm((4096,), eps=1e-06)
      (attention_residual_stream): ResidualStream(
        (dropout): Identity()
      )
      (feed_forward): FeedForward(
        (w1): Float8Linear(in_features=4096, out_features=11008, bias=False, cast_configs=i:dyn_axs_e4m3,w:dyn_axs_e4m3,go:dyn_axs_e4m3")
        (w2): Float8Linear(in_features=11008, out_features=4096, bias=False, cast_configs=i:dyn_axs_e4m3,w:dyn_axs_e4m3,go:dyn_axs_e4m3")
        (w3): Float8Linear(in_features=4096, out_features=11008, bias=False, cast_configs=i:dyn_axs_e4m3,w:dyn_axs_e4m3,go:dyn_axs_e4m3")
      )
      (feed_forward_norm): RMSNorm((4096,), eps=1e-06)
      (feed_forward_residual_stream): ResidualStream(
        (dropout): Identity()
      )
    )
    (8): ReorderedNormTransformerBlock(
      (attention): Attention(
        (w_q): Linear(in_features=4096, out_features=4096, bias=False)
        (w_k): Linear(in_features=4096, out_features=4096, bias=False)
        (w_v): Linear(in_features=4096, out_features=4096, bias=False)
        (w_out): Linear(in_features=4096, out_features=4096, bias=False)
        (q_norm): RMSNorm((4096,), eps=1e-06)
        (k_norm): RMSNorm((4096,), eps=1e-06)
        (rope): RotaryEmbedding()
        (backend): FlashAttention2Backend()
      )
      (attention_norm): RMSNorm((4096,), eps=1e-06)
      (attention_residual_stream): ResidualStream(
        (dropout): Identity()
      )
      (feed_forward): FeedForward(
        (w1): Float8Linear(in_features=4096, out_features=11008, bias=False, cast_configs=i:dyn_axs_e4m3,w:dyn_axs_e4m3,go:dyn_axs_e4m3")
        (w2): Float8Linear(in_features=11008, out_features=4096, bias=False, cast_configs=i:dyn_axs_e4m3,w:dyn_axs_e4m3,go:dyn_axs_e4m3")
        (w3): Float8Linear(in_features=4096, out_features=11008, bias=False, cast_configs=i:dyn_axs_e4m3,w:dyn_axs_e4m3,go:dyn_axs_e4m3")
      )
      (feed_forward_norm): RMSNorm((4096,), eps=1e-06)
      (feed_forward_residual_stream): ResidualStream(
        (dropout): Identity()
      )
    )
    (9): ReorderedNormTransformerBlock(
      (attention): Attention(
        (w_q): Linear(in_features=4096, out_features=4096, bias=False)
        (w_k): Linear(in_features=4096, out_features=4096, bias=False)
        (w_v): Linear(in_features=4096, out_features=4096, bias=False)
        (w_out): Linear(in_features=4096, out_features=4096, bias=False)
        (q_norm): RMSNorm((4096,), eps=1e-06)
        (k_norm): RMSNorm((4096,), eps=1e-06)
        (rope): RotaryEmbedding()
        (backend): FlashAttention2Backend()
      )
      (attention_norm): RMSNorm((4096,), eps=1e-06)
      (attention_residual_stream): ResidualStream(
        (dropout): Identity()
      )
      (feed_forward): FeedForward(
        (w1): Float8Linear(in_features=4096, out_features=11008, bias=False, cast_configs=i:dyn_axs_e4m3,w:dyn_axs_e4m3,go:dyn_axs_e4m3")
        (w2): Float8Linear(in_features=11008, out_features=4096, bias=False, cast_configs=i:dyn_axs_e4m3,w:dyn_axs_e4m3,go:dyn_axs_e4m3")
        (w3): Float8Linear(in_features=4096, out_features=11008, bias=False, cast_configs=i:dyn_axs_e4m3,w:dyn_axs_e4m3,go:dyn_axs_e4m3")
      )
      (feed_forward_norm): RMSNorm((4096,), eps=1e-06)
      (feed_forward_residual_stream): ResidualStream(
        (dropout): Identity()
      )
    )
    (10): ReorderedNormTransformerBlock(
      (attention): Attention(
        (w_q): Linear(in_features=4096, out_features=4096, bias=False)
        (w_k): Linear(in_features=4096, out_features=4096, bias=False)
        (w_v): Linear(in_features=4096, out_features=4096, bias=False)
        (w_out): Linear(in_features=4096, out_features=4096, bias=False)
        (q_norm): RMSNorm((4096,), eps=1e-06)
        (k_norm): RMSNorm((4096,), eps=1e-06)
        (rope): RotaryEmbedding()
        (backend): FlashAttention2Backend()
      )
      (attention_norm): RMSNorm((4096,), eps=1e-06)
      (attention_residual_stream): ResidualStream(
        (dropout): Identity()
      )
      (feed_forward): FeedForward(
        (w1): Float8Linear(in_features=4096, out_features=11008, bias=False, cast_configs=i:dyn_axs_e4m3,w:dyn_axs_e4m3,go:dyn_axs_e4m3")
        (w2): Float8Linear(in_features=11008, out_features=4096, bias=False, cast_configs=i:dyn_axs_e4m3,w:dyn_axs_e4m3,go:dyn_axs_e4m3")
        (w3): Float8Linear(in_features=4096, out_features=11008, bias=False, cast_configs=i:dyn_axs_e4m3,w:dyn_axs_e4m3,go:dyn_axs_e4m3")
      )
      (feed_forward_norm): RMSNorm((4096,), eps=1e-06)
      (feed_forward_residual_stream): ResidualStream(
        (dropout): Identity()
      )
    )
    (11): ReorderedNormTransformerBlock(
      (attention): Attention(
        (w_q): Linear(in_features=4096, out_features=4096, bias=False)
        (w_k): Linear(in_features=4096, out_features=4096, bias=False)
        (w_v): Linear(in_features=4096, out_features=4096, bias=False)
        (w_out): Linear(in_features=4096, out_features=4096, bias=False)
        (q_norm): RMSNorm((4096,), eps=1e-06)
        (k_norm): RMSNorm((4096,), eps=1e-06)
        (rope): RotaryEmbedding()
        (backend): FlashAttention2Backend()
      )
      (attention_norm): RMSNorm((4096,), eps=1e-06)
      (attention_residual_stream): ResidualStream(
        (dropout): Identity()
      )
      (feed_forward): FeedForward(
        (w1): Float8Linear(in_features=4096, out_features=11008, bias=False, cast_configs=i:dyn_axs_e4m3,w:dyn_axs_e4m3,go:dyn_axs_e4m3")
        (w2): Float8Linear(in_features=11008, out_features=4096, bias=False, cast_configs=i:dyn_axs_e4m3,w:dyn_axs_e4m3,go:dyn_axs_e4m3")
        (w3): Float8Linear(in_features=4096, out_features=11008, bias=False, cast_configs=i:dyn_axs_e4m3,w:dyn_axs_e4m3,go:dyn_axs_e4m3")
      )
      (feed_forward_norm): RMSNorm((4096,), eps=1e-06)
      (feed_forward_residual_stream): ResidualStream(
        (dropout): Identity()
      )
    )
    (12): ReorderedNormTransformerBlock(
      (attention): Attention(
        (w_q): Linear(in_features=4096, out_features=4096, bias=False)
        (w_k): Linear(in_features=4096, out_features=4096, bias=False)
        (w_v): Linear(in_features=4096, out_features=4096, bias=False)
        (w_out): Linear(in_features=4096, out_features=4096, bias=False)
        (q_norm): RMSNorm((4096,), eps=1e-06)
        (k_norm): RMSNorm((4096,), eps=1e-06)
        (rope): RotaryEmbedding()
        (backend): FlashAttention2Backend()
      )
      (attention_norm): RMSNorm((4096,), eps=1e-06)
      (attention_residual_stream): ResidualStream(
        (dropout): Identity()
      )
      (feed_forward): FeedForward(
        (w1): Float8Linear(in_features=4096, out_features=11008, bias=False, cast_configs=i:dyn_axs_e4m3,w:dyn_axs_e4m3,go:dyn_axs_e4m3")
        (w2): Float8Linear(in_features=11008, out_features=4096, bias=False, cast_configs=i:dyn_axs_e4m3,w:dyn_axs_e4m3,go:dyn_axs_e4m3")
        (w3): Float8Linear(in_features=4096, out_features=11008, bias=False, cast_configs=i:dyn_axs_e4m3,w:dyn_axs_e4m3,go:dyn_axs_e4m3")
      )
      (feed_forward_norm): RMSNorm((4096,), eps=1e-06)
      (feed_forward_residual_stream): ResidualStream(
        (dropout): Identity()
      )
    )
    (13): ReorderedNormTransformerBlock(
      (attention): Attention(
        (w_q): Linear(in_features=4096, out_features=4096, bias=False)
        (w_k): Linear(in_features=4096, out_features=4096, bias=False)
        (w_v): Linear(in_features=4096, out_features=4096, bias=False)
        (w_out): Linear(in_features=4096, out_features=4096, bias=False)
        (q_norm): RMSNorm((4096,), eps=1e-06)
        (k_norm): RMSNorm((4096,), eps=1e-06)
        (rope): RotaryEmbedding()
        (backend): FlashAttention2Backend()
      )
      (attention_norm): RMSNorm((4096,), eps=1e-06)
      (attention_residual_stream): ResidualStream(
        (dropout): Identity()
      )
      (feed_forward): FeedForward(
        (w1): Float8Linear(in_features=4096, out_features=11008, bias=False, cast_configs=i:dyn_axs_e4m3,w:dyn_axs_e4m3,go:dyn_axs_e4m3")
        (w2): Float8Linear(in_features=11008, out_features=4096, bias=False, cast_configs=i:dyn_axs_e4m3,w:dyn_axs_e4m3,go:dyn_axs_e4m3")
        (w3): Float8Linear(in_features=4096, out_features=11008, bias=False, cast_configs=i:dyn_axs_e4m3,w:dyn_axs_e4m3,go:dyn_axs_e4m3")
      )
      (feed_forward_norm): RMSNorm((4096,), eps=1e-06)
      (feed_forward_residual_stream): ResidualStream(
        (dropout): Identity()
      )
    )
    (14): ReorderedNormTransformerBlock(
      (attention): Attention(
        (w_q): Linear(in_features=4096, out_features=4096, bias=False)
        (w_k): Linear(in_features=4096, out_features=4096, bias=False)
        (w_v): Linear(in_features=4096, out_features=4096, bias=False)
        (w_out): Linear(in_features=4096, out_features=4096, bias=False)
        (q_norm): RMSNorm((4096,), eps=1e-06)
        (k_norm): RMSNorm((4096,), eps=1e-06)
        (rope): RotaryEmbedding()
        (backend): FlashAttention2Backend()
      )
      (attention_norm): RMSNorm((4096,), eps=1e-06)
      (attention_residual_stream): ResidualStream(
        (dropout): Identity()
      )
      (feed_forward): FeedForward(
        (w1): Float8Linear(in_features=4096, out_features=11008, bias=False, cast_configs=i:dyn_axs_e4m3,w:dyn_axs_e4m3,go:dyn_axs_e4m3")
        (w2): Float8Linear(in_features=11008, out_features=4096, bias=False, cast_configs=i:dyn_axs_e4m3,w:dyn_axs_e4m3,go:dyn_axs_e4m3")
        (w3): Float8Linear(in_features=4096, out_features=11008, bias=False, cast_configs=i:dyn_axs_e4m3,w:dyn_axs_e4m3,go:dyn_axs_e4m3")
      )
      (feed_forward_norm): RMSNorm((4096,), eps=1e-06)
      (feed_forward_residual_stream): ResidualStream(
        (dropout): Identity()
      )
    )
    (15): ReorderedNormTransformerBlock(
      (attention): Attention(
        (w_q): Linear(in_features=4096, out_features=4096, bias=False)
        (w_k): Linear(in_features=4096, out_features=4096, bias=False)
        (w_v): Linear(in_features=4096, out_features=4096, bias=False)
        (w_out): Linear(in_features=4096, out_features=4096, bias=False)
        (q_norm): RMSNorm((4096,), eps=1e-06)
        (k_norm): RMSNorm((4096,), eps=1e-06)
        (rope): RotaryEmbedding()
        (backend): FlashAttention2Backend()
      )
      (attention_norm): RMSNorm((4096,), eps=1e-06)
      (attention_residual_stream): ResidualStream(
        (dropout): Identity()
      )
      (feed_forward): FeedForward(
        (w1): Float8Linear(in_features=4096, out_features=11008, bias=False, cast_configs=i:dyn_axs_e4m3,w:dyn_axs_e4m3,go:dyn_axs_e4m3")
        (w2): Float8Linear(in_features=11008, out_features=4096, bias=False, cast_configs=i:dyn_axs_e4m3,w:dyn_axs_e4m3,go:dyn_axs_e4m3")
        (w3): Float8Linear(in_features=4096, out_features=11008, bias=False, cast_configs=i:dyn_axs_e4m3,w:dyn_axs_e4m3,go:dyn_axs_e4m3")
      )
      (feed_forward_norm): RMSNorm((4096,), eps=1e-06)
      (feed_forward_residual_stream): ResidualStream(
        (dropout): Identity()
      )
    )
    (16): ReorderedNormTransformerBlock(
      (attention): Attention(
        (w_q): Linear(in_features=4096, out_features=4096, bias=False)
        (w_k): Linear(in_features=4096, out_features=4096, bias=False)
        (w_v): Linear(in_features=4096, out_features=4096, bias=False)
        (w_out): Linear(in_features=4096, out_features=4096, bias=False)
        (q_norm): RMSNorm((4096,), eps=1e-06)
        (k_norm): RMSNorm((4096,), eps=1e-06)
        (rope): RotaryEmbedding()
        (backend): FlashAttention2Backend()
      )
      (attention_norm): RMSNorm((4096,), eps=1e-06)
      (attention_residual_stream): ResidualStream(
        (dropout): Identity()
      )
      (feed_forward): FeedForward(
        (w1): Float8Linear(in_features=4096, out_features=11008, bias=False, cast_configs=i:dyn_axs_e4m3,w:dyn_axs_e4m3,go:dyn_axs_e4m3")
        (w2): Float8Linear(in_features=11008, out_features=4096, bias=False, cast_configs=i:dyn_axs_e4m3,w:dyn_axs_e4m3,go:dyn_axs_e4m3")
        (w3): Float8Linear(in_features=4096, out_features=11008, bias=False, cast_configs=i:dyn_axs_e4m3,w:dyn_axs_e4m3,go:dyn_axs_e4m3")
      )
      (feed_forward_norm): RMSNorm((4096,), eps=1e-06)
      (feed_forward_residual_stream): ResidualStream(
        (dropout): Identity()
      )
    )
    (17): ReorderedNormTransformerBlock(
      (attention): Attention(
        (w_q): Linear(in_features=4096, out_features=4096, bias=False)
        (w_k): Linear(in_features=4096, out_features=4096, bias=False)
        (w_v): Linear(in_features=4096, out_features=4096, bias=False)
        (w_out): Linear(in_features=4096, out_features=4096, bias=False)
        (q_norm): RMSNorm((4096,), eps=1e-06)
        (k_norm): RMSNorm((4096,), eps=1e-06)
        (rope): RotaryEmbedding()
        (backend): FlashAttention2Backend()
      )
      (attention_norm): RMSNorm((4096,), eps=1e-06)
      (attention_residual_stream): ResidualStream(
        (dropout): Identity()
      )
      (feed_forward): FeedForward(
        (w1): Float8Linear(in_features=4096, out_features=11008, bias=False, cast_configs=i:dyn_axs_e4m3,w:dyn_axs_e4m3,go:dyn_axs_e4m3")
        (w2): Float8Linear(in_features=11008, out_features=4096, bias=False, cast_configs=i:dyn_axs_e4m3,w:dyn_axs_e4m3,go:dyn_axs_e4m3")
        (w3): Float8Linear(in_features=4096, out_features=11008, bias=False, cast_configs=i:dyn_axs_e4m3,w:dyn_axs_e4m3,go:dyn_axs_e4m3")
      )
      (feed_forward_norm): RMSNorm((4096,), eps=1e-06)
      (feed_forward_residual_stream): ResidualStream(
        (dropout): Identity()
      )
    )
    (18): ReorderedNormTransformerBlock(
      (attention): Attention(
        (w_q): Linear(in_features=4096, out_features=4096, bias=False)
        (w_k): Linear(in_features=4096, out_features=4096, bias=False)
        (w_v): Linear(in_features=4096, out_features=4096, bias=False)
        (w_out): Linear(in_features=4096, out_features=4096, bias=False)
        (q_norm): RMSNorm((4096,), eps=1e-06)
        (k_norm): RMSNorm((4096,), eps=1e-06)
        (rope): RotaryEmbedding()
        (backend): FlashAttention2Backend()
      )
      (attention_norm): RMSNorm((4096,), eps=1e-06)
      (attention_residual_stream): ResidualStream(
        (dropout): Identity()
      )
      (feed_forward): FeedForward(
        (w1): Float8Linear(in_features=4096, out_features=11008, bias=False, cast_configs=i:dyn_axs_e4m3,w:dyn_axs_e4m3,go:dyn_axs_e4m3")
        (w2): Float8Linear(in_features=11008, out_features=4096, bias=False, cast_configs=i:dyn_axs_e4m3,w:dyn_axs_e4m3,go:dyn_axs_e4m3")
        (w3): Float8Linear(in_features=4096, out_features=11008, bias=False, cast_configs=i:dyn_axs_e4m3,w:dyn_axs_e4m3,go:dyn_axs_e4m3")
      )
      (feed_forward_norm): RMSNorm((4096,), eps=1e-06)
      (feed_forward_residual_stream): ResidualStream(
        (dropout): Identity()
      )
    )
    (19): ReorderedNormTransformerBlock(
      (attention): Attention(
        (w_q): Linear(in_features=4096, out_features=4096, bias=False)
        (w_k): Linear(in_features=4096, out_features=4096, bias=False)
        (w_v): Linear(in_features=4096, out_features=4096, bias=False)
        (w_out): Linear(in_features=4096, out_features=4096, bias=False)
        (q_norm): RMSNorm((4096,), eps=1e-06)
        (k_norm): RMSNorm((4096,), eps=1e-06)
        (rope): RotaryEmbedding()
        (backend): FlashAttention2Backend()
      )
      (attention_norm): RMSNorm((4096,), eps=1e-06)
      (attention_residual_stream): ResidualStream(
        (dropout): Identity()
      )
      (feed_forward): FeedForward(
        (w1): Float8Linear(in_features=4096, out_features=11008, bias=False, cast_configs=i:dyn_axs_e4m3,w:dyn_axs_e4m3,go:dyn_axs_e4m3")
        (w2): Float8Linear(in_features=11008, out_features=4096, bias=False, cast_configs=i:dyn_axs_e4m3,w:dyn_axs_e4m3,go:dyn_axs_e4m3")
        (w3): Float8Linear(in_features=4096, out_features=11008, bias=False, cast_configs=i:dyn_axs_e4m3,w:dyn_axs_e4m3,go:dyn_axs_e4m3")
      )
      (feed_forward_norm): RMSNorm((4096,), eps=1e-06)
      (feed_forward_residual_stream): ResidualStream(
        (dropout): Identity()
      )
    )
    (20): ReorderedNormTransformerBlock(
      (attention): Attention(
        (w_q): Linear(in_features=4096, out_features=4096, bias=False)
        (w_k): Linear(in_features=4096, out_features=4096, bias=False)
        (w_v): Linear(in_features=4096, out_features=4096, bias=False)
        (w_out): Linear(in_features=4096, out_features=4096, bias=False)
        (q_norm): RMSNorm((4096,), eps=1e-06)
        (k_norm): RMSNorm((4096,), eps=1e-06)
        (rope): RotaryEmbedding()
        (backend): FlashAttention2Backend()
      )
      (attention_norm): RMSNorm((4096,), eps=1e-06)
      (attention_residual_stream): ResidualStream(
        (dropout): Identity()
      )
      (feed_forward): FeedForward(
        (w1): Float8Linear(in_features=4096, out_features=11008, bias=False, cast_configs=i:dyn_axs_e4m3,w:dyn_axs_e4m3,go:dyn_axs_e4m3")
        (w2): Float8Linear(in_features=11008, out_features=4096, bias=False, cast_configs=i:dyn_axs_e4m3,w:dyn_axs_e4m3,go:dyn_axs_e4m3")
        (w3): Float8Linear(in_features=4096, out_features=11008, bias=False, cast_configs=i:dyn_axs_e4m3,w:dyn_axs_e4m3,go:dyn_axs_e4m3")
      )
      (feed_forward_norm): RMSNorm((4096,), eps=1e-06)
      (feed_forward_residual_stream): ResidualStream(
        (dropout): Identity()
      )
    )
    (21): ReorderedNormTransformerBlock(
      (attention): Attention(
        (w_q): Linear(in_features=4096, out_features=4096, bias=False)
        (w_k): Linear(in_features=4096, out_features=4096, bias=False)
        (w_v): Linear(in_features=4096, out_features=4096, bias=False)
        (w_out): Linear(in_features=4096, out_features=4096, bias=False)
        (q_norm): RMSNorm((4096,), eps=1e-06)
        (k_norm): RMSNorm((4096,), eps=1e-06)
        (rope): RotaryEmbedding()
        (backend): FlashAttention2Backend()
      )
      (attention_norm): RMSNorm((4096,), eps=1e-06)
      (attention_residual_stream): ResidualStream(
        (dropout): Identity()
      )
      (feed_forward): FeedForward(
        (w1): Float8Linear(in_features=4096, out_features=11008, bias=False, cast_configs=i:dyn_axs_e4m3,w:dyn_axs_e4m3,go:dyn_axs_e4m3")
        (w2): Float8Linear(in_features=11008, out_features=4096, bias=False, cast_configs=i:dyn_axs_e4m3,w:dyn_axs_e4m3,go:dyn_axs_e4m3")
        (w3): Float8Linear(in_features=4096, out_features=11008, bias=False, cast_configs=i:dyn_axs_e4m3,w:dyn_axs_e4m3,go:dyn_axs_e4m3")
      )
      (feed_forward_norm): RMSNorm((4096,), eps=1e-06)
      (feed_forward_residual_stream): ResidualStream(
        (dropout): Identity()
      )
    )
    (22): ReorderedNormTransformerBlock(
      (attention): Attention(
        (w_q): Linear(in_features=4096, out_features=4096, bias=False)
        (w_k): Linear(in_features=4096, out_features=4096, bias=False)
        (w_v): Linear(in_features=4096, out_features=4096, bias=False)
        (w_out): Linear(in_features=4096, out_features=4096, bias=False)
        (q_norm): RMSNorm((4096,), eps=1e-06)
        (k_norm): RMSNorm((4096,), eps=1e-06)
        (rope): RotaryEmbedding()
        (backend): FlashAttention2Backend()
      )
      (attention_norm): RMSNorm((4096,), eps=1e-06)
      (attention_residual_stream): ResidualStream(
        (dropout): Identity()
      )
      (feed_forward): FeedForward(
        (w1): Float8Linear(in_features=4096, out_features=11008, bias=False, cast_configs=i:dyn_axs_e4m3,w:dyn_axs_e4m3,go:dyn_axs_e4m3")
        (w2): Float8Linear(in_features=11008, out_features=4096, bias=False, cast_configs=i:dyn_axs_e4m3,w:dyn_axs_e4m3,go:dyn_axs_e4m3")
        (w3): Float8Linear(in_features=4096, out_features=11008, bias=False, cast_configs=i:dyn_axs_e4m3,w:dyn_axs_e4m3,go:dyn_axs_e4m3")
      )
      (feed_forward_norm): RMSNorm((4096,), eps=1e-06)
      (feed_forward_residual_stream): ResidualStream(
        (dropout): Identity()
      )
    )
    (23): ReorderedNormTransformerBlock(
      (attention): Attention(
        (w_q): Linear(in_features=4096, out_features=4096, bias=False)
        (w_k): Linear(in_features=4096, out_features=4096, bias=False)
        (w_v): Linear(in_features=4096, out_features=4096, bias=False)
        (w_out): Linear(in_features=4096, out_features=4096, bias=False)
        (q_norm): RMSNorm((4096,), eps=1e-06)
        (k_norm): RMSNorm((4096,), eps=1e-06)
        (rope): RotaryEmbedding()
        (backend): FlashAttention2Backend()
      )
      (attention_norm): RMSNorm((4096,), eps=1e-06)
      (attention_residual_stream): ResidualStream(
        (dropout): Identity()
      )
      (feed_forward): FeedForward(
        (w1): Float8Linear(in_features=4096, out_features=11008, bias=False, cast_configs=i:dyn_axs_e4m3,w:dyn_axs_e4m3,go:dyn_axs_e4m3")
        (w2): Float8Linear(in_features=11008, out_features=4096, bias=False, cast_configs=i:dyn_axs_e4m3,w:dyn_axs_e4m3,go:dyn_axs_e4m3")
        (w3): Float8Linear(in_features=4096, out_features=11008, bias=False, cast_configs=i:dyn_axs_e4m3,w:dyn_axs_e4m3,go:dyn_axs_e4m3")
      )
      (feed_forward_norm): RMSNorm((4096,), eps=1e-06)
      (feed_forward_residual_stream): ResidualStream(
        (dropout): Identity()
      )
    )
    (24): ReorderedNormTransformerBlock(
      (attention): Attention(
        (w_q): Linear(in_features=4096, out_features=4096, bias=False)
        (w_k): Linear(in_features=4096, out_features=4096, bias=False)
        (w_v): Linear(in_features=4096, out_features=4096, bias=False)
        (w_out): Linear(in_features=4096, out_features=4096, bias=False)
        (q_norm): RMSNorm((4096,), eps=1e-06)
        (k_norm): RMSNorm((4096,), eps=1e-06)
        (rope): RotaryEmbedding()
        (backend): FlashAttention2Backend()
      )
      (attention_norm): RMSNorm((4096,), eps=1e-06)
      (attention_residual_stream): ResidualStream(
        (dropout): Identity()
      )
      (feed_forward): FeedForward(
        (w1): Float8Linear(in_features=4096, out_features=11008, bias=False, cast_configs=i:dyn_axs_e4m3,w:dyn_axs_e4m3,go:dyn_axs_e4m3")
        (w2): Float8Linear(in_features=11008, out_features=4096, bias=False, cast_configs=i:dyn_axs_e4m3,w:dyn_axs_e4m3,go:dyn_axs_e4m3")
        (w3): Float8Linear(in_features=4096, out_features=11008, bias=False, cast_configs=i:dyn_axs_e4m3,w:dyn_axs_e4m3,go:dyn_axs_e4m3")
      )
      (feed_forward_norm): RMSNorm((4096,), eps=1e-06)
      (feed_forward_residual_stream): ResidualStream(
        (dropout): Identity()
      )
    )
    (25): ReorderedNormTransformerBlock(
      (attention): Attention(
        (w_q): Linear(in_features=4096, out_features=4096, bias=False)
        (w_k): Linear(in_features=4096, out_features=4096, bias=False)
        (w_v): Linear(in_features=4096, out_features=4096, bias=False)
        (w_out): Linear(in_features=4096, out_features=4096, bias=False)
        (q_norm): RMSNorm((4096,), eps=1e-06)
        (k_norm): RMSNorm((4096,), eps=1e-06)
        (rope): RotaryEmbedding()
        (backend): FlashAttention2Backend()
      )
      (attention_norm): RMSNorm((4096,), eps=1e-06)
      (attention_residual_stream): ResidualStream(
        (dropout): Identity()
      )
      (feed_forward): FeedForward(
        (w1): Float8Linear(in_features=4096, out_features=11008, bias=False, cast_configs=i:dyn_axs_e4m3,w:dyn_axs_e4m3,go:dyn_axs_e4m3")
        (w2): Float8Linear(in_features=11008, out_features=4096, bias=False, cast_configs=i:dyn_axs_e4m3,w:dyn_axs_e4m3,go:dyn_axs_e4m3")
        (w3): Float8Linear(in_features=4096, out_features=11008, bias=False, cast_configs=i:dyn_axs_e4m3,w:dyn_axs_e4m3,go:dyn_axs_e4m3")
      )
      (feed_forward_norm): RMSNorm((4096,), eps=1e-06)
      (feed_forward_residual_stream): ResidualStream(
        (dropout): Identity()
      )
    )
    (26): ReorderedNormTransformerBlock(
      (attention): Attention(
        (w_q): Linear(in_features=4096, out_features=4096, bias=False)
        (w_k): Linear(in_features=4096, out_features=4096, bias=False)
        (w_v): Linear(in_features=4096, out_features=4096, bias=False)
        (w_out): Linear(in_features=4096, out_features=4096, bias=False)
        (q_norm): RMSNorm((4096,), eps=1e-06)
        (k_norm): RMSNorm((4096,), eps=1e-06)
        (rope): RotaryEmbedding()
        (backend): FlashAttention2Backend()
      )
      (attention_norm): RMSNorm((4096,), eps=1e-06)
      (attention_residual_stream): ResidualStream(
        (dropout): Identity()
      )
      (feed_forward): FeedForward(
        (w1): Float8Linear(in_features=4096, out_features=11008, bias=False, cast_configs=i:dyn_axs_e4m3,w:dyn_axs_e4m3,go:dyn_axs_e4m3")
        (w2): Float8Linear(in_features=11008, out_features=4096, bias=False, cast_configs=i:dyn_axs_e4m3,w:dyn_axs_e4m3,go:dyn_axs_e4m3")
        (w3): Float8Linear(in_features=4096, out_features=11008, bias=False, cast_configs=i:dyn_axs_e4m3,w:dyn_axs_e4m3,go:dyn_axs_e4m3")
      )
      (feed_forward_norm): RMSNorm((4096,), eps=1e-06)
      (feed_forward_residual_stream): ResidualStream(
        (dropout): Identity()
      )
    )
    (27): ReorderedNormTransformerBlock(
      (attention): Attention(
        (w_q): Linear(in_features=4096, out_features=4096, bias=False)
        (w_k): Linear(in_features=4096, out_features=4096, bias=False)
        (w_v): Linear(in_features=4096, out_features=4096, bias=False)
        (w_out): Linear(in_features=4096, out_features=4096, bias=False)
        (q_norm): RMSNorm((4096,), eps=1e-06)
        (k_norm): RMSNorm((4096,), eps=1e-06)
        (rope): RotaryEmbedding()
        (backend): FlashAttention2Backend()
      )
      (attention_norm): RMSNorm((4096,), eps=1e-06)
      (attention_residual_stream): ResidualStream(
        (dropout): Identity()
      )
      (feed_forward): FeedForward(
        (w1): Float8Linear(in_features=4096, out_features=11008, bias=False, cast_configs=i:dyn_axs_e4m3,w:dyn_axs_e4m3,go:dyn_axs_e4m3")
        (w2): Float8Linear(in_features=11008, out_features=4096, bias=False, cast_configs=i:dyn_axs_e4m3,w:dyn_axs_e4m3,go:dyn_axs_e4m3")
        (w3): Float8Linear(in_features=4096, out_features=11008, bias=False, cast_configs=i:dyn_axs_e4m3,w:dyn_axs_e4m3,go:dyn_axs_e4m3")
      )
      (feed_forward_norm): RMSNorm((4096,), eps=1e-06)
      (feed_forward_residual_stream): ResidualStream(
        (dropout): Identity()
      )
    )
    (28): ReorderedNormTransformerBlock(
      (attention): Attention(
        (w_q): Linear(in_features=4096, out_features=4096, bias=False)
        (w_k): Linear(in_features=4096, out_features=4096, bias=False)
        (w_v): Linear(in_features=4096, out_features=4096, bias=False)
        (w_out): Linear(in_features=4096, out_features=4096, bias=False)
        (q_norm): RMSNorm((4096,), eps=1e-06)
        (k_norm): RMSNorm((4096,), eps=1e-06)
        (rope): RotaryEmbedding()
        (backend): FlashAttention2Backend()
      )
      (attention_norm): RMSNorm((4096,), eps=1e-06)
      (attention_residual_stream): ResidualStream(
        (dropout): Identity()
      )
      (feed_forward): FeedForward(
        (w1): Float8Linear(in_features=4096, out_features=11008, bias=False, cast_configs=i:dyn_axs_e4m3,w:dyn_axs_e4m3,go:dyn_axs_e4m3")
        (w2): Float8Linear(in_features=11008, out_features=4096, bias=False, cast_configs=i:dyn_axs_e4m3,w:dyn_axs_e4m3,go:dyn_axs_e4m3")
        (w3): Float8Linear(in_features=4096, out_features=11008, bias=False, cast_configs=i:dyn_axs_e4m3,w:dyn_axs_e4m3,go:dyn_axs_e4m3")
      )
      (feed_forward_norm): RMSNorm((4096,), eps=1e-06)
      (feed_forward_residual_stream): ResidualStream(
        (dropout): Identity()
      )
    )
    (29): ReorderedNormTransformerBlock(
      (attention): Attention(
        (w_q): Linear(in_features=4096, out_features=4096, bias=False)
        (w_k): Linear(in_features=4096, out_features=4096, bias=False)
        (w_v): Linear(in_features=4096, out_features=4096, bias=False)
        (w_out): Linear(in_features=4096, out_features=4096, bias=False)
        (q_norm): RMSNorm((4096,), eps=1e-06)
        (k_norm): RMSNorm((4096,), eps=1e-06)
        (rope): RotaryEmbedding()
        (backend): FlashAttention2Backend()
      )
      (attention_norm): RMSNorm((4096,), eps=1e-06)
      (attention_residual_stream): ResidualStream(
        (dropout): Identity()
      )
      (feed_forward): FeedForward(
        (w1): Float8Linear(in_features=4096, out_features=11008, bias=False, cast_configs=i:dyn_axs_e4m3,w:dyn_axs_e4m3,go:dyn_axs_e4m3")
        (w2): Float8Linear(in_features=11008, out_features=4096, bias=False, cast_configs=i:dyn_axs_e4m3,w:dyn_axs_e4m3,go:dyn_axs_e4m3")
        (w3): Float8Linear(in_features=4096, out_features=11008, bias=False, cast_configs=i:dyn_axs_e4m3,w:dyn_axs_e4m3,go:dyn_axs_e4m3")
      )
      (feed_forward_norm): RMSNorm((4096,), eps=1e-06)
      (feed_forward_residual_stream): ResidualStream(
        (dropout): Identity()
      )
    )
    (30): ReorderedNormTransformerBlock(
      (attention): Attention(
        (w_q): Linear(in_features=4096, out_features=4096, bias=False)
        (w_k): Linear(in_features=4096, out_features=4096, bias=False)
        (w_v): Linear(in_features=4096, out_features=4096, bias=False)
        (w_out): Linear(in_features=4096, out_features=4096, bias=False)
        (q_norm): RMSNorm((4096,), eps=1e-06)
        (k_norm): RMSNorm((4096,), eps=1e-06)
        (rope): RotaryEmbedding()
        (backend): FlashAttention2Backend()
      )
      (attention_norm): RMSNorm((4096,), eps=1e-06)
      (attention_residual_stream): ResidualStream(
        (dropout): Identity()
      )
      (feed_forward): FeedForward(
        (w1): Float8Linear(in_features=4096, out_features=11008, bias=False, cast_configs=i:dyn_axs_e4m3,w:dyn_axs_e4m3,go:dyn_axs_e4m3")
        (w2): Float8Linear(in_features=11008, out_features=4096, bias=False, cast_configs=i:dyn_axs_e4m3,w:dyn_axs_e4m3,go:dyn_axs_e4m3")
        (w3): Float8Linear(in_features=4096, out_features=11008, bias=False, cast_configs=i:dyn_axs_e4m3,w:dyn_axs_e4m3,go:dyn_axs_e4m3")
      )
      (feed_forward_norm): RMSNorm((4096,), eps=1e-06)
      (feed_forward_residual_stream): ResidualStream(
        (dropout): Identity()
      )
    )
    (31): ReorderedNormTransformerBlock(
      (attention): Attention(
        (w_q): Linear(in_features=4096, out_features=4096, bias=False)
        (w_k): Linear(in_features=4096, out_features=4096, bias=False)
        (w_v): Linear(in_features=4096, out_features=4096, bias=False)
        (w_out): Linear(in_features=4096, out_features=4096, bias=False)
        (q_norm): RMSNorm((4096,), eps=1e-06)
        (k_norm): RMSNorm((4096,), eps=1e-06)
        (rope): RotaryEmbedding()
        (backend): FlashAttention2Backend()
      )
      (attention_norm): RMSNorm((4096,), eps=1e-06)
      (attention_residual_stream): ResidualStream(
        (dropout): Identity()
      )
      (feed_forward): FeedForward(
        (w1): Float8Linear(in_features=4096, out_features=11008, bias=False, cast_configs=i:dyn_axs_e4m3,w:dyn_axs_e4m3,go:dyn_axs_e4m3")
        (w2): Float8Linear(in_features=11008, out_features=4096, bias=False, cast_configs=i:dyn_axs_e4m3,w:dyn_axs_e4m3,go:dyn_axs_e4m3")
        (w3): Float8Linear(in_features=4096, out_features=11008, bias=False, cast_configs=i:dyn_axs_e4m3,w:dyn_axs_e4m3,go:dyn_axs_e4m3")
      )
      (feed_forward_norm): RMSNorm((4096,), eps=1e-06)
      (feed_forward_residual_stream): ResidualStream(
        (dropout): Identity()
      )
    )
  )
  (lm_head): LMHead(
    (norm): RMSNorm((4096,), eps=1e-06)
    (w_out): Linear(in_features=4096, out_features=100352, bias=False)
  )
)
2026-06-07 12:22:02.214	hnode011:0	olmo_core.train.train_module.transformer.common:71	INFO	Applied context parallelism to the model with 1D device mesh with shape (cp=2,)
2026-06-07 12:22:02.214	hnode011:0	olmo_core.train.train_module.transformer.common:103	INFO	Applied 'budget' activation checkpointing to the model
2026-06-07 12:22:03.209	hnode011:0	olmo_core.train.train_module.transformer.common:110	INFO	Applied torch.compile() to the model
2026-06-07 12:22:03.209	hnode011:0	olmo_core.distributed.parallel:571	INFO	Flattening mesh dimensions ('dp_shard', 'cp') into dp_cp
2026-06-07 12:22:03.212	hnode011:6	py.warnings:112	WARNING	/opt/conda/lib/python3.12/site-packages/torch/distributed/device_mesh.py:603: UserWarning: Slicing a flattened dim from root mesh will be deprecated in PT 2.11. Users need to bookkeep the flattened mesh directly. 
  sliced_mesh_layout = self._get_slice_mesh_layout(mesh_dim_names)

2026-06-07 12:22:03.213	hnode011:0	py.warnings:112	WARNING	/opt/conda/lib/python3.12/site-packages/torch/distributed/device_mesh.py:603: UserWarning: Slicing a flattened dim from root mesh will be deprecated in PT 2.11. Users need to bookkeep the flattened mesh directly. 
  sliced_mesh_layout = self._get_slice_mesh_layout(mesh_dim_names)

2026-06-07 12:22:03.213	hnode011:2	py.warnings:112	WARNING	/opt/conda/lib/python3.12/site-packages/torch/distributed/device_mesh.py:603: UserWarning: Slicing a flattened dim from root mesh will be deprecated in PT 2.11. Users need to bookkeep the flattened mesh directly. 
  sliced_mesh_layout = self._get_slice_mesh_layout(mesh_dim_names)

2026-06-07 12:22:03.213	hnode011:3	py.warnings:112	WARNING	/opt/conda/lib/python3.12/site-packages/torch/distributed/device_mesh.py:603: UserWarning: Slicing a flattened dim from root mesh will be deprecated in PT 2.11. Users need to bookkeep the flattened mesh directly. 
  sliced_mesh_layout = self._get_slice_mesh_layout(mesh_dim_names)

2026-06-07 12:22:03.213	hnode011:1	py.warnings:112	WARNING	/opt/conda/lib/python3.12/site-packages/torch/distributed/device_mesh.py:603: UserWarning: Slicing a flattened dim from root mesh will be deprecated in PT 2.11. Users need to bookkeep the flattened mesh directly. 
  sliced_mesh_layout = self._get_slice_mesh_layout(mesh_dim_names)

2026-06-07 12:22:03.213	hnode011:5	py.warnings:112	WARNING	/opt/conda/lib/python3.12/site-packages/torch/distributed/device_mesh.py:603: UserWarning: Slicing a flattened dim from root mesh will be deprecated in PT 2.11. Users need to bookkeep the flattened mesh directly. 
  sliced_mesh_layout = self._get_slice_mesh_layout(mesh_dim_names)

2026-06-07 12:22:03.213	hnode011:7	py.warnings:112	WARNING	/opt/conda/lib/python3.12/site-packages/torch/distributed/device_mesh.py:603: UserWarning: Slicing a flattened dim from root mesh will be deprecated in PT 2.11. Users need to bookkeep the flattened mesh directly. 
  sliced_mesh_layout = self._get_slice_mesh_layout(mesh_dim_names)

2026-06-07 12:22:03.250	hnode011:4	py.warnings:112	WARNING	/opt/conda/lib/python3.12/site-packages/torch/distributed/device_mesh.py:603: UserWarning: Slicing a flattened dim from root mesh will be deprecated in PT 2.11. Users need to bookkeep the flattened mesh directly. 
  sliced_mesh_layout = self._get_slice_mesh_layout(mesh_dim_names)

2026-06-07 12:22:03.302	hnode011:0	olmo_core.train.train_module.transformer.common:136	INFO	Applied FSDP to the model with 2D device mesh with shape (dp_replicate=1, dp_cp=8)
2026-06-07 12:22:03.302	hnode011:0	olmo_core.train.train_module.transformer.common:147	INFO	Initializing model weights...
2026-06-07 12:22:08.190	hnode011:1	py.warnings:112	WARNING	/opt/conda/lib/python3.12/site-packages/torch/nn/init.py:119: UserWarning: Specified kernel cache directory could not be created! This disables kernel caching. Specified directory is /tmp/olmo-sft/work/node/hnode011/home/.cache/torch/kernels. This warning will appear only once per process. (Triggered internally at /pytorch/aten/src/ATen/native/cuda/jit_utils.cpp:1487.)
  tensor.erfinv_()

2026-06-07 12:22:08.200	hnode011:2	py.warnings:112	WARNING	/opt/conda/lib/python3.12/site-packages/torch/nn/init.py:119: UserWarning: Specified kernel cache directory could not be created! This disables kernel caching. Specified directory is /tmp/olmo-sft/work/node/hnode011/home/.cache/torch/kernels. This warning will appear only once per process. (Triggered internally at /pytorch/aten/src/ATen/native/cuda/jit_utils.cpp:1487.)
  tensor.erfinv_()

2026-06-07 12:22:08.222	hnode011:7	py.warnings:112	WARNING	/opt/conda/lib/python3.12/site-packages/torch/nn/init.py:119: UserWarning: Specified kernel cache directory could not be created! This disables kernel caching. Specified directory is /tmp/olmo-sft/work/node/hnode011/home/.cache/torch/kernels. This warning will appear only once per process. (Triggered internally at /pytorch/aten/src/ATen/native/cuda/jit_utils.cpp:1487.)
  tensor.erfinv_()

2026-06-07 12:22:08.232	hnode011:4	py.warnings:112	WARNING	/opt/conda/lib/python3.12/site-packages/torch/nn/init.py:119: UserWarning: Specified kernel cache directory could not be created! This disables kernel caching. Specified directory is /tmp/olmo-sft/work/node/hnode011/home/.cache/torch/kernels. This warning will appear only once per process. (Triggered internally at /pytorch/aten/src/ATen/native/cuda/jit_utils.cpp:1487.)
  tensor.erfinv_()

2026-06-07 12:22:08.243	hnode011:6	py.warnings:112	WARNING	/opt/conda/lib/python3.12/site-packages/torch/nn/init.py:119: UserWarning: Specified kernel cache directory could not be created! This disables kernel caching. Specified directory is /tmp/olmo-sft/work/node/hnode011/home/.cache/torch/kernels. This warning will appear only once per process. (Triggered internally at /pytorch/aten/src/ATen/native/cuda/jit_utils.cpp:1487.)
  tensor.erfinv_()

2026-06-07 12:22:08.253	hnode011:0	py.warnings:112	WARNING	/opt/conda/lib/python3.12/site-packages/torch/nn/init.py:119: UserWarning: Specified kernel cache directory could not be created! This disables kernel caching. Specified directory is /tmp/olmo-sft/work/node/hnode011/home/.cache/torch/kernels. This warning will appear only once per process. (Triggered internally at /pytorch/aten/src/ATen/native/cuda/jit_utils.cpp:1487.)
  tensor.erfinv_()

2026-06-07 12:22:08.263	hnode011:5	py.warnings:112	WARNING	/opt/conda/lib/python3.12/site-packages/torch/nn/init.py:119: UserWarning: Specified kernel cache directory could not be created! This disables kernel caching. Specified directory is /tmp/olmo-sft/work/node/hnode011/home/.cache/torch/kernels. This warning will appear only once per process. (Triggered internally at /pytorch/aten/src/ATen/native/cuda/jit_utils.cpp:1487.)
  tensor.erfinv_()

2026-06-07 12:22:09.982	hnode011:0	olmo_core.train.train_module.transformer.train_module:198	INFO	Building optimizer...
2026-06-07 12:22:09.984	hnode011:0	olmo_core.optim.config:202	INFO	Building SkipStepAdamW optimizer with 1 param group(s)...
2026-06-07 12:22:09.984	hnode011:0	olmo_core.optim.config:210	INFO	Group 0, 355 parameter(s):
 - lr: 5e-05
 - betas: (0.9, 0.95)
 - eps: 1e-08
 - weight_decay: 0.0
 - initial_lr: 5e-05
2026-06-07 12:22:09.984	hnode011:0	olmo_core.data.numpy_dataset:2399	INFO	Expanding '/tmp/olmo-sft/work/datasets/fields/olmocore/token_ids_part_*.npy'...
2026-06-07 12:22:09.989	hnode011:0	olmo_core.data.numpy_dataset:2414	INFO	 - '/tmp/olmo-sft/work/datasets/fields/olmocore/token_ids_part_0000.npy'
2026-06-07 12:22:09.989	hnode011:0	olmo_core.data.numpy_dataset:2414	INFO	 - '/tmp/olmo-sft/work/datasets/fields/olmocore/token_ids_part_0001.npy'
2026-06-07 12:22:09.989	hnode011:0	olmo_core.data.numpy_dataset:2414	INFO	 - '/tmp/olmo-sft/work/datasets/fields/olmocore/token_ids_part_0002.npy'
2026-06-07 12:22:09.989	hnode011:0	olmo_core.data.numpy_dataset:2414	INFO	 - '/tmp/olmo-sft/work/datasets/fields/olmocore/token_ids_part_0003.npy'
2026-06-07 12:22:09.989	hnode011:0	olmo_core.data.numpy_dataset:2414	INFO	 - '/tmp/olmo-sft/work/datasets/fields/olmocore/token_ids_part_0004.npy'
2026-06-07 12:22:09.989	hnode011:0	olmo_core.data.numpy_dataset:2414	INFO	 - '/tmp/olmo-sft/work/datasets/fields/olmocore/token_ids_part_0005.npy'
2026-06-07 12:22:09.989	hnode011:0	olmo_core.data.numpy_dataset:2414	INFO	 - '/tmp/olmo-sft/work/datasets/fields/olmocore/token_ids_part_0006.npy'
2026-06-07 12:22:09.989	hnode011:0	olmo_core.data.numpy_dataset:2414	INFO	 - '/tmp/olmo-sft/work/datasets/fields/olmocore/token_ids_part_0007.npy'
2026-06-07 12:22:09.989	hnode011:0	olmo_core.data.numpy_dataset:2414	INFO	 - '/tmp/olmo-sft/work/datasets/fields/olmocore/token_ids_part_0008.npy'
2026-06-07 12:22:09.989	hnode011:0	olmo_core.data.numpy_dataset:2414	INFO	 - '/tmp/olmo-sft/work/datasets/fields/olmocore/token_ids_part_0009.npy'
2026-06-07 12:22:09.989	hnode011:0	olmo_core.data.numpy_dataset:2414	INFO	 - '/tmp/olmo-sft/work/datasets/fields/olmocore/token_ids_part_0010.npy'
2026-06-07 12:22:09.989	hnode011:0	olmo_core.data.numpy_dataset:2414	INFO	 - '/tmp/olmo-sft/work/datasets/fields/olmocore/token_ids_part_0011.npy'
2026-06-07 12:22:09.989	hnode011:0	olmo_core.data.numpy_dataset:2414	INFO	 - '/tmp/olmo-sft/work/datasets/fields/olmocore/token_ids_part_0012.npy'
2026-06-07 12:22:09.989	hnode011:0	olmo_core.data.numpy_dataset:2414	INFO	 - '/tmp/olmo-sft/work/datasets/fields/olmocore/token_ids_part_0013.npy'
2026-06-07 12:22:09.989	hnode011:0	olmo_core.data.numpy_dataset:2414	INFO	 - '/tmp/olmo-sft/work/datasets/fields/olmocore/token_ids_part_0014.npy'
2026-06-07 12:22:09.989	hnode011:0	olmo_core.data.numpy_dataset:2414	INFO	 - '/tmp/olmo-sft/work/datasets/fields/olmocore/token_ids_part_0015.npy'
2026-06-07 12:22:09.989	hnode011:0	olmo_core.data.numpy_dataset:2414	INFO	 - '/tmp/olmo-sft/work/datasets/fields/olmocore/token_ids_part_0016.npy'
2026-06-07 12:22:09.989	hnode011:0	olmo_core.data.numpy_dataset:2414	INFO	 - '/tmp/olmo-sft/work/datasets/fields/olmocore/token_ids_part_0017.npy'
2026-06-07 12:22:09.989	hnode011:0	olmo_core.data.numpy_dataset:2414	INFO	 - '/tmp/olmo-sft/work/datasets/fields/olmocore/token_ids_part_0018.npy'
2026-06-07 12:22:09.989	hnode011:0	olmo_core.data.numpy_dataset:2414	INFO	 - '/tmp/olmo-sft/work/datasets/fields/olmocore/token_ids_part_0019.npy'
2026-06-07 12:22:09.989	hnode011:0	olmo_core.data.numpy_dataset:2414	INFO	 - '/tmp/olmo-sft/work/datasets/fields/olmocore/token_ids_part_0020.npy'
2026-06-07 12:22:09.989	hnode011:0	olmo_core.data.numpy_dataset:2414	INFO	 - '/tmp/olmo-sft/work/datasets/fields/olmocore/token_ids_part_0021.npy'
2026-06-07 12:22:09.989	hnode011:0	olmo_core.data.numpy_dataset:2414	INFO	 - '/tmp/olmo-sft/work/datasets/fields/olmocore/token_ids_part_0022.npy'
2026-06-07 12:22:09.989	hnode011:0	olmo_core.data.numpy_dataset:2399	INFO	Expanding '/tmp/olmo-sft/work/datasets/fields/olmocore/labels_mask_*.npy'...
2026-06-07 12:22:09.991	hnode011:0	olmo_core.data.numpy_dataset:2414	INFO	 - '/tmp/olmo-sft/work/datasets/fields/olmocore/labels_mask_part_0000.npy'
2026-06-07 12:22:09.991	hnode011:0	olmo_core.data.numpy_dataset:2414	INFO	 - '/tmp/olmo-sft/work/datasets/fields/olmocore/labels_mask_part_0001.npy'
2026-06-07 12:22:09.991	hnode011:0	olmo_core.data.numpy_dataset:2414	INFO	 - '/tmp/olmo-sft/work/datasets/fields/olmocore/labels_mask_part_0002.npy'
2026-06-07 12:22:09.991	hnode011:0	olmo_core.data.numpy_dataset:2414	INFO	 - '/tmp/olmo-sft/work/datasets/fields/olmocore/labels_mask_part_0003.npy'
2026-06-07 12:22:09.991	hnode011:0	olmo_core.data.numpy_dataset:2414	INFO	 - '/tmp/olmo-sft/work/datasets/fields/olmocore/labels_mask_part_0004.npy'
2026-06-07 12:22:09.991	hnode011:0	olmo_core.data.numpy_dataset:2414	INFO	 - '/tmp/olmo-sft/work/datasets/fields/olmocore/labels_mask_part_0005.npy'
2026-06-07 12:22:09.991	hnode011:0	olmo_core.data.numpy_dataset:2414	INFO	 - '/tmp/olmo-sft/work/datasets/fields/olmocore/labels_mask_part_0006.npy'
2026-06-07 12:22:09.991	hnode011:0	olmo_core.data.numpy_dataset:2414	INFO	 - '/tmp/olmo-sft/work/datasets/fields/olmocore/labels_mask_part_0007.npy'
2026-06-07 12:22:09.991	hnode011:0	olmo_core.data.numpy_dataset:2414	INFO	 - '/tmp/olmo-sft/work/datasets/fields/olmocore/labels_mask_part_0008.npy'
2026-06-07 12:22:09.991	hnode011:0	olmo_core.data.numpy_dataset:2414	INFO	 - '/tmp/olmo-sft/work/datasets/fields/olmocore/labels_mask_part_0009.npy'
2026-06-07 12:22:09.991	hnode011:0	olmo_core.data.numpy_dataset:2414	INFO	 - '/tmp/olmo-sft/work/datasets/fields/olmocore/labels_mask_part_0010.npy'
2026-06-07 12:22:09.991	hnode011:0	olmo_core.data.numpy_dataset:2414	INFO	 - '/tmp/olmo-sft/work/datasets/fields/olmocore/labels_mask_part_0011.npy'
2026-06-07 12:22:09.991	hnode011:0	olmo_core.data.numpy_dataset:2414	INFO	 - '/tmp/olmo-sft/work/datasets/fields/olmocore/labels_mask_part_0012.npy'
2026-06-07 12:22:09.991	hnode011:0	olmo_core.data.numpy_dataset:2414	INFO	 - '/tmp/olmo-sft/work/datasets/fields/olmocore/labels_mask_part_0013.npy'
2026-06-07 12:22:09.991	hnode011:0	olmo_core.data.numpy_dataset:2414	INFO	 - '/tmp/olmo-sft/work/datasets/fields/olmocore/labels_mask_part_0014.npy'
2026-06-07 12:22:09.991	hnode011:0	olmo_core.data.numpy_dataset:2414	INFO	 - '/tmp/olmo-sft/work/datasets/fields/olmocore/labels_mask_part_0015.npy'
2026-06-07 12:22:09.991	hnode011:0	olmo_core.data.numpy_dataset:2414	INFO	 - '/tmp/olmo-sft/work/datasets/fields/olmocore/labels_mask_part_0016.npy'
2026-06-07 12:22:09.991	hnode011:0	olmo_core.data.numpy_dataset:2414	INFO	 - '/tmp/olmo-sft/work/datasets/fields/olmocore/labels_mask_part_0017.npy'
2026-06-07 12:22:09.991	hnode011:0	olmo_core.data.numpy_dataset:2414	INFO	 - '/tmp/olmo-sft/work/datasets/fields/olmocore/labels_mask_part_0018.npy'
2026-06-07 12:22:09.991	hnode011:0	olmo_core.data.numpy_dataset:2414	INFO	 - '/tmp/olmo-sft/work/datasets/fields/olmocore/labels_mask_part_0019.npy'
2026-06-07 12:22:09.991	hnode011:0	olmo_core.data.numpy_dataset:2414	INFO	 - '/tmp/olmo-sft/work/datasets/fields/olmocore/labels_mask_part_0020.npy'
2026-06-07 12:22:09.991	hnode011:0	olmo_core.data.numpy_dataset:2414	INFO	 - '/tmp/olmo-sft/work/datasets/fields/olmocore/labels_mask_part_0021.npy'
2026-06-07 12:22:09.991	hnode011:0	olmo_core.data.numpy_dataset:2414	INFO	 - '/tmp/olmo-sft/work/datasets/fields/olmocore/labels_mask_part_0022.npy'
2026-06-07 12:22:09.991	hnode011:0	olmo_core.data.numpy_dataset:2391	INFO	Assuming dtype 'uint32' based on vocab size
2026-06-07 12:22:09.992	hnode011:0	olmo_core.data.numpy_dataset:1116	INFO	Packing document into instances...
2026-06-07 12:22:10.003	hnode011:0	olmo_core.data.numpy_dataset:1321	INFO	Packing documents from ['/tmp/olmo-sft/work/datasets/fields/olmocore/token_ids_part_0000.npy'] into instances...
2026-06-07 12:22:10.006	hnode011:0	olmo_core.data.numpy_dataset:1321	INFO	Packing documents from ['/tmp/olmo-sft/work/datasets/fields/olmocore/token_ids_part_0001.npy'] into instances...
2026-06-07 12:22:10.007	hnode011:0	olmo_core.data.numpy_dataset:1321	INFO	Packing documents from ['/tmp/olmo-sft/work/datasets/fields/olmocore/token_ids_part_0002.npy'] into instances...
2026-06-07 12:22:10.008	hnode011:0	olmo_core.data.numpy_dataset:1321	INFO	Packing documents from ['/tmp/olmo-sft/work/datasets/fields/olmocore/token_ids_part_0003.npy'] into instances...
2026-06-07 12:22:10.009	hnode011:0	olmo_core.data.numpy_dataset:1321	INFO	Packing documents from ['/tmp/olmo-sft/work/datasets/fields/olmocore/token_ids_part_0004.npy'] into instances...
2026-06-07 12:22:10.010	hnode011:0	olmo_core.data.numpy_dataset:1321	INFO	Packing documents from ['/tmp/olmo-sft/work/datasets/fields/olmocore/token_ids_part_0005.npy'] into instances...
2026-06-07 12:22:10.010	hnode011:0	olmo_core.data.numpy_dataset:1321	INFO	Packing documents from ['/tmp/olmo-sft/work/datasets/fields/olmocore/token_ids_part_0006.npy'] into instances...
2026-06-07 12:22:10.011	hnode011:0	olmo_core.data.numpy_dataset:1321	INFO	Packing documents from ['/tmp/olmo-sft/work/datasets/fields/olmocore/token_ids_part_0007.npy'] into instances...
2026-06-07 12:22:10.012	hnode011:0	olmo_core.data.numpy_dataset:1321	INFO	Packing documents from ['/tmp/olmo-sft/work/datasets/fields/olmocore/token_ids_part_0008.npy'] into instances...
2026-06-07 12:22:10.013	hnode011:0	olmo_core.data.numpy_dataset:1321	INFO	Packing documents from ['/tmp/olmo-sft/work/datasets/fields/olmocore/token_ids_part_0009.npy'] into instances...
2026-06-07 12:22:10.014	hnode011:0	olmo_core.data.numpy_dataset:1321	INFO	Packing documents from ['/tmp/olmo-sft/work/datasets/fields/olmocore/token_ids_part_0010.npy'] into instances...
2026-06-07 12:22:10.014	hnode011:0	olmo_core.data.numpy_dataset:1321	INFO	Packing documents from ['/tmp/olmo-sft/work/datasets/fields/olmocore/token_ids_part_0011.npy'] into instances...
2026-06-07 12:22:10.015	hnode011:0	olmo_core.data.numpy_dataset:1321	INFO	Packing documents from ['/tmp/olmo-sft/work/datasets/fields/olmocore/token_ids_part_0012.npy'] into instances...
2026-06-07 12:22:10.016	hnode011:0	olmo_core.data.numpy_dataset:1321	INFO	Packing documents from ['/tmp/olmo-sft/work/datasets/fields/olmocore/token_ids_part_0013.npy'] into instances...
2026-06-07 12:22:10.017	hnode011:0	olmo_core.data.numpy_dataset:1321	INFO	Packing documents from ['/tmp/olmo-sft/work/datasets/fields/olmocore/token_ids_part_0014.npy'] into instances...
2026-06-07 12:22:10.018	hnode011:0	olmo_core.data.numpy_dataset:1321	INFO	Packing documents from ['/tmp/olmo-sft/work/datasets/fields/olmocore/token_ids_part_0015.npy'] into instances...
2026-06-07 12:22:10.019	hnode011:0	olmo_core.data.numpy_dataset:1321	INFO	Packing documents from ['/tmp/olmo-sft/work/datasets/fields/olmocore/token_ids_part_0016.npy'] into instances...
2026-06-07 12:22:10.020	hnode011:0	olmo_core.data.numpy_dataset:1321	INFO	Packing documents from ['/tmp/olmo-sft/work/datasets/fields/olmocore/token_ids_part_0017.npy'] into instances...
2026-06-07 12:22:10.020	hnode011:0	olmo_core.data.numpy_dataset:1321	INFO	Packing documents from ['/tmp/olmo-sft/work/datasets/fields/olmocore/token_ids_part_0018.npy'] into instances...
2026-06-07 12:22:10.021	hnode011:0	olmo_core.data.numpy_dataset:1321	INFO	Packing documents from ['/tmp/olmo-sft/work/datasets/fields/olmocore/token_ids_part_0019.npy'] into instances...
2026-06-07 12:22:10.022	hnode011:0	olmo_core.data.numpy_dataset:1321	INFO	Packing documents from ['/tmp/olmo-sft/work/datasets/fields/olmocore/token_ids_part_0020.npy'] into instances...
2026-06-07 12:22:10.023	hnode011:0	olmo_core.data.numpy_dataset:1321	INFO	Packing documents from ['/tmp/olmo-sft/work/datasets/fields/olmocore/token_ids_part_0021.npy'] into instances...
2026-06-07 12:22:10.024	hnode011:0	olmo_core.data.numpy_dataset:1321	INFO	Packing documents from ['/tmp/olmo-sft/work/datasets/fields/olmocore/token_ids_part_0022.npy'] into instances...
Skipping import of cpp extensions due to incompatible torch version 2.10.0+cu130 for torchao version 0.15.0             Please see https://github.com/pytorch/ao/issues/2919 for more info
Skipping import of cpp extensions due to incompatible torch version 2.10.0+cu130 for torchao version 0.15.0             Please see https://github.com/pytorch/ao/issues/2919 for more info
Skipping import of cpp extensions due to incompatible torch version 2.10.0+cu130 for torchao version 0.15.0             Please see https://github.com/pytorch/ao/issues/2919 for more info
Skipping import of cpp extensions due to incompatible torch version 2.10.0+cu130 for torchao version 0.15.0             Please see https://github.com/pytorch/ao/issues/2919 for more info
Skipping import of cpp extensions due to incompatible torch version 2.10.0+cu130 for torchao version 0.15.0             Please see https://github.com/pytorch/ao/issues/2919 for more info
Skipping import of cpp extensions due to incompatible torch version 2.10.0+cu130 for torchao version 0.15.0             Please see https://github.com/pytorch/ao/issues/2919 for more info
Skipping import of cpp extensions due to incompatible torch version 2.10.0+cu130 for torchao version 0.15.0             Please see https://github.com/pytorch/ao/issues/2919 for more info
Skipping import of cpp extensions due to incompatible torch version 2.10.0+cu130 for torchao version 0.15.0             Please see https://github.com/pytorch/ao/issues/2919 for more info
Skipping import of cpp extensions due to incompatible torch version 2.10.0+cu130 for torchao version 0.15.0             Please see https://github.com/pytorch/ao/issues/2919 for more info
Skipping import of cpp extensions due to incompatible torch version 2.10.0+cu130 for torchao version 0.15.0             Please see https://github.com/pytorch/ao/issues/2919 for more info
Skipping import of cpp extensions due to incompatible torch version 2.10.0+cu130 for torchao version 0.15.0             Please see https://github.com/pytorch/ao/issues/2919 for more info
Skipping import of cpp extensions due to incompatible torch version 2.10.0+cu130 for torchao version 0.15.0             Please see https://github.com/pytorch/ao/issues/2919 for more info
Skipping import of cpp extensions due to incompatible torch version 2.10.0+cu130 for torchao version 0.15.0             Please see https://github.com/pytorch/ao/issues/2919 for more info
Skipping import of cpp extensions due to incompatible torch version 2.10.0+cu130 for torchao version 0.15.0             Please see https://github.com/pytorch/ao/issues/2919 for more info
Skipping import of cpp extensions due to incompatible torch version 2.10.0+cu130 for torchao version 0.15.0             Please see https://github.com/pytorch/ao/issues/2919 for more info
Skipping import of cpp extensions due to incompatible torch version 2.10.0+cu130 for torchao version 0.15.0             Please see https://github.com/pytorch/ao/issues/2919 for more info
Skipping import of cpp extensions due to incompatible torch version 2.10.0+cu130 for torchao version 0.15.0             Please see https://github.com/pytorch/ao/issues/2919 for more info
Skipping import of cpp extensions due to incompatible torch version 2.10.0+cu130 for torchao version 0.15.0             Please see https://github.com/pytorch/ao/issues/2919 for more info
Skipping import of cpp extensions due to incompatible torch version 2.10.0+cu130 for torchao version 0.15.0             Please see https://github.com/pytorch/ao/issues/2919 for more info
Skipping import of cpp extensions due to incompatible torch version 2.10.0+cu130 for torchao version 0.15.0             Please see https://github.com/pytorch/ao/issues/2919 for more info
Skipping import of cpp extensions due to incompatible torch version 2.10.0+cu130 for torchao version 0.15.0             Please see https://github.com/pytorch/ao/issues/2919 for more info
Skipping import of cpp extensions due to incompatible torch version 2.10.0+cu130 for torchao version 0.15.0             Please see https://github.com/pytorch/ao/issues/2919 for more info
Skipping import of cpp extensions due to incompatible torch version 2.10.0+cu130 for torchao version 0.15.0             Please see https://github.com/pytorch/ao/issues/2919 for more info
2026-06-07 12:22:22.851	hnode011:0	olmo_core.data.numpy_dataset:1336	INFO	Packed 268,432,104 tokens from ['/tmp/olmo-sft/work/datasets/fields/olmocore/token_ids_part_0000.npy'] into 4,099 instances of sequence length 65,536 using an average of 48.8 padding tokens per instance.
2026-06-07 12:22:22.851	hnode011:0	olmo_core.data.numpy_dataset:1336	INFO	Packed 268,433,364 tokens from ['/tmp/olmo-sft/work/datasets/fields/olmocore/token_ids_part_0001.npy'] into 4,100 instances of sequence length 65,536 using an average of 64.4 padding tokens per instance.
2026-06-07 12:22:22.851	hnode011:0	olmo_core.data.numpy_dataset:1336	INFO	Packed 268,387,267 tokens from ['/tmp/olmo-sft/work/datasets/fields/olmocore/token_ids_part_0002.npy'] into 4,100 instances of sequence length 65,536 using an average of 75.7 padding tokens per instance.
2026-06-07 12:22:22.851	hnode011:0	olmo_core.data.numpy_dataset:1336	INFO	Packed 268,430,072 tokens from ['/tmp/olmo-sft/work/datasets/fields/olmocore/token_ids_part_0003.npy'] into 4,100 instances of sequence length 65,536 using an average of 65.3 padding tokens per instance.
2026-06-07 12:22:22.851	hnode011:0	olmo_core.data.numpy_dataset:1336	INFO	Packed 268,428,291 tokens from ['/tmp/olmo-sft/work/datasets/fields/olmocore/token_ids_part_0004.npy'] into 4,100 instances of sequence length 65,536 using an average of 65.7 padding tokens per instance.
2026-06-07 12:22:22.851	hnode011:0	olmo_core.data.numpy_dataset:1336	INFO	Packed 268,430,465 tokens from ['/tmp/olmo-sft/work/datasets/fields/olmocore/token_ids_part_0005.npy'] into 4,100 instances of sequence length 65,536 using an average of 65.2 padding tokens per instance.
2026-06-07 12:22:22.851	hnode011:0	olmo_core.data.numpy_dataset:1336	INFO	Packed 268,412,117 tokens from ['/tmp/olmo-sft/work/datasets/fields/olmocore/token_ids_part_0006.npy'] into 4,100 instances of sequence length 65,536 using an average of 69.6 padding tokens per instance.
2026-06-07 12:22:22.851	hnode011:0	olmo_core.data.numpy_dataset:1336	INFO	Packed 268,432,938 tokens from ['/tmp/olmo-sft/work/datasets/fields/olmocore/token_ids_part_0007.npy'] into 4,100 instances of sequence length 65,536 using an average of 64.6 padding tokens per instance.
2026-06-07 12:22:22.851	hnode011:0	olmo_core.data.numpy_dataset:1336	INFO	Packed 268,425,256 tokens from ['/tmp/olmo-sft/work/datasets/fields/olmocore/token_ids_part_0008.npy'] into 4,099 instances of sequence length 65,536 using an average of 50.5 padding tokens per instance.
2026-06-07 12:22:22.851	hnode011:0	olmo_core.data.numpy_dataset:1336	INFO	Packed 268,391,565 tokens from ['/tmp/olmo-sft/work/datasets/fields/olmocore/token_ids_part_0009.npy'] into 4,099 instances of sequence length 65,536 using an average of 58.7 padding tokens per instance.
2026-06-07 12:22:22.851	hnode011:0	olmo_core.data.numpy_dataset:1336	INFO	Packed 268,412,631 tokens from ['/tmp/olmo-sft/work/datasets/fields/olmocore/token_ids_part_0010.npy'] into 4,100 instances of sequence length 65,536 using an average of 69.5 padding tokens per instance.
2026-06-07 12:22:22.851	hnode011:0	olmo_core.data.numpy_dataset:1336	INFO	Packed 268,412,421 tokens from ['/tmp/olmo-sft/work/datasets/fields/olmocore/token_ids_part_0011.npy'] into 4,100 instances of sequence length 65,536 using an average of 69.6 padding tokens per instance.
2026-06-07 12:22:22.851	hnode011:0	olmo_core.data.numpy_dataset:1336	INFO	Packed 268,428,600 tokens from ['/tmp/olmo-sft/work/datasets/fields/olmocore/token_ids_part_0012.npy'] into 4,099 instances of sequence length 65,536 using an average of 49.6 padding tokens per instance.
2026-06-07 12:22:22.851	hnode011:0	olmo_core.data.numpy_dataset:1336	INFO	Packed 268,430,940 tokens from ['/tmp/olmo-sft/work/datasets/fields/olmocore/token_ids_part_0013.npy'] into 4,100 instances of sequence length 65,536 using an average of 65.0 padding tokens per instance.
2026-06-07 12:22:22.851	hnode011:0	olmo_core.data.numpy_dataset:1336	INFO	Packed 268,434,270 tokens from ['/tmp/olmo-sft/work/datasets/fields/olmocore/token_ids_part_0014.npy'] into 4,099 instances of sequence length 65,536 using an average of 48.3 padding tokens per instance.
2026-06-07 12:22:22.851	hnode011:0	olmo_core.data.numpy_dataset:1336	INFO	Packed 268,430,689 tokens from ['/tmp/olmo-sft/work/datasets/fields/olmocore/token_ids_part_0015.npy'] into 4,100 instances of sequence length 65,536 using an average of 65.1 padding tokens per instance.
2026-06-07 12:22:22.851	hnode011:0	olmo_core.data.numpy_dataset:1336	INFO	Packed 268,419,869 tokens from ['/tmp/olmo-sft/work/datasets/fields/olmocore/token_ids_part_0016.npy'] into 4,100 instances of sequence length 65,536 using an average of 67.7 padding tokens per instance.
2026-06-07 12:22:22.851	hnode011:0	olmo_core.data.numpy_dataset:1336	INFO	Packed 268,431,460 tokens from ['/tmp/olmo-sft/work/datasets/fields/olmocore/token_ids_part_0017.npy'] into 4,100 instances of sequence length 65,536 using an average of 64.9 padding tokens per instance.
2026-06-07 12:22:22.851	hnode011:0	olmo_core.data.numpy_dataset:1336	INFO	Packed 268,403,552 tokens from ['/tmp/olmo-sft/work/datasets/fields/olmocore/token_ids_part_0018.npy'] into 4,099 instances of sequence length 65,536 using an average of 55.7 padding tokens per instance.
2026-06-07 12:22:22.851	hnode011:0	olmo_core.data.numpy_dataset:1336	INFO	Packed 268,414,335 tokens from ['/tmp/olmo-sft/work/datasets/fields/olmocore/token_ids_part_0019.npy'] into 4,099 instances of sequence length 65,536 using an average of 53.1 padding tokens per instance.
2026-06-07 12:22:22.851	hnode011:0	olmo_core.data.numpy_dataset:1336	INFO	Packed 268,425,510 tokens from ['/tmp/olmo-sft/work/datasets/fields/olmocore/token_ids_part_0020.npy'] into 4,100 instances of sequence length 65,536 using an average of 66.4 padding tokens per instance.
2026-06-07 12:22:22.851	hnode011:0	olmo_core.data.numpy_dataset:1336	INFO	Packed 268,434,312 tokens from ['/tmp/olmo-sft/work/datasets/fields/olmocore/token_ids_part_0021.npy'] into 4,100 instances of sequence length 65,536 using an average of 64.2 padding tokens per instance.
2026-06-07 12:22:22.851	hnode011:0	olmo_core.data.numpy_dataset:1336	INFO	Packed 179,044,360 tokens from ['/tmp/olmo-sft/work/datasets/fields/olmocore/token_ids_part_0022.npy'] into 2,735 instances of sequence length 65,536 using an average of 71.9 padding tokens per instance.
2026-06-07 12:22:24.305	hnode011:0	olmo_core.train.trainer:374	INFO	Creating new process group for async bookkeeping
[Gloo] Rank 0 is connected to 7 peer ranks. Expected number of connected peer ranks is : 7
[Gloo] Rank 2[Gloo] Rank  is connected to 7 peer ranks. Expected number of connected peer ranks is : 71
 is connected to 7 peer ranks. Expected number of connected peer ranks is : 7
[Gloo] Rank 3 is connected to 7 peer ranks. Expected number of connected peer ranks is : 7
[Gloo] Rank 4 is connected to 7 peer ranks. Expected number of connected peer ranks is : 7
[Gloo] Rank 5 is connected to 7 peer ranks. Expected number of connected peer ranks is : 7
[Gloo] Rank 6 is connected to 7 peer ranks. Expected number of connected peer ranks is : 7
[Gloo] Rank 7 is connected to 7 peer ranks. Expected number of connected peer ranks is : 7
2026-06-07 12:22:24.317	hnode011:0	__main__:703	INFO	Saving tokenizer...
2026-06-07 12:22:24.317	hnode011:0	__main__:708	INFO	Saving tokenizer to /tmp/olmo-sft/output/internal/checkpoints/fields/olmo-sft/olmo3-7b-sft-fp8-niicluster/tokenizer
2026-06-07 12:22:24.317	hnode011:0	olmo_core.io:268	INFO	Collecting source files from '/tmp/olmo-sft/work/datasets/fields/olmocore/tokenizer' to copy to '/tmp/olmo-sft/output/internal/checkpoints/fields/olmo-sft/olmo3-7b-sft-fp8-niicluster/tokenizer'...
2026-06-07 12:22:24.319	hnode011:0	olmo_core.io:282	INFO	Collected 3 source files to copy
Copying source files... ━━━━━━━━━━━━━━━━━━━━━━━━━━━━━━━━━━━━━━━━ 100% 0:00:00
2026-06-07 12:22:24.322	hnode011:0	__main__:717	INFO	Loading checkpoint...
2026-06-07 12:22:24.353	hnode011:0	__main__:719	INFO	No checkpoint found in save folder '/tmp/olmo-sft/output/internal/checkpoints/fields/olmo-sft/olmo3-7b-sft-fp8-niicluster', attempting to load from pretraining checkpoint '/tmp/olmo-sft/work/base-distcp/model_and_optim'
2026-06-07 12:22:24.355	hnode011:0	olmo_core.train.trainer:902	INFO	Loading checkpoint from '/tmp/olmo-sft/work/base-distcp/model_and_optim'...
2026-06-07 12:22:24.360	hnode011:0	olmo_core.train.train_module.transformer.train_module:264	WARNING	No optimizer state found in checkpoint
2026-06-07 12:22:24.363	hnode011:4	olmo_core.train.train_module.transformer.train_module:264	WARNING	No optimizer state found in checkpoint
2026-06-07 12:22:24.364	hnode011:2	olmo_core.train.train_module.transformer.train_module:264	WARNING	No optimizer state found in checkpoint
2026-06-07 12:22:24.364	hnode011:7	olmo_core.train.train_module.transformer.train_module:264	WARNING	No optimizer state found in checkpoint
2026-06-07 12:22:24.364	hnode011:6	olmo_core.train.train_module.transformer.train_module:264	WARNING	No optimizer state found in checkpoint
2026-06-07 12:22:24.364	hnode011:3	olmo_core.train.train_module.transformer.train_module:264	WARNING	No optimizer state found in checkpoint
2026-06-07 12:22:24.364	hnode011:5	olmo_core.train.train_module.transformer.train_module:264	WARNING	No optimizer state found in checkpoint
2026-06-07 12:22:24.365	hnode011:1	olmo_core.train.train_module.transformer.train_module:264	WARNING	No optimizer state found in checkpoint
2026-06-07 12:22:35.748	hnode011:0	olmo_core.train.trainer:923	INFO	Checkpoint successfully loaded
2026-06-07 12:22:35.786	hnode011:0	olmo_core.train.trainer:714	INFO	Callback order:
2026-06-07 12:22:35.786	hnode011:0	olmo_core.train.trainer:716	INFO	  - Callback 1: checkpointer
2026-06-07 12:22:35.786	hnode011:0	olmo_core.train.trainer:716	INFO	  - Callback 2: config_saver
2026-06-07 12:22:35.786	hnode011:0	olmo_core.train.trainer:716	INFO	  - Callback 3: garbage_collector
2026-06-07 12:22:35.786	hnode011:0	olmo_core.train.trainer:716	INFO	  - Callback 4: checkpoint_retention
2026-06-07 12:22:35.786	hnode011:0	olmo_core.train.trainer:716	INFO	  - Callback 5: wandb
2026-06-07 12:22:35.786	hnode011:0	olmo_core.train.trainer:716	INFO	  - Callback 6: console_logger
2026-06-07 12:22:35.786	hnode011:0	olmo_core.train.trainer:716	INFO	  - Callback 7: gpu_monitor
2026-06-07 12:22:35.786	hnode011:0	olmo_core.train.trainer:716	INFO	  - Callback 8: speed_monitor
2026-06-07 12:22:35.786	hnode011:0	olmo_core.train.trainer:719	INFO	Training for 5,808 steps
2026-06-07 12:22:35.786	hnode011:0	olmo_core.train.callbacks.checkpointer:211	INFO	Creating new process group for checkpointing (needed for async checkpointing)
[Gloo] Rank 3 is connected to 7 peer ranks. Expected number of connected peer ranks is : 7
[Gloo] Rank 1 is connected to 7 peer ranks. Expected number of connected peer ranks is : 7
[Gloo] Rank 0 is connected to 7 peer ranks. Expected number of connected peer ranks is : 7
[Gloo] Rank 4 is connected to 7 peer ranks. Expected number of connected peer ranks is : 7
[Gloo] Rank 6 is connected to 7 peer ranks. [Gloo] Rank Expected number of connected peer ranks is : 7
2 is connected to 7 peer ranks. Expected number of connected peer ranks is : 7
[Gloo] Rank 5 is connected to 7 peer ranks. Expected number of connected peer ranks is : 7
[Gloo] Rank 7 is connected to 7 peer ranks. Expected number of connected peer ranks is : 7
2026-06-07 12:22:35.799	hnode011:0	olmo_core.train.callbacks.garbage_collector:33	INFO	Automatic GC disabled for training, will run GC every 1000 steps
wandb: [wandb.login()] Loaded credentials for https://api.wandb.ai from WANDB_API_KEY.
wandb: Currently logged in as: hav4ik to https://api.wandb.ai. Use `wandb login --relogin` to force relogin
wandb: Using an existing wandb-core service via WANDB_SERVICE.
wandb: setting up run olmo3-7b-sft-fp8-niicluster
wandb: Tracking run with wandb version 0.27.0
wandb: Run data is saved locally in /tmp/olmo-sft/output/internal/checkpoints/fields/olmo-sft/olmo3-7b-sft-fp8-niicluster/wandb/wandb/run-20260607_122236-olmo3-7b-sft-fp8-niicluster
wandb: Run `wandb offline` to turn off syncing.
wandb: Resuming run olmo3-7b-sft-fp8-niicluster
wandb: ⭐️ View project at https://wandb.ai/hav4ik/olmo3-7b-sft
wandb: 🚀 View run at https://wandb.ai/hav4ik/olmo3-7b-sft/runs/olmo3-7b-sft-fp8-niicluster
2026-06-07 12:22:37.698	hnode011:0	olmo_core.train.callbacks.gpu_memory_monitor:41	INFO	GPU capacity: NVIDIA H200 with 139.80GiB memory of which 5.45GiB is currently allocated and 5.92GiB is currently reserved.
2026-06-07 12:22:37.698	hnode011:0	olmo_core.train.callbacks.speed_monitor:114	INFO	Device: NVIDIA H200, Device peak Flops/s: 312000000000000
2026-06-07 12:22:37.700	hnode011:0	olmo_core.train.trainer:1462	INFO	Starting forward/backward dry-run batch...
2026-06-07 12:22:37.706	hnode011:0	olmo_core.train.train_module.transformer.train_module:778	INFO	intra-document masking enabled
2026-06-07 12:22:43.374	hnode011:6	olmo_core.train.trainer:746	ERROR	Training failed due to:
InductorError: PermissionError: [Errno 13] Permission denied: 'nvcc'

Set TORCHDYNAMO_VERBOSE=1 for the internal stack trace (please do this especially if you're reporting a bug to PyTorch). For even more developer context, set TORCH_LOGS="+dynamo"

2026-06-07 12:22:43.374	hnode011:0	olmo_core.train.trainer:746	ERROR	Training failed due to:
InductorError: PermissionError: [Errno 13] Permission denied: 'nvcc'

Set TORCHDYNAMO_VERBOSE=1 for the internal stack trace (please do this especially if you're reporting a bug to PyTorch). For even more developer context, set TORCH_LOGS="+dynamo"

2026-06-07 12:22:43.374	hnode011:1	olmo_core.train.trainer:746	ERROR	Training failed due to:
InductorError: PermissionError: [Errno 13] Permission denied: 'nvcc'

Set TORCHDYNAMO_VERBOSE=1 for the internal stack trace (please do this especially if you're reporting a bug to PyTorch). For even more developer context, set TORCH_LOGS="+dynamo"

2026-06-07 12:22:43.374	hnode011:2	olmo_core.train.trainer:746	ERROR	Training failed due to:
InductorError: PermissionError: [Errno 13] Permission denied: 'nvcc'

Set TORCHDYNAMO_VERBOSE=1 for the internal stack trace (please do this especially if you're reporting a bug to PyTorch). For even more developer context, set TORCH_LOGS="+dynamo"

2026-06-07 12:22:43.374	hnode011:3	olmo_core.train.trainer:746	ERROR	Training failed due to:
InductorError: PermissionError: [Errno 13] Permission denied: 'nvcc'

Set TORCHDYNAMO_VERBOSE=1 for the internal stack trace (please do this especially if you're reporting a bug to PyTorch). For even more developer context, set TORCH_LOGS="+dynamo"

2026-06-07 12:22:43.374	hnode011:5	olmo_core.train.trainer:746	ERROR	Training failed due to:
InductorError: PermissionError: [Errno 13] Permission denied: 'nvcc'

Set TORCHDYNAMO_VERBOSE=1 for the internal stack trace (please do this especially if you're reporting a bug to PyTorch). For even more developer context, set TORCH_LOGS="+dynamo"

2026-06-07 12:22:43.375	hnode011:7	olmo_core.train.trainer:746	ERROR	Training failed due to:
InductorError: PermissionError: [Errno 13] Permission denied: 'nvcc'

Set TORCHDYNAMO_VERBOSE=1 for the internal stack trace (please do this especially if you're reporting a bug to PyTorch). For even more developer context, set TORCH_LOGS="+dynamo"

2026-06-07 12:22:43.375	hnode011:0	olmo_core.train.callbacks.wandb:114	WARNING	Finalizing failed W&B run...
wandb: WARNING The `quiet` argument to `wandb.run.finish()` is deprecated, use `wandb.Settings(quiet=...)` to set this instead.
2026-06-07 12:22:43.378	hnode011:4	olmo_core.train.trainer:746	ERROR	Training failed due to:
InductorError: PermissionError: [Errno 13] Permission denied: 'nvcc'

Set TORCHDYNAMO_VERBOSE=1 for the internal stack trace (please do this especially if you're reporting a bug to PyTorch). For even more developer context, set TORCH_LOGS="+dynamo"

wandb: uploading wandb-metadata.json; updating run metadata
wandb: uploading output.log; uploading wandb-summary.json; uploading config.yaml
wandb: uploading wandb-summary.json; uploading config.yaml
wandb: uploading summary, console lines 1310-1320
wandb: 
wandb: Run summary:
wandb:        setup/convert_at_sec 0
wandb:   setup/convert_done_at_sec 55.7
wandb:      setup/data_done_at_sec 91.7
wandb:  setup/download_data_at_sec 55.8
wandb: setup/download_model_at_sec 0
wandb:                 setup/phase training
wandb:             setup/total_sec 91.7
wandb: 
wandb: 🚀 View run olmo3-7b-sft-fp8-niicluster at: https://wandb.ai/hav4ik/olmo3-7b-sft/runs/olmo3-7b-sft-fp8-niicluster
wandb: ⭐️ View project at: https://wandb.ai/hav4ik/olmo3-7b-sft
wandb: Synced 5 W&B file(s), 0 media file(s), 0 artifact file(s) and 0 other file(s)
wandb: Find logs at: /tmp/olmo-sft/output/internal/checkpoints/fields/olmo-sft/olmo3-7b-sft-fp8-niicluster/wandb/wandb/run-20260607_122236-olmo3-7b-sft-fp8-niicluster/logs
2026-06-07 12:22:45.622	hnode011:4	olmo_core.utils:400	CRITICAL	Uncaught InductorError: PermissionError: [Errno 13] Permission denied: 'nvcc'

Set TORCHDYNAMO_VERBOSE=1 for the internal stack trace (please do this especially if you're reporting a bug to PyTorch). For even more developer context, set TORCH_LOGS="+dynamo"
Traceback (most recent call last):
  File "/app/code/olmocore/sft_scripts/Olmo-3-7B-SFT-local.py", line 822, in <module>
    train(args.pretrain_checkpoint, config, args.no_save_tokenizer)
  File "/app/code/olmocore/sft_scripts/Olmo-3-7B-SFT-local.py", line 727, in train
    trainer.fit()
  File "/workspace/OLMo-core/src/olmo_core/train/trainer.py", line 739, in fit
    self._dry_run_batch()
  File "/workspace/OLMo-core/src/olmo_core/train/trainer.py", line 1463, in _dry_run_batch
    self.train_module.train_batch(batch, dry_run=True)
  File "/workspace/OLMo-core/src/olmo_core/train/train_module/transformer/train_module.py", line 402, in train_batch
    _, loss, ce_loss, z_loss = self.model_forward(
                               ^^^^^^^^^^^^^^^^^^^
  File "/workspace/OLMo-core/src/olmo_core/train/train_module/transformer/train_module.py", line 548, in model_forward
    return self.model(input_ids, labels=labels, **kwargs)
           ^^^^^^^^^^^^^^^^^^^^^^^^^^^^^^^^^^^^^^^^^^^^^^
  File "/opt/conda/lib/python3.12/site-packages/torch/nn/modules/module.py", line 1776, in _wrapped_call_impl
    return self._call_impl(*args, **kwargs)
           ^^^^^^^^^^^^^^^^^^^^^^^^^^^^^^^^
  File "/opt/conda/lib/python3.12/site-packages/torch/nn/modules/module.py", line 1882, in _call_impl
    return inner()
           ^^^^^^^
  File "/opt/conda/lib/python3.12/site-packages/torch/nn/modules/module.py", line 1830, in inner
    result = forward_call(*args, **kwargs)
             ^^^^^^^^^^^^^^^^^^^^^^^^^^^^^
  File "/workspace/OLMo-core/src/olmo_core/nn/transformer/model.py", line 566, in forward
    h = block(h, **all_block_kwargs, **block_kwargs)
        ^^^^^^^^^^^^^^^^^^^^^^^^^^^^^^^^^^^^^^^^^^^^
  File "/opt/conda/lib/python3.12/site-packages/torch/nn/modules/module.py", line 1774, in _wrapped_call_impl
    return self._compiled_call_impl(*args, **kwargs)  # type: ignore[misc]
           ^^^^^^^^^^^^^^^^^^^^^^^^^^^^^^^^^^^^^^^^^
  File "/opt/conda/lib/python3.12/site-packages/torch/_dynamo/eval_frame.py", line 967, in compile_wrapper
    raise e.remove_dynamo_frames() from None  # see TORCHDYNAMO_VERBOSE=1
    ^^^^^^^^^^^^^^^^^^^^^^^^^^^^^^^^^^^^^^^^
  File "/opt/conda/lib/python3.12/site-packages/torch/_inductor/compile_fx.py", line 1019, in _compile_fx_inner
    raise InductorError(e, currentframe()).with_traceback(
  File "/opt/conda/lib/python3.12/site-packages/torch/_inductor/compile_fx.py", line 1003, in _compile_fx_inner
    mb_compiled_graph = fx_codegen_and_compile(
                        ^^^^^^^^^^^^^^^^^^^^^^^
  File "/opt/conda/lib/python3.12/site-packages/torch/_inductor/compile_fx.py", line 1766, in fx_codegen_and_compile
    return scheme.codegen_and_compile(gm, example_inputs, inputs_to_check, graph_kwargs)
           ^^^^^^^^^^^^^^^^^^^^^^^^^^^^^^^^^^^^^^^^^^^^^^^^^^^^^^^^^^^^^^^^^^^^^^^^^^^^^
  File "/opt/conda/lib/python3.12/site-packages/torch/_inductor/compile_fx.py", line 1241, in codegen_and_compile
    torch._dynamo.repro.after_aot.save_graph_repro(
  File "/opt/conda/lib/python3.12/site-packages/torch/_dynamo/repro/after_aot.py", line 541, in save_graph_repro
    generate_compiler_repro_string(
  File "/opt/conda/lib/python3.12/site-packages/torch/_dynamo/repro/after_aot.py", line 378, in generate_compiler_repro_string
    model_str += _cuda_system_info_comment()
                 ^^^^^^^^^^^^^^^^^^^^^^^^^^^
  File "/opt/conda/lib/python3.12/site-packages/torch/_dynamo/debug_utils.py", line 265, in _cuda_system_info_comment
    cuda_version_out = subprocess.check_output(["nvcc", "--version"])
                       ^^^^^^^^^^^^^^^^^^^^^^^^^^^^^^^^^^^^^^^^^^^^^^
  File "/opt/conda/lib/python3.12/subprocess.py", line 466, in check_output
    return run(*popenargs, stdout=PIPE, timeout=timeout, check=True,
           ^^^^^^^^^^^^^^^^^^^^^^^^^^^^^^^^^^^^^^^^^^^^^^^^^^^^^^^^^
  File "/opt/conda/lib/python3.12/subprocess.py", line 548, in run
    with Popen(*popenargs, **kwargs) as process:
         ^^^^^^^^^^^^^^^^^^^^^^^^^^^
  File "/opt/conda/lib/python3.12/subprocess.py", line 1026, in __init__
    self._execute_child(args, executable, preexec_fn, close_fds,
  File "/opt/conda/lib/python3.12/subprocess.py", line 1955, in _execute_child
    raise child_exception_type(errno_num, err_msg, err_filename)
torch._inductor.exc.InductorError: PermissionError: [Errno 13] Permission denied: 'nvcc'

Set TORCHDYNAMO_VERBOSE=1 for the internal stack trace (please do this especially if you're reporting a bug to PyTorch). For even more developer context, set TORCH_LOGS="+dynamo"

2026-06-07 12:22:45.631	hnode011:7	olmo_core.utils:400	CRITICAL	Uncaught InductorError: PermissionError: [Errno 13] Permission denied: 'nvcc'

Set TORCHDYNAMO_VERBOSE=1 for the internal stack trace (please do this especially if you're reporting a bug to PyTorch). For even more developer context, set TORCH_LOGS="+dynamo"
Traceback (most recent call last):
  File "/app/code/olmocore/sft_scripts/Olmo-3-7B-SFT-local.py", line 822, in <module>
    train(args.pretrain_checkpoint, config, args.no_save_tokenizer)
  File "/app/code/olmocore/sft_scripts/Olmo-3-7B-SFT-local.py", line 727, in train
    trainer.fit()
  File "/workspace/OLMo-core/src/olmo_core/train/trainer.py", line 739, in fit
    self._dry_run_batch()
  File "/workspace/OLMo-core/src/olmo_core/train/trainer.py", line 1463, in _dry_run_batch
    self.train_module.train_batch(batch, dry_run=True)
  File "/workspace/OLMo-core/src/olmo_core/train/train_module/transformer/train_module.py", line 402, in train_batch
    _, loss, ce_loss, z_loss = self.model_forward(
                               ^^^^^^^^^^^^^^^^^^^
  File "/workspace/OLMo-core/src/olmo_core/train/train_module/transformer/train_module.py", line 548, in model_forward
    return self.model(input_ids, labels=labels, **kwargs)
           ^^^^^^^^^^^^^^^^^^^^^^^^^^^^^^^^^^^^^^^^^^^^^^
  File "/opt/conda/lib/python3.12/site-packages/torch/nn/modules/module.py", line 1776, in _wrapped_call_impl
    return self._call_impl(*args, **kwargs)
           ^^^^^^^^^^^^^^^^^^^^^^^^^^^^^^^^
  File "/opt/conda/lib/python3.12/site-packages/torch/nn/modules/module.py", line 1882, in _call_impl
    return inner()
           ^^^^^^^
  File "/opt/conda/lib/python3.12/site-packages/torch/nn/modules/module.py", line 1830, in inner
    result = forward_call(*args, **kwargs)
             ^^^^^^^^^^^^^^^^^^^^^^^^^^^^^
  File "/workspace/OLMo-core/src/olmo_core/nn/transformer/model.py", line 566, in forward
    h = block(h, **all_block_kwargs, **block_kwargs)
        ^^^^^^^^^^^^^^^^^^^^^^^^^^^^^^^^^^^^^^^^^^^^
  File "/opt/conda/lib/python3.12/site-packages/torch/nn/modules/module.py", line 1774, in _wrapped_call_impl
    return self._compiled_call_impl(*args, **kwargs)  # type: ignore[misc]
           ^^^^^^^^^^^^^^^^^^^^^^^^^^^^^^^^^^^^^^^^^
  File "/opt/conda/lib/python3.12/site-packages/torch/_dynamo/eval_frame.py", line 967, in compile_wrapper
    raise e.remove_dynamo_frames() from None  # see TORCHDYNAMO_VERBOSE=1
    ^^^^^^^^^^^^^^^^^^^^^^^^^^^^^^^^^^^^^^^^
  File "/opt/conda/lib/python3.12/site-packages/torch/_inductor/compile_fx.py", line 1019, in _compile_fx_inner
    raise InductorError(e, currentframe()).with_traceback(
  File "/opt/conda/lib/python3.12/site-packages/torch/_inductor/compile_fx.py", line 1003, in _compile_fx_inner
    mb_compiled_graph = fx_codegen_and_compile(
                        ^^^^^^^^^^^^^^^^^^^^^^^
  File "/opt/conda/lib/python3.12/site-packages/torch/_inductor/compile_fx.py", line 1766, in fx_codegen_and_compile
    return scheme.codegen_and_compile(gm, example_inputs, inputs_to_check, graph_kwargs)
           ^^^^^^^^^^^^^^^^^^^^^^^^^^^^^^^^^^^^^^^^^^^^^^^^^^^^^^^^^^^^^^^^^^^^^^^^^^^^^
  File "/opt/conda/lib/python3.12/site-packages/torch/_inductor/compile_fx.py", line 1241, in codegen_and_compile
    torch._dynamo.repro.after_aot.save_graph_repro(
  File "/opt/conda/lib/python3.12/site-packages/torch/_dynamo/repro/after_aot.py", line 541, in save_graph_repro
    generate_compiler_repro_string(
  File "/opt/conda/lib/python3.12/site-packages/torch/_dynamo/repro/after_aot.py", line 378, in generate_compiler_repro_string
    model_str += _cuda_system_info_comment()
                 ^^^^^^^^^^^^^^^^^^^^^^^^^^^
  File "/opt/conda/lib/python3.12/site-packages/torch/_dynamo/debug_utils.py", line 265, in _cuda_system_info_comment
    cuda_version_out = subprocess.check_output(["nvcc", "--version"])
                       ^^^^^^^^^^^^^^^^^^^^^^^^^^^^^^^^^^^^^^^^^^^^^^
  File "/opt/conda/lib/python3.12/subprocess.py", line 466, in check_output
    return run(*popenargs, stdout=PIPE, timeout=timeout, check=True,
           ^^^^^^^^^^^^^^^^^^^^^^^^^^^^^^^^^^^^^^^^^^^^^^^^^^^^^^^^^
  File "/opt/conda/lib/python3.12/subprocess.py", line 548, in run
    with Popen(*popenargs, **kwargs) as process:
         ^^^^^^^^^^^^^^^^^^^^^^^^^^^
  File "/opt/conda/lib/python3.12/subprocess.py", line 1026, in __init__
    self._execute_child(args, executable, preexec_fn, close_fds,
  File "/opt/conda/lib/python3.12/subprocess.py", line 1955, in _execute_child
    raise child_exception_type(errno_num, err_msg, err_filename)
torch._inductor.exc.InductorError: PermissionError: [Errno 13] Permission denied: 'nvcc'

Set TORCHDYNAMO_VERBOSE=1 for the internal stack trace (please do this especially if you're reporting a bug to PyTorch). For even more developer context, set TORCH_LOGS="+dynamo"

2026-06-07 12:22:45.642	hnode011:6	olmo_core.utils:400	CRITICAL	Uncaught InductorError: PermissionError: [Errno 13] Permission denied: 'nvcc'

Set TORCHDYNAMO_VERBOSE=1 for the internal stack trace (please do this especially if you're reporting a bug to PyTorch). For even more developer context, set TORCH_LOGS="+dynamo"
Traceback (most recent call last):
  File "/app/code/olmocore/sft_scripts/Olmo-3-7B-SFT-local.py", line 822, in <module>
    train(args.pretrain_checkpoint, config, args.no_save_tokenizer)
  File "/app/code/olmocore/sft_scripts/Olmo-3-7B-SFT-local.py", line 727, in train
    trainer.fit()
  File "/workspace/OLMo-core/src/olmo_core/train/trainer.py", line 739, in fit
    self._dry_run_batch()
  File "/workspace/OLMo-core/src/olmo_core/train/trainer.py", line 1463, in _dry_run_batch
    self.train_module.train_batch(batch, dry_run=True)
  File "/workspace/OLMo-core/src/olmo_core/train/train_module/transformer/train_module.py", line 402, in train_batch
    _, loss, ce_loss, z_loss = self.model_forward(
                               ^^^^^^^^^^^^^^^^^^^
  File "/workspace/OLMo-core/src/olmo_core/train/train_module/transformer/train_module.py", line 548, in model_forward
    return self.model(input_ids, labels=labels, **kwargs)
           ^^^^^^^^^^^^^^^^^^^^^^^^^^^^^^^^^^^^^^^^^^^^^^
  File "/opt/conda/lib/python3.12/site-packages/torch/nn/modules/module.py", line 1776, in _wrapped_call_impl
    return self._call_impl(*args, **kwargs)
           ^^^^^^^^^^^^^^^^^^^^^^^^^^^^^^^^
  File "/opt/conda/lib/python3.12/site-packages/torch/nn/modules/module.py", line 1882, in _call_impl
    return inner()
           ^^^^^^^
  File "/opt/conda/lib/python3.12/site-packages/torch/nn/modules/module.py", line 1830, in inner
    result = forward_call(*args, **kwargs)
             ^^^^^^^^^^^^^^^^^^^^^^^^^^^^^
  File "/workspace/OLMo-core/src/olmo_core/nn/transformer/model.py", line 566, in forward
    h = block(h, **all_block_kwargs, **block_kwargs)
        ^^^^^^^^^^^^^^^^^^^^^^^^^^^^^^^^^^^^^^^^^^^^
  File "/opt/conda/lib/python3.12/site-packages/torch/nn/modules/module.py", line 1774, in _wrapped_call_impl
    return self._compiled_call_impl(*args, **kwargs)  # type: ignore[misc]
           ^^^^^^^^^^^^^^^^^^^^^^^^^^^^^^^^^^^^^^^^^
  File "/opt/conda/lib/python3.12/site-packages/torch/_dynamo/eval_frame.py", line 967, in compile_wrapper
    raise e.remove_dynamo_frames() from None  # see TORCHDYNAMO_VERBOSE=1
    ^^^^^^^^^^^^^^^^^^^^^^^^^^^^^^^^^^^^^^^^
  File "/opt/conda/lib/python3.12/site-packages/torch/_inductor/compile_fx.py", line 1019, in _compile_fx_inner
    raise InductorError(e, currentframe()).with_traceback(
  File "/opt/conda/lib/python3.12/site-packages/torch/_inductor/compile_fx.py", line 1003, in _compile_fx_inner
    mb_compiled_graph = fx_codegen_and_compile(
                        ^^^^^^^^^^^^^^^^^^^^^^^
  File "/opt/conda/lib/python3.12/site-packages/torch/_inductor/compile_fx.py", line 1766, in fx_codegen_and_compile
    return scheme.codegen_and_compile(gm, example_inputs, inputs_to_check, graph_kwargs)
           ^^^^^^^^^^^^^^^^^^^^^^^^^^^^^^^^^^^^^^^^^^^^^^^^^^^^^^^^^^^^^^^^^^^^^^^^^^^^^
  File "/opt/conda/lib/python3.12/site-packages/torch/_inductor/compile_fx.py", line 1241, in codegen_and_compile
    torch._dynamo.repro.after_aot.save_graph_repro(
  File "/opt/conda/lib/python3.12/site-packages/torch/_dynamo/repro/after_aot.py", line 541, in save_graph_repro
    generate_compiler_repro_string(
  File "/opt/conda/lib/python3.12/site-packages/torch/_dynamo/repro/after_aot.py", line 378, in generate_compiler_repro_string
    model_str += _cuda_system_info_comment()
                 ^^^^^^^^^^^^^^^^^^^^^^^^^^^
  File "/opt/conda/lib/python3.12/site-packages/torch/_dynamo/debug_utils.py", line 265, in _cuda_system_info_comment
    cuda_version_out = subprocess.check_output(["nvcc", "--version"])
                       ^^^^^^^^^^^^^^^^^^^^^^^^^^^^^^^^^^^^^^^^^^^^^^
  File "/opt/conda/lib/python3.12/subprocess.py", line 466, in check_output
    return run(*popenargs, stdout=PIPE, timeout=timeout, check=True,
           ^^^^^^^^^^^^^^^^^^^^^^^^^^^^^^^^^^^^^^^^^^^^^^^^^^^^^^^^^
  File "/opt/conda/lib/python3.12/subprocess.py", line 548, in run
    with Popen(*popenargs, **kwargs) as process:
         ^^^^^^^^^^^^^^^^^^^^^^^^^^^
  File "/opt/conda/lib/python3.12/subprocess.py", line 1026, in __init__
    self._execute_child(args, executable, preexec_fn, close_fds,
  File "/opt/conda/lib/python3.12/subprocess.py", line 1955, in _execute_child
    raise child_exception_type(errno_num, err_msg, err_filename)
torch._inductor.exc.InductorError: PermissionError: [Errno 13] Permission denied: 'nvcc'

Set TORCHDYNAMO_VERBOSE=1 for the internal stack trace (please do this especially if you're reporting a bug to PyTorch). For even more developer context, set TORCH_LOGS="+dynamo"

2026-06-07 12:22:45.651	hnode011:5	olmo_core.utils:400	CRITICAL	Uncaught InductorError: PermissionError: [Errno 13] Permission denied: 'nvcc'

Set TORCHDYNAMO_VERBOSE=1 for the internal stack trace (please do this especially if you're reporting a bug to PyTorch). For even more developer context, set TORCH_LOGS="+dynamo"
Traceback (most recent call last):
  File "/app/code/olmocore/sft_scripts/Olmo-3-7B-SFT-local.py", line 822, in <module>
    train(args.pretrain_checkpoint, config, args.no_save_tokenizer)
  File "/app/code/olmocore/sft_scripts/Olmo-3-7B-SFT-local.py", line 727, in train
    trainer.fit()
  File "/workspace/OLMo-core/src/olmo_core/train/trainer.py", line 739, in fit
    self._dry_run_batch()
  File "/workspace/OLMo-core/src/olmo_core/train/trainer.py", line 1463, in _dry_run_batch
    self.train_module.train_batch(batch, dry_run=True)
  File "/workspace/OLMo-core/src/olmo_core/train/train_module/transformer/train_module.py", line 402, in train_batch
    _, loss, ce_loss, z_loss = self.model_forward(
                               ^^^^^^^^^^^^^^^^^^^
  File "/workspace/OLMo-core/src/olmo_core/train/train_module/transformer/train_module.py", line 548, in model_forward
    return self.model(input_ids, labels=labels, **kwargs)
           ^^^^^^^^^^^^^^^^^^^^^^^^^^^^^^^^^^^^^^^^^^^^^^
  File "/opt/conda/lib/python3.12/site-packages/torch/nn/modules/module.py", line 1776, in _wrapped_call_impl
    return self._call_impl(*args, **kwargs)
           ^^^^^^^^^^^^^^^^^^^^^^^^^^^^^^^^
  File "/opt/conda/lib/python3.12/site-packages/torch/nn/modules/module.py", line 1882, in _call_impl
    return inner()
           ^^^^^^^
  File "/opt/conda/lib/python3.12/site-packages/torch/nn/modules/module.py", line 1830, in inner
    result = forward_call(*args, **kwargs)
             ^^^^^^^^^^^^^^^^^^^^^^^^^^^^^
  File "/workspace/OLMo-core/src/olmo_core/nn/transformer/model.py", line 566, in forward
    h = block(h, **all_block_kwargs, **block_kwargs)
        ^^^^^^^^^^^^^^^^^^^^^^^^^^^^^^^^^^^^^^^^^^^^
  File "/opt/conda/lib/python3.12/site-packages/torch/nn/modules/module.py", line 1774, in _wrapped_call_impl
    return self._compiled_call_impl(*args, **kwargs)  # type: ignore[misc]
           ^^^^^^^^^^^^^^^^^^^^^^^^^^^^^^^^^^^^^^^^^
  File "/opt/conda/lib/python3.12/site-packages/torch/_dynamo/eval_frame.py", line 967, in compile_wrapper
    raise e.remove_dynamo_frames() from None  # see TORCHDYNAMO_VERBOSE=1
    ^^^^^^^^^^^^^^^^^^^^^^^^^^^^^^^^^^^^^^^^
  File "/opt/conda/lib/python3.12/site-packages/torch/_inductor/compile_fx.py", line 1019, in _compile_fx_inner
    raise InductorError(e, currentframe()).with_traceback(
  File "/opt/conda/lib/python3.12/site-packages/torch/_inductor/compile_fx.py", line 1003, in _compile_fx_inner
    mb_compiled_graph = fx_codegen_and_compile(
                        ^^^^^^^^^^^^^^^^^^^^^^^
  File "/opt/conda/lib/python3.12/site-packages/torch/_inductor/compile_fx.py", line 1766, in fx_codegen_and_compile
    return scheme.codegen_and_compile(gm, example_inputs, inputs_to_check, graph_kwargs)
           ^^^^^^^^^^^^^^^^^^^^^^^^^^^^^^^^^^^^^^^^^^^^^^^^^^^^^^^^^^^^^^^^^^^^^^^^^^^^^
  File "/opt/conda/lib/python3.12/site-packages/torch/_inductor/compile_fx.py", line 1241, in codegen_and_compile
    torch._dynamo.repro.after_aot.save_graph_repro(
  File "/opt/conda/lib/python3.12/site-packages/torch/_dynamo/repro/after_aot.py", line 541, in save_graph_repro
    generate_compiler_repro_string(
  File "/opt/conda/lib/python3.12/site-packages/torch/_dynamo/repro/after_aot.py", line 378, in generate_compiler_repro_string
    model_str += _cuda_system_info_comment()
                 ^^^^^^^^^^^^^^^^^^^^^^^^^^^
  File "/opt/conda/lib/python3.12/site-packages/torch/_dynamo/debug_utils.py", line 265, in _cuda_system_info_comment
    cuda_version_out = subprocess.check_output(["nvcc", "--version"])
                       ^^^^^^^^^^^^^^^^^^^^^^^^^^^^^^^^^^^^^^^^^^^^^^
  File "/opt/conda/lib/python3.12/subprocess.py", line 466, in check_output
    return run(*popenargs, stdout=PIPE, timeout=timeout, check=True,
           ^^^^^^^^^^^^^^^^^^^^^^^^^^^^^^^^^^^^^^^^^^^^^^^^^^^^^^^^^
  File "/opt/conda/lib/python3.12/subprocess.py", line 548, in run
    with Popen(*popenargs, **kwargs) as process:
         ^^^^^^^^^^^^^^^^^^^^^^^^^^^
  File "/opt/conda/lib/python3.12/subprocess.py", line 1026, in __init__
    self._execute_child(args, executable, preexec_fn, close_fds,
  File "/opt/conda/lib/python3.12/subprocess.py", line 1955, in _execute_child
    raise child_exception_type(errno_num, err_msg, err_filename)
torch._inductor.exc.InductorError: PermissionError: [Errno 13] Permission denied: 'nvcc'

Set TORCHDYNAMO_VERBOSE=1 for the internal stack trace (please do this especially if you're reporting a bug to PyTorch). For even more developer context, set TORCH_LOGS="+dynamo"

2026-06-07 12:22:45.663	hnode011:2	olmo_core.utils:400	CRITICAL	Uncaught InductorError: PermissionError: [Errno 13] Permission denied: 'nvcc'

Set TORCHDYNAMO_VERBOSE=1 for the internal stack trace (please do this especially if you're reporting a bug to PyTorch). For even more developer context, set TORCH_LOGS="+dynamo"
Traceback (most recent call last):
  File "/app/code/olmocore/sft_scripts/Olmo-3-7B-SFT-local.py", line 822, in <module>
    train(args.pretrain_checkpoint, config, args.no_save_tokenizer)
  File "/app/code/olmocore/sft_scripts/Olmo-3-7B-SFT-local.py", line 727, in train
    trainer.fit()
  File "/workspace/OLMo-core/src/olmo_core/train/trainer.py", line 739, in fit
    self._dry_run_batch()
  File "/workspace/OLMo-core/src/olmo_core/train/trainer.py", line 1463, in _dry_run_batch
    self.train_module.train_batch(batch, dry_run=True)
  File "/workspace/OLMo-core/src/olmo_core/train/train_module/transformer/train_module.py", line 402, in train_batch
    _, loss, ce_loss, z_loss = self.model_forward(
                               ^^^^^^^^^^^^^^^^^^^
  File "/workspace/OLMo-core/src/olmo_core/train/train_module/transformer/train_module.py", line 548, in model_forward
    return self.model(input_ids, labels=labels, **kwargs)
           ^^^^^^^^^^^^^^^^^^^^^^^^^^^^^^^^^^^^^^^^^^^^^^
  File "/opt/conda/lib/python3.12/site-packages/torch/nn/modules/module.py", line 1776, in _wrapped_call_impl
    return self._call_impl(*args, **kwargs)
           ^^^^^^^^^^^^^^^^^^^^^^^^^^^^^^^^
  File "/opt/conda/lib/python3.12/site-packages/torch/nn/modules/module.py", line 1882, in _call_impl
    return inner()
           ^^^^^^^
  File "/opt/conda/lib/python3.12/site-packages/torch/nn/modules/module.py", line 1830, in inner
    result = forward_call(*args, **kwargs)
             ^^^^^^^^^^^^^^^^^^^^^^^^^^^^^
  File "/workspace/OLMo-core/src/olmo_core/nn/transformer/model.py", line 566, in forward
    h = block(h, **all_block_kwargs, **block_kwargs)
        ^^^^^^^^^^^^^^^^^^^^^^^^^^^^^^^^^^^^^^^^^^^^
  File "/opt/conda/lib/python3.12/site-packages/torch/nn/modules/module.py", line 1774, in _wrapped_call_impl
    return self._compiled_call_impl(*args, **kwargs)  # type: ignore[misc]
           ^^^^^^^^^^^^^^^^^^^^^^^^^^^^^^^^^^^^^^^^^
  File "/opt/conda/lib/python3.12/site-packages/torch/_dynamo/eval_frame.py", line 967, in compile_wrapper
    raise e.remove_dynamo_frames() from None  # see TORCHDYNAMO_VERBOSE=1
    ^^^^^^^^^^^^^^^^^^^^^^^^^^^^^^^^^^^^^^^^
  File "/opt/conda/lib/python3.12/site-packages/torch/_inductor/compile_fx.py", line 1019, in _compile_fx_inner
    raise InductorError(e, currentframe()).with_traceback(
  File "/opt/conda/lib/python3.12/site-packages/torch/_inductor/compile_fx.py", line 1003, in _compile_fx_inner
    mb_compiled_graph = fx_codegen_and_compile(
                        ^^^^^^^^^^^^^^^^^^^^^^^
  File "/opt/conda/lib/python3.12/site-packages/torch/_inductor/compile_fx.py", line 1766, in fx_codegen_and_compile
    return scheme.codegen_and_compile(gm, example_inputs, inputs_to_check, graph_kwargs)
           ^^^^^^^^^^^^^^^^^^^^^^^^^^^^^^^^^^^^^^^^^^^^^^^^^^^^^^^^^^^^^^^^^^^^^^^^^^^^^
  File "/opt/conda/lib/python3.12/site-packages/torch/_inductor/compile_fx.py", line 1241, in codegen_and_compile
    torch._dynamo.repro.after_aot.save_graph_repro(
  File "/opt/conda/lib/python3.12/site-packages/torch/_dynamo/repro/after_aot.py", line 541, in save_graph_repro
    generate_compiler_repro_string(
  File "/opt/conda/lib/python3.12/site-packages/torch/_dynamo/repro/after_aot.py", line 378, in generate_compiler_repro_string
    model_str += _cuda_system_info_comment()
                 ^^^^^^^^^^^^^^^^^^^^^^^^^^^
  File "/opt/conda/lib/python3.12/site-packages/torch/_dynamo/debug_utils.py", line 265, in _cuda_system_info_comment
    cuda_version_out = subprocess.check_output(["nvcc", "--version"])
                       ^^^^^^^^^^^^^^^^^^^^^^^^^^^^^^^^^^^^^^^^^^^^^^
  File "/opt/conda/lib/python3.12/subprocess.py", line 466, in check_output
    return run(*popenargs, stdout=PIPE, timeout=timeout, check=True,
           ^^^^^^^^^^^^^^^^^^^^^^^^^^^^^^^^^^^^^^^^^^^^^^^^^^^^^^^^^
  File "/opt/conda/lib/python3.12/subprocess.py", line 548, in run
    with Popen(*popenargs, **kwargs) as process:
         ^^^^^^^^^^^^^^^^^^^^^^^^^^^
  File "/opt/conda/lib/python3.12/subprocess.py", line 1026, in __init__
    self._execute_child(args, executable, preexec_fn, close_fds,
  File "/opt/conda/lib/python3.12/subprocess.py", line 1955, in _execute_child
    raise child_exception_type(errno_num, err_msg, err_filename)
torch._inductor.exc.InductorError: PermissionError: [Errno 13] Permission denied: 'nvcc'

Set TORCHDYNAMO_VERBOSE=1 for the internal stack trace (please do this especially if you're reporting a bug to PyTorch). For even more developer context, set TORCH_LOGS="+dynamo"

2026-06-07 12:22:45.672	hnode011:3	olmo_core.utils:400	CRITICAL	Uncaught InductorError: PermissionError: [Errno 13] Permission denied: 'nvcc'

Set TORCHDYNAMO_VERBOSE=1 for the internal stack trace (please do this especially if you're reporting a bug to PyTorch). For even more developer context, set TORCH_LOGS="+dynamo"
Traceback (most recent call last):
  File "/app/code/olmocore/sft_scripts/Olmo-3-7B-SFT-local.py", line 822, in <module>
    train(args.pretrain_checkpoint, config, args.no_save_tokenizer)
  File "/app/code/olmocore/sft_scripts/Olmo-3-7B-SFT-local.py", line 727, in train
    trainer.fit()
  File "/workspace/OLMo-core/src/olmo_core/train/trainer.py", line 739, in fit
    self._dry_run_batch()
  File "/workspace/OLMo-core/src/olmo_core/train/trainer.py", line 1463, in _dry_run_batch
    self.train_module.train_batch(batch, dry_run=True)
  File "/workspace/OLMo-core/src/olmo_core/train/train_module/transformer/train_module.py", line 402, in train_batch
    _, loss, ce_loss, z_loss = self.model_forward(
                               ^^^^^^^^^^^^^^^^^^^
  File "/workspace/OLMo-core/src/olmo_core/train/train_module/transformer/train_module.py", line 548, in model_forward
    return self.model(input_ids, labels=labels, **kwargs)
           ^^^^^^^^^^^^^^^^^^^^^^^^^^^^^^^^^^^^^^^^^^^^^^
  File "/opt/conda/lib/python3.12/site-packages/torch/nn/modules/module.py", line 1776, in _wrapped_call_impl
    return self._call_impl(*args, **kwargs)
           ^^^^^^^^^^^^^^^^^^^^^^^^^^^^^^^^
  File "/opt/conda/lib/python3.12/site-packages/torch/nn/modules/module.py", line 1882, in _call_impl
    return inner()
           ^^^^^^^
  File "/opt/conda/lib/python3.12/site-packages/torch/nn/modules/module.py", line 1830, in inner
    result = forward_call(*args, **kwargs)
             ^^^^^^^^^^^^^^^^^^^^^^^^^^^^^
  File "/workspace/OLMo-core/src/olmo_core/nn/transformer/model.py", line 566, in forward
    h = block(h, **all_block_kwargs, **block_kwargs)
        ^^^^^^^^^^^^^^^^^^^^^^^^^^^^^^^^^^^^^^^^^^^^
  File "/opt/conda/lib/python3.12/site-packages/torch/nn/modules/module.py", line 1774, in _wrapped_call_impl
    return self._compiled_call_impl(*args, **kwargs)  # type: ignore[misc]
           ^^^^^^^^^^^^^^^^^^^^^^^^^^^^^^^^^^^^^^^^^
  File "/opt/conda/lib/python3.12/site-packages/torch/_dynamo/eval_frame.py", line 967, in compile_wrapper
    raise e.remove_dynamo_frames() from None  # see TORCHDYNAMO_VERBOSE=1
    ^^^^^^^^^^^^^^^^^^^^^^^^^^^^^^^^^^^^^^^^
  File "/opt/conda/lib/python3.12/site-packages/torch/_inductor/compile_fx.py", line 1019, in _compile_fx_inner
    raise InductorError(e, currentframe()).with_traceback(
  File "/opt/conda/lib/python3.12/site-packages/torch/_inductor/compile_fx.py", line 1003, in _compile_fx_inner
    mb_compiled_graph = fx_codegen_and_compile(
                        ^^^^^^^^^^^^^^^^^^^^^^^
  File "/opt/conda/lib/python3.12/site-packages/torch/_inductor/compile_fx.py", line 1766, in fx_codegen_and_compile
    return scheme.codegen_and_compile(gm, example_inputs, inputs_to_check, graph_kwargs)
           ^^^^^^^^^^^^^^^^^^^^^^^^^^^^^^^^^^^^^^^^^^^^^^^^^^^^^^^^^^^^^^^^^^^^^^^^^^^^^
  File "/opt/conda/lib/python3.12/site-packages/torch/_inductor/compile_fx.py", line 1241, in codegen_and_compile
    torch._dynamo.repro.after_aot.save_graph_repro(
  File "/opt/conda/lib/python3.12/site-packages/torch/_dynamo/repro/after_aot.py", line 541, in save_graph_repro
    generate_compiler_repro_string(
  File "/opt/conda/lib/python3.12/site-packages/torch/_dynamo/repro/after_aot.py", line 378, in generate_compiler_repro_string
    model_str += _cuda_system_info_comment()
                 ^^^^^^^^^^^^^^^^^^^^^^^^^^^
  File "/opt/conda/lib/python3.12/site-packages/torch/_dynamo/debug_utils.py", line 265, in _cuda_system_info_comment
    cuda_version_out = subprocess.check_output(["nvcc", "--version"])
                       ^^^^^^^^^^^^^^^^^^^^^^^^^^^^^^^^^^^^^^^^^^^^^^
  File "/opt/conda/lib/python3.12/subprocess.py", line 466, in check_output
    return run(*popenargs, stdout=PIPE, timeout=timeout, check=True,
           ^^^^^^^^^^^^^^^^^^^^^^^^^^^^^^^^^^^^^^^^^^^^^^^^^^^^^^^^^
  File "/opt/conda/lib/python3.12/subprocess.py", line 548, in run
    with Popen(*popenargs, **kwargs) as process:
         ^^^^^^^^^^^^^^^^^^^^^^^^^^^
  File "/opt/conda/lib/python3.12/subprocess.py", line 1026, in __init__
    self._execute_child(args, executable, preexec_fn, close_fds,
  File "/opt/conda/lib/python3.12/subprocess.py", line 1955, in _execute_child
    raise child_exception_type(errno_num, err_msg, err_filename)
torch._inductor.exc.InductorError: PermissionError: [Errno 13] Permission denied: 'nvcc'

Set TORCHDYNAMO_VERBOSE=1 for the internal stack trace (please do this especially if you're reporting a bug to PyTorch). For even more developer context, set TORCH_LOGS="+dynamo"

2026-06-07 12:22:45.672	hnode011:1	olmo_core.utils:400	CRITICAL	Uncaught InductorError: PermissionError: [Errno 13] Permission denied: 'nvcc'

Set TORCHDYNAMO_VERBOSE=1 for the internal stack trace (please do this especially if you're reporting a bug to PyTorch). For even more developer context, set TORCH_LOGS="+dynamo"
Traceback (most recent call last):
  File "/app/code/olmocore/sft_scripts/Olmo-3-7B-SFT-local.py", line 822, in <module>
    train(args.pretrain_checkpoint, config, args.no_save_tokenizer)
  File "/app/code/olmocore/sft_scripts/Olmo-3-7B-SFT-local.py", line 727, in train
    trainer.fit()
  File "/workspace/OLMo-core/src/olmo_core/train/trainer.py", line 739, in fit
    self._dry_run_batch()
  File "/workspace/OLMo-core/src/olmo_core/train/trainer.py", line 1463, in _dry_run_batch
    self.train_module.train_batch(batch, dry_run=True)
  File "/workspace/OLMo-core/src/olmo_core/train/train_module/transformer/train_module.py", line 402, in train_batch
    _, loss, ce_loss, z_loss = self.model_forward(
                               ^^^^^^^^^^^^^^^^^^^
  File "/workspace/OLMo-core/src/olmo_core/train/train_module/transformer/train_module.py", line 548, in model_forward
    return self.model(input_ids, labels=labels, **kwargs)
           ^^^^^^^^^^^^^^^^^^^^^^^^^^^^^^^^^^^^^^^^^^^^^^
  File "/opt/conda/lib/python3.12/site-packages/torch/nn/modules/module.py", line 1776, in _wrapped_call_impl
    return self._call_impl(*args, **kwargs)
           ^^^^^^^^^^^^^^^^^^^^^^^^^^^^^^^^
  File "/opt/conda/lib/python3.12/site-packages/torch/nn/modules/module.py", line 1882, in _call_impl
    return inner()
           ^^^^^^^
  File "/opt/conda/lib/python3.12/site-packages/torch/nn/modules/module.py", line 1830, in inner
    result = forward_call(*args, **kwargs)
             ^^^^^^^^^^^^^^^^^^^^^^^^^^^^^
  File "/workspace/OLMo-core/src/olmo_core/nn/transformer/model.py", line 566, in forward
    h = block(h, **all_block_kwargs, **block_kwargs)
        ^^^^^^^^^^^^^^^^^^^^^^^^^^^^^^^^^^^^^^^^^^^^
  File "/opt/conda/lib/python3.12/site-packages/torch/nn/modules/module.py", line 1774, in _wrapped_call_impl
    return self._compiled_call_impl(*args, **kwargs)  # type: ignore[misc]
           ^^^^^^^^^^^^^^^^^^^^^^^^^^^^^^^^^^^^^^^^^
  File "/opt/conda/lib/python3.12/site-packages/torch/_dynamo/eval_frame.py", line 967, in compile_wrapper
    raise e.remove_dynamo_frames() from None  # see TORCHDYNAMO_VERBOSE=1
    ^^^^^^^^^^^^^^^^^^^^^^^^^^^^^^^^^^^^^^^^
  File "/opt/conda/lib/python3.12/site-packages/torch/_inductor/compile_fx.py", line 1019, in _compile_fx_inner
    raise InductorError(e, currentframe()).with_traceback(
  File "/opt/conda/lib/python3.12/site-packages/torch/_inductor/compile_fx.py", line 1003, in _compile_fx_inner
    mb_compiled_graph = fx_codegen_and_compile(
                        ^^^^^^^^^^^^^^^^^^^^^^^
  File "/opt/conda/lib/python3.12/site-packages/torch/_inductor/compile_fx.py", line 1766, in fx_codegen_and_compile
    return scheme.codegen_and_compile(gm, example_inputs, inputs_to_check, graph_kwargs)
           ^^^^^^^^^^^^^^^^^^^^^^^^^^^^^^^^^^^^^^^^^^^^^^^^^^^^^^^^^^^^^^^^^^^^^^^^^^^^^
  File "/opt/conda/lib/python3.12/site-packages/torch/_inductor/compile_fx.py", line 1241, in codegen_and_compile
    torch._dynamo.repro.after_aot.save_graph_repro(
  File "/opt/conda/lib/python3.12/site-packages/torch/_dynamo/repro/after_aot.py", line 541, in save_graph_repro
    generate_compiler_repro_string(
  File "/opt/conda/lib/python3.12/site-packages/torch/_dynamo/repro/after_aot.py", line 378, in generate_compiler_repro_string
    model_str += _cuda_system_info_comment()
                 ^^^^^^^^^^^^^^^^^^^^^^^^^^^
  File "/opt/conda/lib/python3.12/site-packages/torch/_dynamo/debug_utils.py", line 265, in _cuda_system_info_comment
    cuda_version_out = subprocess.check_output(["nvcc", "--version"])
                       ^^^^^^^^^^^^^^^^^^^^^^^^^^^^^^^^^^^^^^^^^^^^^^
  File "/opt/conda/lib/python3.12/subprocess.py", line 466, in check_output
    return run(*popenargs, stdout=PIPE, timeout=timeout, check=True,
           ^^^^^^^^^^^^^^^^^^^^^^^^^^^^^^^^^^^^^^^^^^^^^^^^^^^^^^^^^
  File "/opt/conda/lib/python3.12/subprocess.py", line 548, in run
    with Popen(*popenargs, **kwargs) as process:
         ^^^^^^^^^^^^^^^^^^^^^^^^^^^
  File "/opt/conda/lib/python3.12/subprocess.py", line 1026, in __init__
    self._execute_child(args, executable, preexec_fn, close_fds,
  File "/opt/conda/lib/python3.12/subprocess.py", line 1955, in _execute_child
    raise child_exception_type(errno_num, err_msg, err_filename)
torch._inductor.exc.InductorError: PermissionError: [Errno 13] Permission denied: 'nvcc'

Set TORCHDYNAMO_VERBOSE=1 for the internal stack trace (please do this especially if you're reporting a bug to PyTorch). For even more developer context, set TORCH_LOGS="+dynamo"

2026-06-07 12:22:45.723	hnode011:0	olmo_core.utils:400	CRITICAL	Uncaught InductorError: PermissionError: [Errno 13] Permission denied: 'nvcc'

Set TORCHDYNAMO_VERBOSE=1 for the internal stack trace (please do this especially if you're reporting a bug to PyTorch). For even more developer context, set TORCH_LOGS="+dynamo"
Traceback (most recent call last):
  File "/app/code/olmocore/sft_scripts/Olmo-3-7B-SFT-local.py", line 822, in <module>
    train(args.pretrain_checkpoint, config, args.no_save_tokenizer)
  File "/app/code/olmocore/sft_scripts/Olmo-3-7B-SFT-local.py", line 727, in train
    trainer.fit()
  File "/workspace/OLMo-core/src/olmo_core/train/trainer.py", line 739, in fit
    self._dry_run_batch()
  File "/workspace/OLMo-core/src/olmo_core/train/trainer.py", line 1463, in _dry_run_batch
    self.train_module.train_batch(batch, dry_run=True)
  File "/workspace/OLMo-core/src/olmo_core/train/train_module/transformer/train_module.py", line 402, in train_batch
    _, loss, ce_loss, z_loss = self.model_forward(
                               ^^^^^^^^^^^^^^^^^^^
  File "/workspace/OLMo-core/src/olmo_core/train/train_module/transformer/train_module.py", line 548, in model_forward
    return self.model(input_ids, labels=labels, **kwargs)
           ^^^^^^^^^^^^^^^^^^^^^^^^^^^^^^^^^^^^^^^^^^^^^^
  File "/opt/conda/lib/python3.12/site-packages/torch/nn/modules/module.py", line 1776, in _wrapped_call_impl
    return self._call_impl(*args, **kwargs)
           ^^^^^^^^^^^^^^^^^^^^^^^^^^^^^^^^
  File "/opt/conda/lib/python3.12/site-packages/torch/nn/modules/module.py", line 1882, in _call_impl
    return inner()
           ^^^^^^^
  File "/opt/conda/lib/python3.12/site-packages/torch/nn/modules/module.py", line 1830, in inner
    result = forward_call(*args, **kwargs)
             ^^^^^^^^^^^^^^^^^^^^^^^^^^^^^
  File "/workspace/OLMo-core/src/olmo_core/nn/transformer/model.py", line 566, in forward
    h = block(h, **all_block_kwargs, **block_kwargs)
        ^^^^^^^^^^^^^^^^^^^^^^^^^^^^^^^^^^^^^^^^^^^^
  File "/opt/conda/lib/python3.12/site-packages/torch/nn/modules/module.py", line 1774, in _wrapped_call_impl
    return self._compiled_call_impl(*args, **kwargs)  # type: ignore[misc]
           ^^^^^^^^^^^^^^^^^^^^^^^^^^^^^^^^^^^^^^^^^
  File "/opt/conda/lib/python3.12/site-packages/torch/_dynamo/eval_frame.py", line 967, in compile_wrapper
    raise e.remove_dynamo_frames() from None  # see TORCHDYNAMO_VERBOSE=1
    ^^^^^^^^^^^^^^^^^^^^^^^^^^^^^^^^^^^^^^^^
  File "/opt/conda/lib/python3.12/site-packages/torch/_inductor/compile_fx.py", line 1019, in _compile_fx_inner
    raise InductorError(e, currentframe()).with_traceback(
  File "/opt/conda/lib/python3.12/site-packages/torch/_inductor/compile_fx.py", line 1003, in _compile_fx_inner
    mb_compiled_graph = fx_codegen_and_compile(
                        ^^^^^^^^^^^^^^^^^^^^^^^
  File "/opt/conda/lib/python3.12/site-packages/torch/_inductor/compile_fx.py", line 1766, in fx_codegen_and_compile
    return scheme.codegen_and_compile(gm, example_inputs, inputs_to_check, graph_kwargs)
           ^^^^^^^^^^^^^^^^^^^^^^^^^^^^^^^^^^^^^^^^^^^^^^^^^^^^^^^^^^^^^^^^^^^^^^^^^^^^^
  File "/opt/conda/lib/python3.12/site-packages/torch/_inductor/compile_fx.py", line 1241, in codegen_and_compile
    torch._dynamo.repro.after_aot.save_graph_repro(
  File "/opt/conda/lib/python3.12/site-packages/torch/_dynamo/repro/after_aot.py", line 541, in save_graph_repro
    generate_compiler_repro_string(
  File "/opt/conda/lib/python3.12/site-packages/torch/_dynamo/repro/after_aot.py", line 378, in generate_compiler_repro_string
    model_str += _cuda_system_info_comment()
                 ^^^^^^^^^^^^^^^^^^^^^^^^^^^
  File "/opt/conda/lib/python3.12/site-packages/torch/_dynamo/debug_utils.py", line 265, in _cuda_system_info_comment
    cuda_version_out = subprocess.check_output(["nvcc", "--version"])
                       ^^^^^^^^^^^^^^^^^^^^^^^^^^^^^^^^^^^^^^^^^^^^^^
  File "/opt/conda/lib/python3.12/subprocess.py", line 466, in check_output
    return run(*popenargs, stdout=PIPE, timeout=timeout, check=True,
           ^^^^^^^^^^^^^^^^^^^^^^^^^^^^^^^^^^^^^^^^^^^^^^^^^^^^^^^^^
  File "/opt/conda/lib/python3.12/subprocess.py", line 548, in run
    with Popen(*popenargs, **kwargs) as process:
         ^^^^^^^^^^^^^^^^^^^^^^^^^^^
  File "/opt/conda/lib/python3.12/subprocess.py", line 1026, in __init__
    self._execute_child(args, executable, preexec_fn, close_fds,
  File "/opt/conda/lib/python3.12/subprocess.py", line 1955, in _execute_child
    raise child_exception_type(errno_num, err_msg, err_filename)
torch._inductor.exc.InductorError: PermissionError: [Errno 13] Permission denied: 'nvcc'

Set TORCHDYNAMO_VERBOSE=1 for the internal stack trace (please do this especially if you're reporting a bug to PyTorch). For even more developer context, set TORCH_LOGS="+dynamo"

W0607 12:22:47.577000 833 site-packages/torch/distributed/elastic/multiprocessing/api.py:1010] Sending process 3295 closing signal SIGTERM
W0607 12:22:47.577000 833 site-packages/torch/distributed/elastic/multiprocessing/api.py:1010] Sending process 3296 closing signal SIGTERM
W0607 12:22:47.577000 833 site-packages/torch/distributed/elastic/multiprocessing/api.py:1010] Sending process 3297 closing signal SIGTERM
W0607 12:22:47.577000 833 site-packages/torch/distributed/elastic/multiprocessing/api.py:1010] Sending process 3298 closing signal SIGTERM
W0607 12:22:47.578000 833 site-packages/torch/distributed/elastic/multiprocessing/api.py:1010] Sending process 3299 closing signal SIGTERM
W0607 12:22:47.578000 833 site-packages/torch/distributed/elastic/multiprocessing/api.py:1010] Sending process 3300 closing signal SIGTERM
W0607 12:22:47.578000 833 site-packages/torch/distributed/elastic/multiprocessing/api.py:1010] Sending process 3301 closing signal SIGTERM
E0607 12:22:48.222000 833 site-packages/torch/distributed/elastic/multiprocessing/api.py:984] failed (exitcode: 1) local_rank: 7 (pid: 3302) of binary: /opt/conda/bin/python
Traceback (most recent call last):
  File "/opt/conda/bin/torchrun", line 33, in <module>
    sys.exit(load_entry_point('torch==2.10.0+cu130', 'console_scripts', 'torchrun')())
             ^^^^^^^^^^^^^^^^^^^^^^^^^^^^^^^^^^^^^^^^^^^^^^^^^^^^^^^^^^^^^^^^^^^^^^^^
  File "/opt/conda/lib/python3.12/site-packages/torch/distributed/elastic/multiprocessing/errors/__init__.py", line 362, in wrapper
    return f(*args, **kwargs)
           ^^^^^^^^^^^^^^^^^^
  File "/opt/conda/lib/python3.12/site-packages/torch/distributed/run.py", line 991, in main
    run(args)
  File "/opt/conda/lib/python3.12/site-packages/torch/distributed/run.py", line 982, in run
    elastic_launch(
  File "/opt/conda/lib/python3.12/site-packages/torch/distributed/launcher/api.py", line 170, in __call__
    return launch_agent(self._config, self._entrypoint, list(args))
           ^^^^^^^^^^^^^^^^^^^^^^^^^^^^^^^^^^^^^^^^^^^^^^^^^^^^^^^^
  File "/opt/conda/lib/python3.12/site-packages/torch/distributed/launcher/api.py", line 317, in launch_agent
    raise ChildFailedError(
torch.distributed.elastic.multiprocessing.errors.ChildFailedError: 
============================================================
/app/code/olmocore/sft_scripts/Olmo-3-7B-SFT-local.py FAILED
------------------------------------------------------------
Failures:
[1]:
  time      : 2026-06-07_12:22:48
  host      : hnode011
  rank      : 0 (local_rank: 0)
  exitcode  : 1 (pid: 3295)
  error_file: <N/A>
  traceback : To enable traceback see: https://pytorch.org/docs/stable/elastic/errors.html
[2]:
  time      : 2026-06-07_12:22:48
  host      : hnode011
  rank      : 1 (local_rank: 1)
  exitcode  : 1 (pid: 3296)
  error_file: <N/A>
  traceback : To enable traceback see: https://pytorch.org/docs/stable/elastic/errors.html
[3]:
  time      : 2026-06-07_12:22:48
  host      : hnode011
  rank      : 2 (local_rank: 2)
  exitcode  : 1 (pid: 3297)
  error_file: <N/A>
  traceback : To enable traceback see: https://pytorch.org/docs/stable/elastic/errors.html
[4]:
  time      : 2026-06-07_12:22:48
  host      : hnode011
  rank      : 3 (local_rank: 3)
  exitcode  : 1 (pid: 3298)
  error_file: <N/A>
  traceback : To enable traceback see: https://pytorch.org/docs/stable/elastic/errors.html
[5]:
  time      : 2026-06-07_12:22:48
  host      : hnode011
  rank      : 4 (local_rank: 4)
  exitcode  : 1 (pid: 3299)
  error_file: <N/A>
  traceback : To enable traceback see: https://pytorch.org/docs/stable/elastic/errors.html
[6]:
  time      : 2026-06-07_12:22:48
  host      : hnode011
  rank      : 5 (local_rank: 5)
  exitcode  : 1 (pid: 3300)
  error_file: <N/A>
  traceback : To enable traceback see: https://pytorch.org/docs/stable/elastic/errors.html
[7]:
  time      : 2026-06-07_12:22:48
  host      : hnode011
  rank      : 6 (local_rank: 6)
  exitcode  : 1 (pid: 3301)
  error_file: <N/A>
  traceback : To enable traceback see: https://pytorch.org/docs/stable/elastic/errors.html
------------------------------------------------------------
Root Cause (first observed failure):
[0]:
  time      : 2026-06-07_12:22:47
  host      : hnode011
  rank      : 7 (local_rank: 7)
  exitcode  : 1 (pid: 3302)
  error_file: <N/A>
  traceback : To enable traceback see: https://pytorch.org/docs/stable/elastic/errors.html
============================================================
